
OpenSBI v1.7
   ____                    _____ ____ _____
  / __ \                  / ____|  _ \_   _|
 | |  | |_ __   ___ _ __ | (___ | |_) || |
 | |  | | '_ \ / _ \ '_ \ \___ \|  _ < | |
 | |__| | |_) |  __/ | | |____) | |_) || |_
  \____/| .__/ \___|_| |_|_____/|____/_____|
        | |
        |_|

Platform Name               : riscv-virtio,qemu
Platform Features           : medeleg
Platform HART Count         : 1
Platform IPI Device         : aclint-mswi
Platform Timer Device       : aclint-mtimer @ 10000000Hz
Platform Console Device     : uart8250
Platform HSM Device         : ---
Platform PMU Device         : ---
Platform Reboot Device      : syscon-reboot
Platform Shutdown Device    : syscon-poweroff
Platform Suspend Device     : ---
Platform CPPC Device        : ---
Firmware Base               : 0x80000000
Firmware Size               : 317 KB
Firmware RW Offset          : 0x40000
Firmware RW Size            : 61 KB
Firmware Heap Offset        : 0x46000
Firmware Heap Size          : 37 KB (total), 2 KB (reserved), 11 KB (used), 23 KB (free)
Firmware Scratch Size       : 4096 B (total), 1400 B (used), 2696 B (free)
Runtime SBI Version         : 3.0
Standard SBI Extensions     : time,rfnc,ipi,base,hsm,srst,pmu,dbcn,fwft,legacy,dbtr,sse
Experimental SBI Extensions : none

Domain0 Name                : root
Domain0 Boot HART           : 0
Domain0 HARTs               : 0*
Domain0 Region00            : 0x0000000000100000-0x0000000000100fff M: (I,R,W) S/U: (R,W)
Domain0 Region01            : 0x0000000010000000-0x0000000010000fff M: (I,R,W) S/U: (R,W)
Domain0 Region02            : 0x0000000002000000-0x000000000200ffff M: (I,R,W) S/U: ()
Domain0 Region03            : 0x0000000080040000-0x000000008004ffff M: (R,W) S/U: ()
Domain0 Region04            : 0x0000000080000000-0x000000008003ffff M: (R,X) S/U: ()
Domain0 Region05            : 0x000000000c400000-0x000000000c5fffff M: (I,R,W) S/U: (R,W)
Domain0 Region06            : 0x000000000c000000-0x000000000c3fffff M: (I,R,W) S/U: (R,W)
Domain0 Region07            : 0x0000000000000000-0xffffffffffffffff M: () S/U: (R,W,X)
Domain0 Next Address        : 0x0000000080200000
Domain0 Next Arg1           : 0x0000000087e00000
Domain0 Next Mode           : S-mode
Domain0 SysReset            : yes
Domain0 SysSuspend          : yes

Boot HART ID                : 0
Boot HART Domain            : root
Boot HART Priv Version      : v1.12
Boot HART Base ISA          : rv64imafdch
Boot HART ISA Extensions    : sstc,zicntr,zihpm,zicboz,zicbom,sdtrig,svadu
Boot HART PMP Count         : 16
Boot HART PMP Granularity   : 2 bits
Boot HART PMP Address Bits  : 54
Boot HART MHPM Info         : 16 (0x0007fff8)
Boot HART Debug Triggers    : 2 triggers
Boot HART MIDELEG           : 0x0000000000001666
Boot HART MEDELEG           : 0x0000000000f4b509
[kernel] Hello, world!
[34m[ INFO] .text [0x80200000, 0x8021c000)[0m
[34m[ INFO] .rodata [0x8021c000, 0x80223000)[0m
[34m[ INFO] .data [0x80223000, 0x80225000)[0m
[34m[ INFO] .bss [0x80225000, 0x82236000)[0m
[34m[ INFO] mapping .text section[0m
[34m[ INFO] mapping .rodata section[0m
[34m[ INFO] mapping .data section[0m
[34m[ INFO] mapping .bss section[0m
[34m[ INFO] mapping physical memory[0m
[34m[ INFO] mapping memory-mapped registers[0m
remap_test passed!
/**** APPS ****
[34m[ INFO] device features: SEG_MAX | GEOMETRY | BLK_SIZE | SCSI | FLUSH | TOPOLOGY | CONFIG_WCE | DISCARD | WRITE_ZEROES | NOTIFY_ON_EMPTY | RING_INDIRECT_DESC | RING_EVENT_IDX[0m
[34m[ INFO] config: BlkConfig { capacity: Volatile(32768), size_max: Volatile(0), seg_max: Volatile(254), cylinders: Volatile(32), heads: Volatile(16), sectors: Volatile(63), blk_size: Volatile(512), physical_block_exp: Volatile(0), alignment_offset: Volatile(0), min_io_size: Volatile(0), opt_io_size: Volatile(0) }[0m
[34m[ INFO] found a block device of size 16384KB[0m
ch2b_bad_address
ch2b_bad_instructions
ch2b_bad_register
ch2b_hello_world
ch2b_power_3
ch2b_power_5
ch2b_power_7
ch3_sleep
ch3_sleep1
ch3_trace
ch3b_yield0
ch3b_yield1
ch3b_yield2
ch4_mmap0
ch4_mmap1
ch4_mmap2
ch4_mmap3
ch4_trace1
ch4_unmap
ch4_unmap2
ch4b_sbrk
ch5_exit0
ch5_exit1
ch5_getpid
ch5_setprio
ch5_spawn0
ch5_spawn1
ch5_stride
ch5_stride0
ch5_stride1
ch5_stride2
ch5_stride3
ch5_stride4
ch5_stride5
ch5_usertest
ch5b_exit
ch5b_forktest
ch5b_forktest2
ch5b_forktest_simple
ch5b_forktree
ch5b_initproc
ch5b_user_shell
ch5b_usertest
ch6_file0
ch6_file1
ch6_file2
ch6_file3
ch6_usertest
ch6b_cat
ch6b_filetest_simple
ch6b_initproc
ch6b_user_shell
ch6b_usertest
ch7_usertest
ch7b_cat
ch7b_initproc
ch7b_pipe_large_test
ch7b_pipetest
ch7b_run_pipe_test
ch7b_sig_simple
ch7b_sig_simple2
ch7b_sig_tests
ch7b_user_shell
ch7b_usertest
ch7b_yield
**************/
[90m[TRACE] kernel:pid[0] sys_fork[0m
[90m[TRACE] kernel:pid[1] sys_exec[0m
[90m[TRACE] kernel:pid[1] sys_write[0m
Rust user shell
[90m[TRACE] kernel:pid[1] sys_write[0m
>> [90m[TRACE] kernel:pid[1] sys_read[0m
[90m[TRACE] kernel: sys_read .. file.read[0m
[90m[TRACE] kernel:pid[1] sys_write[0m
c[90m[TRACE] kernel:pid[1] sys_read[0m
[90m[TRACE] kernel: sys_read .. file.read[0m
[90m[TRACE] kernel:pid[1] sys_write[0m
h[90m[TRACE] kernel:pid[1] sys_read[0m
[90m[TRACE] kernel: sys_read .. file.read[0m
[90m[TRACE] kernel:pid[1] sys_write[0m
7[90m[TRACE] kernel:pid[1] sys_read[0m
[90m[TRACE] kernel: sys_read .. file.read[0m
[90m[TRACE] kernel:pid[1] sys_write[0m
b[90m[TRACE] kernel:pid[1] sys_read[0m
[90m[TRACE] kernel: sys_read .. file.read[0m
[90m[TRACE] kernel:pid[1] sys_write[0m
_[90m[TRACE] kernel:pid[1] sys_read[0m
[90m[TRACE] kernel: sys_read .. file.read[0m
[90m[TRACE] kernel:pid[1] sys_write[0m
s[90m[TRACE] kernel:pid[1] sys_read[0m
[90m[TRACE] kernel: sys_read .. file.read[0m
[90m[TRACE] kernel:pid[1] sys_write[0m
i[90m[TRACE] kernel:pid[1] sys_read[0m
[90m[TRACE] kernel: sys_read .. file.read[0m
[90m[TRACE] kernel:pid[1] sys_write[0m
g[90m[TRACE] kernel:pid[1] sys_read[0m
[90m[TRACE] kernel: sys_read .. file.read[0m
[90m[TRACE] kernel:pid[1] sys_write[0m
_[90m[TRACE] kernel:pid[1] sys_read[0m
[90m[TRACE] kernel: sys_read .. file.read[0m
[90m[TRACE] kernel:pid[1] sys_write[0m
t[90m[TRACE] kernel:pid[1] sys_read[0m
[90m[TRACE] kernel: sys_read .. file.read[0m
[90m[TRACE] kernel:pid[1] sys_write[0m
e[90m[TRACE] kernel:pid[1] sys_read[0m
[90m[TRACE] kernel: sys_read .. file.read[0m
[90m[TRACE] kernel:pid[1] sys_write[0m
s[90m[TRACE] kernel:pid[1] sys_read[0m
[90m[TRACE] kernel: sys_read .. file.read[0m
[90m[TRACE] kernel:pid[1] sys_write[0m
t[90m[TRACE] kernel:pid[1] sys_read[0m
[90m[TRACE] kernel: sys_read .. file.read[0m
[90m[TRACE] kernel:pid[1] sys_write[0m
s[90m[TRACE] kernel:pid[1] sys_read[0m
[90m[TRACE] kernel: sys_read .. file.read[0m
[90m[TRACE] kernel:pid[1] sys_write[0m

[90m[TRACE] kernel:pid[1] sys_fork[0m
[90m[TRACE] kernel:pid[2] sys_exec[0m
[90m[TRACE] kernel:pid[2] sys_write[0m
Testing user_sig_test_failsignum
[90m[TRACE] kernel:pid[2] sys_fork[0m
[90m[TRACE] kernel:pid[3] sys_sigaction[0m
[90m[TRACE] kernel:pid[3] sys_write[0m
[90m[TRACE] kernel:pid[3] sys_exit[0m
[90m[TRACE] kernel:pid[2] sys_write[0m
OK!
[90m[TRACE] kernel:pid[2] sys_write[0m
Testing user_sig_test_kill
[90m[TRACE] kernel:pid[2] sys_fork[0m
[90m[TRACE] kernel:pid[3] sys_sigaction[0m
[90m[TRACE] kernel: sys_getpid pid:3[0m
[90m[TRACE] kernel:pid[3] sys_kill[0m
[90m[TRACE] kernel:pid[3] sys_write[0m
func triggered
[90m[TRACE] kernel:pid[3] sys_sigreturn[0m
[90m[TRACE] kernel:pid[3] sys_write[0m
[90m[TRACE] kernel:pid[3] sys_exit[0m
[90m[TRACE] kernel:pid[2] sys_write[0m
OK!
[90m[TRACE] kernel:pid[2] sys_write[0m
Testing user_sig_test_multiprocsignals
[90m[TRACE] kernel:pid[2] sys_fork[0m
[90m[TRACE] kernel:pid[3] sys_fork[0m
[90m[TRACE] kernel:pid[3] sys_kill[0m
[90m[TRACE] kernel:pid[4] sys_sigaction[0m
[90m[TRACE] kernel:pid[4] sys_write[0m
func triggered
[90m[TRACE] kernel:pid[4] sys_sigreturn[0m
[90m[TRACE] kernel:pid[4] sys_write[0m
[90m[TRACE] kernel:pid[4] sys_exit[0m
[90m[TRACE] kernel:pid[3] sys_write[0m
[90m[TRACE] kernel:pid[3] sys_exit[0m
[90m[TRACE] kernel:pid[2] sys_write[0m
OK!
[90m[TRACE] kernel:pid[2] sys_write[0m
Testing user_sig_test_restore
[90m[TRACE] kernel:pid[2] sys_fork[0m
[90m[TRACE] kernel:pid[3] sys_sigaction[0m
[90m[TRACE] kernel:pid[3] sys_sigaction[0m
[90m[TRACE] kernel:pid[3] sys_write[0m
[90m[TRACE] kernel:pid[3] sys_exit[0m
[90m[TRACE] kernel:pid[2] sys_write[0m
OK!
[90m[TRACE] kernel:pid[2] sys_write[0m
Testing kernel_sig_test_ignore
[90m[TRACE] kernel:pid[2] sys_fork[0m
[90m[TRACE] kernel:pid[3] sys_sigprocmask[0m
[90m[TRACE] kernel: sys_getpid pid:3[0m
[90m[TRACE] kernel:pid[3] sys_kill[0m
[90m[TRACE] kernel:pid[3] sys_write[0m
[90m[TRACE] kernel:pid[3] sys_exit[0m
[90m[TRACE] kernel:pid[2] sys_write[0m
OK!
[90m[TRACE] kernel:pid[2] sys_write[0m
Testing kernel_sig_test_stop_cont
[90m[TRACE] kernel:pid[2] sys_fork[0m
[90m[TRACE] kernel:pid[3] sys_fork[0m
[90m[TRACE] kernel:pid[3] sys_get_time[0m
[90m[TRACE] kernel:pid[3] sys_get_time[0m
[90m[TRACE] kernel: sys_getpid pid:4[0m
[90m[TRACE] kernel:pid[3] sys_get_time[0m
[90m[TRACE] kernel:pid[4] sys_kill[0m
[90m[TRACE] kernel:pid[3] sys_get_time[0m
[90m[TRACE] kernel:pid[3] sys_get_time[0m
[90m[TRACE] kernel:pid[3] sys_get_time[0m
[90m[TRACE] kernel:pid[3] sys_get_time[0m
[90m[TRACE] kernel:pid[3] sys_get_time[0m
[90m[TRACE] kernel:pid[3] sys_get_time[0m
[90m[TRACE] kernel:pid[3] sys_get_time[0m
[90m[TRACE] kernel:pid[3] sys_get_time[0m
[90m[TRACE] kernel:pid[3] sys_get_time[0m
[90m[TRACE] kernel:pid[3] sys_get_time[0m
[90m[TRACE] kernel:pid[3] sys_get_time[0m
[90m[TRACE] kernel:pid[3] sys_get_time[0m
[90m[TRACE] kernel:pid[3] sys_get_time[0m
[90m[TRACE] kernel:pid[3] sys_get_time[0m
[90m[TRACE] kernel:pid[3] sys_get_time[0m
[90m[TRACE] kernel:pid[3] sys_get_time[0m
[90m[TRACE] kernel:pid[3] sys_get_time[0m
[90m[TRACE] kernel:pid[3] sys_get_time[0m
[90m[TRACE] kernel:pid[3] sys_get_time[0m
[90m[TRACE] kernel:pid[3] sys_get_time[0m
[90m[TRACE] kernel:pid[3] sys_get_time[0m
[90m[TRACE] kernel:pid[3] sys_get_time[0m
[90m[TRACE] kernel:pid[3] sys_get_time[0m
[90m[TRACE] kernel:pid[3] sys_get_time[0m
[90m[TRACE] kernel:pid[3] sys_get_time[0m
[90m[TRACE] kernel:pid[3] sys_get_time[0m
[90m[TRACE] kernel:pid[3] sys_get_time[0m
[90m[TRACE] kernel:pid[3] sys_get_time[0m
[90m[TRACE] kernel:pid[3] sys_get_time[0m
[90m[TRACE] kernel:pid[3] sys_get_time[0m
[90m[TRACE] kernel:pid[3] sys_get_time[0m
[90m[TRACE] kernel:pid[3] sys_get_time[0m
[90m[TRACE] kernel:pid[3] sys_get_time[0m
[90m[TRACE] kernel:pid[3] sys_get_time[0m
[90m[TRACE] kernel:pid[3] sys_get_time[0m
[90m[TRACE] kernel:pid[3] sys_get_time[0m
[90m[TRACE] kernel:pid[3] sys_get_time[0m
[90m[TRACE] kernel:pid[3] sys_get_time[0m
[90m[TRACE] kernel:pid[3] sys_get_time[0m
[90m[TRACE] kernel:pid[3] sys_get_time[0m
[90m[TRACE] kernel:pid[3] sys_get_time[0m
[90m[TRACE] kernel:pid[3] sys_get_time[0m
[90m[TRACE] kernel:pid[3] sys_get_time[0m
[90m[TRACE] kernel:pid[3] sys_get_time[0m
[90m[TRACE] kernel:pid[3] sys_get_time[0m
[90m[TRACE] kernel:pid[3] sys_get_time[0m
[90m[TRACE] kernel:pid[3] sys_get_time[0m
[90m[TRACE] kernel:pid[3] sys_get_time[0m
[90m[TRACE] kernel:pid[3] sys_get_time[0m
[90m[TRACE] kernel:pid[3] sys_get_time[0m
[90m[TRACE] kernel:pid[3] sys_get_time[0m
[90m[TRACE] kernel:pid[3] sys_get_time[0m
[90m[TRACE] kernel:pid[3] sys_get_time[0m
[90m[TRACE] kernel:pid[3] sys_get_time[0m
[90m[TRACE] kernel:pid[3] sys_get_time[0m
[90m[TRACE] kernel:pid[3] sys_get_time[0m
[90m[TRACE] kernel:pid[3] sys_get_time[0m
[90m[TRACE] kernel:pid[3] sys_get_time[0m
[90m[TRACE] kernel:pid[3] sys_get_time[0m
[90m[TRACE] kernel:pid[3] sys_get_time[0m
[90m[TRACE] kernel:pid[3] sys_get_time[0m
[90m[TRACE] kernel:pid[3] sys_get_time[0m
[90m[TRACE] kernel:pid[3] sys_get_time[0m
[90m[TRACE] kernel:pid[3] sys_get_time[0m
[90m[TRACE] kernel:pid[3] sys_get_time[0m
[90m[TRACE] kernel:pid[3] sys_get_time[0m
[90m[TRACE] kernel:pid[3] sys_get_time[0m
[90m[TRACE] kernel:pid[3] sys_get_time[0m
[90m[TRACE] kernel:pid[3] sys_get_time[0m
[90m[TRACE] kernel:pid[3] sys_get_time[0m
[90m[TRACE] kernel:pid[3] sys_get_time[0m
[90m[TRACE] kernel:pid[3] sys_get_time[0m
[90m[TRACE] kernel:pid[3] sys_get_time[0m
[90m[TRACE] kernel:pid[3] sys_get_time[0m
[90m[TRACE] kernel:pid[3] sys_get_time[0m
[90m[TRACE] kernel:pid[3] sys_get_time[0m
[90m[TRACE] kernel:pid[3] sys_get_time[0m
[90m[TRACE] kernel:pid[3] sys_get_time[0m
[90m[TRACE] kernel:pid[3] sys_get_time[0m
[90m[TRACE] kernel:pid[3] sys_get_time[0m
[90m[TRACE] kernel:pid[3] sys_get_time[0m
[90m[TRACE] kernel:pid[3] sys_get_time[0m
[90m[TRACE] kernel:pid[3] sys_get_time[0m
[90m[TRACE] kernel:pid[3] sys_get_time[0m
[90m[TRACE] kernel:pid[3] sys_get_time[0m
[90m[TRACE] kernel:pid[3] sys_get_time[0m
[90m[TRACE] kernel:pid[3] sys_get_time[0m
[90m[TRACE] kernel:pid[3] sys_get_time[0m
[90m[TRACE] kernel:pid[3] sys_get_time[0m
[90m[TRACE] kernel:pid[3] sys_get_time[0m
[90m[TRACE] kernel:pid[3] sys_get_time[0m
[90m[TRACE] kernel:pid[3] sys_get_time[0m
[90m[TRACE] kernel:pid[3] sys_get_time[0m
[90m[TRACE] kernel:pid[3] sys_get_time[0m
[90m[TRACE] kernel:pid[3] sys_get_time[0m
[90m[TRACE] kernel:pid[3] sys_get_time[0m
[90m[TRACE] kernel:pid[3] sys_get_time[0m
[90m[TRACE] kernel:pid[3] sys_get_time[0m
[90m[TRACE] kernel:pid[3] sys_get_time[0m
[90m[TRACE] kernel:pid[3] sys_get_time[0m
[90m[TRACE] kernel:pid[3] sys_get_time[0m
[90m[TRACE] kernel:pid[3] sys_get_time[0m
[90m[TRACE] kernel:pid[3] sys_get_time[0m
[90m[TRACE] kernel:pid[3] sys_get_time[0m
[90m[TRACE] kernel:pid[3] sys_get_time[0m
[90m[TRACE] kernel:pid[3] sys_get_time[0m
[90m[TRACE] kernel:pid[3] sys_get_time[0m
[90m[TRACE] kernel:pid[3] sys_get_time[0m
[90m[TRACE] kernel:pid[3] sys_get_time[0m
[90m[TRACE] kernel:pid[3] sys_get_time[0m
[90m[TRACE] kernel:pid[3] sys_get_time[0m
[90m[TRACE] kernel:pid[3] sys_get_time[0m
[90m[TRACE] kernel:pid[3] sys_get_time[0m
[90m[TRACE] kernel:pid[3] sys_get_time[0m
[90m[TRACE] kernel:pid[3] sys_get_time[0m
[90m[TRACE] kernel:pid[3] sys_get_time[0m
[90m[TRACE] kernel:pid[3] sys_get_time[0m
[90m[TRACE] kernel:pid[3] sys_get_time[0m
[90m[TRACE] kernel:pid[3] sys_get_time[0m
[90m[TRACE] kernel:pid[3] sys_get_time[0m
[90m[TRACE] kernel:pid[3] sys_get_time[0m
[90m[TRACE] kernel:pid[3] sys_get_time[0m
[90m[TRACE] kernel:pid[3] sys_get_time[0m
[90m[TRACE] kernel:pid[3] sys_get_time[0m
[90m[TRACE] kernel:pid[3] sys_get_time[0m
[90m[TRACE] kernel:pid[3] sys_get_time[0m
[90m[TRACE] kernel:pid[3] sys_get_time[0m
[90m[TRACE] kernel:pid[3] sys_get_time[0m
[90m[TRACE] kernel:pid[3] sys_get_time[0m
[90m[TRACE] kernel:pid[3] sys_get_time[0m
[90m[TRACE] kernel:pid[3] sys_get_time[0m
[90m[TRACE] kernel:pid[3] sys_get_time[0m
[90m[TRACE] kernel:pid[3] sys_get_time[0m
[90m[TRACE] kernel:pid[3] sys_get_time[0m
[90m[TRACE] kernel:pid[3] sys_get_time[0m
[90m[TRACE] kernel:pid[3] sys_get_time[0m
[90m[TRACE] kernel:pid[3] sys_get_time[0m
[90m[TRACE] kernel:pid[3] sys_get_time[0m
[90m[TRACE] kernel:pid[3] sys_get_time[0m
[90m[TRACE] kernel:pid[3] sys_get_time[0m
[90m[TRACE] kernel:pid[3] sys_get_time[0m
[90m[TRACE] kernel:pid[3] sys_get_time[0m
[90m[TRACE] kernel:pid[3] sys_get_time[0m
[90m[TRACE] kernel:pid[3] sys_get_time[0m
[90m[TRACE] kernel:pid[3] sys_get_time[0m
[90m[TRACE] kernel:pid[3] sys_get_time[0m
[90m[TRACE] kernel:pid[3] sys_get_time[0m
[90m[TRACE] kernel:pid[3] sys_get_time[0m
[90m[TRACE] kernel:pid[3] sys_get_time[0m
[90m[TRACE] kernel:pid[3] sys_get_time[0m
[90m[TRACE] kernel:pid[3] sys_get_time[0m
[90m[TRACE] kernel:pid[3] sys_get_time[0m
[90m[TRACE] kernel:pid[3] sys_get_time[0m
[90m[TRACE] kernel:pid[3] sys_get_time[0m
[90m[TRACE] kernel:pid[3] sys_get_time[0m
[90m[TRACE] kernel:pid[3] sys_get_time[0m
[90m[TRACE] kernel:pid[3] sys_get_time[0m
[90m[TRACE] kernel:pid[3] sys_get_time[0m
[90m[TRACE] kernel:pid[3] sys_get_time[0m
[90m[TRACE] kernel:pid[3] sys_get_time[0m
[90m[TRACE] kernel:pid[3] sys_get_time[0m
[90m[TRACE] kernel:pid[3] sys_get_time[0m
[90m[TRACE] kernel:pid[3] sys_get_time[0m
[90m[TRACE] kernel:pid[3] sys_get_time[0m
[90m[TRACE] kernel:pid[3] sys_get_time[0m
[90m[TRACE] kernel:pid[3] sys_get_time[0m
[90m[TRACE] kernel:pid[3] sys_get_time[0m
[90m[TRACE] kernel:pid[3] sys_get_time[0m
[90m[TRACE] kernel:pid[3] sys_get_time[0m
[90m[TRACE] kernel:pid[3] sys_get_time[0m
[90m[TRACE] kernel:pid[3] sys_get_time[0m
[90m[TRACE] kernel:pid[3] sys_get_time[0m
[90m[TRACE] kernel:pid[3] sys_get_time[0m
[90m[TRACE] kernel:pid[3] sys_get_time[0m
[90m[TRACE] kernel:pid[3] sys_get_time[0m
[90m[TRACE] kernel:pid[3] sys_get_time[0m
[90m[TRACE] kernel:pid[3] sys_get_time[0m
[90m[TRACE] kernel:pid[3] sys_get_time[0m
[90m[TRACE] kernel:pid[3] sys_get_time[0m
[90m[TRACE] kernel:pid[3] sys_get_time[0m
[90m[TRACE] kernel:pid[3] sys_get_time[0m
[90m[TRACE] kernel:pid[3] sys_get_time[0m
[90m[TRACE] kernel:pid[3] sys_get_time[0m
[90m[TRACE] kernel:pid[3] sys_get_time[0m
[90m[TRACE] kernel:pid[3] sys_get_time[0m
[90m[TRACE] kernel:pid[3] sys_get_time[0m
[90m[TRACE] kernel:pid[3] sys_get_time[0m
[90m[TRACE] kernel:pid[3] sys_get_time[0m
[90m[TRACE] kernel:pid[3] sys_get_time[0m
[90m[TRACE] kernel:pid[3] sys_get_time[0m
[90m[TRACE] kernel:pid[3] sys_get_time[0m
[90m[TRACE] kernel:pid[3] sys_get_time[0m
[90m[TRACE] kernel:pid[3] sys_get_time[0m
[90m[TRACE] kernel:pid[3] sys_get_time[0m
[90m[TRACE] kernel:pid[3] sys_get_time[0m
[90m[TRACE] kernel:pid[3] sys_get_time[0m
[90m[TRACE] kernel:pid[3] sys_get_time[0m
[90m[TRACE] kernel:pid[3] sys_get_time[0m
[90m[TRACE] kernel:pid[3] sys_get_time[0m
[90m[TRACE] kernel:pid[3] sys_get_time[0m
[90m[TRACE] kernel:pid[3] sys_get_time[0m
[90m[TRACE] kernel:pid[3] sys_get_time[0m
[90m[TRACE] kernel:pid[3] sys_get_time[0m
[90m[TRACE] kernel:pid[3] sys_get_time[0m
[90m[TRACE] kernel:pid[3] sys_get_time[0m
[90m[TRACE] kernel:pid[3] sys_get_time[0m
[90m[TRACE] kernel:pid[3] sys_get_time[0m
[90m[TRACE] kernel:pid[3] sys_get_time[0m
[90m[TRACE] kernel:pid[3] sys_get_time[0m
[90m[TRACE] kernel:pid[3] sys_get_time[0m
[90m[TRACE] kernel:pid[3] sys_get_time[0m
[90m[TRACE] kernel:pid[3] sys_get_time[0m
[90m[TRACE] kernel:pid[3] sys_get_time[0m
[90m[TRACE] kernel:pid[3] sys_get_time[0m
[90m[TRACE] kernel:pid[3] sys_get_time[0m
[90m[TRACE] kernel:pid[3] sys_get_time[0m
[90m[TRACE] kernel:pid[3] sys_get_time[0m
[90m[TRACE] kernel:pid[3] sys_get_time[0m
[90m[TRACE] kernel:pid[3] sys_get_time[0m
[90m[TRACE] kernel:pid[3] sys_get_time[0m
[90m[TRACE] kernel:pid[3] sys_get_time[0m
[90m[TRACE] kernel:pid[3] sys_get_time[0m
[90m[TRACE] kernel:pid[3] sys_get_time[0m
[90m[TRACE] kernel:pid[3] sys_get_time[0m
[90m[TRACE] kernel:pid[3] sys_get_time[0m
[90m[TRACE] kernel:pid[3] sys_get_time[0m
[90m[TRACE] kernel:pid[3] sys_get_time[0m
[90m[TRACE] kernel:pid[3] sys_get_time[0m
[90m[TRACE] kernel:pid[3] sys_get_time[0m
[90m[TRACE] kernel:pid[3] sys_get_time[0m
[90m[TRACE] kernel:pid[3] sys_get_time[0m
[90m[TRACE] kernel:pid[3] sys_get_time[0m
[90m[TRACE] kernel:pid[3] sys_get_time[0m
[90m[TRACE] kernel:pid[3] sys_get_time[0m
[90m[TRACE] kernel:pid[3] sys_get_time[0m
[90m[TRACE] kernel:pid[3] sys_get_time[0m
[90m[TRACE] kernel:pid[3] sys_get_time[0m
[90m[TRACE] kernel:pid[3] sys_get_time[0m
[90m[TRACE] kernel:pid[3] sys_get_time[0m
[90m[TRACE] kernel:pid[3] sys_get_time[0m
[90m[TRACE] kernel:pid[3] sys_get_time[0m
[90m[TRACE] kernel:pid[3] sys_get_time[0m
[90m[TRACE] kernel:pid[3] sys_get_time[0m
[90m[TRACE] kernel:pid[3] sys_get_time[0m
[90m[TRACE] kernel:pid[3] sys_get_time[0m
[90m[TRACE] kernel:pid[3] sys_get_time[0m
[90m[TRACE] kernel:pid[3] sys_get_time[0m
[90m[TRACE] kernel:pid[3] sys_get_time[0m
[90m[TRACE] kernel:pid[3] sys_get_time[0m
[90m[TRACE] kernel:pid[3] sys_get_time[0m
[90m[TRACE] kernel:pid[3] sys_get_time[0m
[90m[TRACE] kernel:pid[3] sys_get_time[0m
[90m[TRACE] kernel:pid[3] sys_get_time[0m
[90m[TRACE] kernel:pid[3] sys_get_time[0m
[90m[TRACE] kernel:pid[3] sys_get_time[0m
[90m[TRACE] kernel:pid[3] sys_get_time[0m
[90m[TRACE] kernel:pid[3] sys_get_time[0m
[90m[TRACE] kernel:pid[3] sys_get_time[0m
[90m[TRACE] kernel:pid[3] sys_get_time[0m
[90m[TRACE] kernel:pid[3] sys_get_time[0m
[90m[TRACE] kernel:pid[3] sys_get_time[0m
[90m[TRACE] kernel:pid[3] sys_get_time[0m
[90m[TRACE] kernel:pid[3] sys_get_time[0m
[90m[TRACE] kernel:pid[3] sys_get_time[0m
[90m[TRACE] kernel:pid[3] sys_get_time[0m
[90m[TRACE] kernel:pid[3] sys_get_time[0m
[90m[TRACE] kernel:pid[3] sys_get_time[0m
[90m[TRACE] kernel:pid[3] sys_get_time[0m
[90m[TRACE] kernel:pid[3] sys_get_time[0m
[90m[TRACE] kernel:pid[3] sys_get_time[0m
[90m[TRACE] kernel:pid[3] sys_get_time[0m
[90m[TRACE] kernel:pid[3] sys_get_time[0m
[90m[TRACE] kernel:pid[3] sys_get_time[0m
[90m[TRACE] kernel:pid[3] sys_get_time[0m
[90m[TRACE] kernel:pid[3] sys_get_time[0m
[90m[TRACE] kernel:pid[3] sys_get_time[0m
[90m[TRACE] kernel:pid[3] sys_get_time[0m
[90m[TRACE] kernel:pid[3] sys_get_time[0m
[90m[TRACE] kernel:pid[3] sys_get_time[0m
[90m[TRACE] kernel:pid[3] sys_get_time[0m
[90m[TRACE] kernel:pid[3] sys_get_time[0m
[90m[TRACE] kernel:pid[3] sys_get_time[0m
[90m[TRACE] kernel:pid[3] sys_get_time[0m
[90m[TRACE] kernel:pid[3] sys_get_time[0m
[90m[TRACE] kernel:pid[3] sys_get_time[0m
[90m[TRACE] kernel:pid[3] sys_get_time[0m
[90m[TRACE] kernel:pid[3] sys_get_time[0m
[90m[TRACE] kernel:pid[3] sys_get_time[0m
[90m[TRACE] kernel:pid[3] sys_get_time[0m
[90m[TRACE] kernel:pid[3] sys_get_time[0m
[90m[TRACE] kernel:pid[3] sys_get_time[0m
[90m[TRACE] kernel:pid[3] sys_get_time[0m
[90m[TRACE] kernel:pid[3] sys_get_time[0m
[90m[TRACE] kernel:pid[3] sys_get_time[0m
[90m[TRACE] kernel:pid[3] sys_get_time[0m
[90m[TRACE] kernel:pid[3] sys_get_time[0m
[90m[TRACE] kernel:pid[3] sys_get_time[0m
[90m[TRACE] kernel:pid[3] sys_get_time[0m
[90m[TRACE] kernel:pid[3] sys_get_time[0m
[90m[TRACE] kernel:pid[3] sys_get_time[0m
[90m[TRACE] kernel:pid[3] sys_get_time[0m
[90m[TRACE] kernel:pid[3] sys_get_time[0m
[90m[TRACE] kernel:pid[3] sys_get_time[0m
[90m[TRACE] kernel:pid[3] sys_get_time[0m
[90m[TRACE] kernel:pid[3] sys_get_time[0m
[90m[TRACE] kernel:pid[3] sys_get_time[0m
[90m[TRACE] kernel:pid[3] sys_get_time[0m
[90m[TRACE] kernel:pid[3] sys_get_time[0m
[90m[TRACE] kernel:pid[3] sys_get_time[0m
[90m[TRACE] kernel:pid[3] sys_get_time[0m
[90m[TRACE] kernel:pid[3] sys_get_time[0m
[90m[TRACE] kernel:pid[3] sys_get_time[0m
[90m[TRACE] kernel:pid[3] sys_get_time[0m
[90m[TRACE] kernel:pid[3] sys_get_time[0m
[90m[TRACE] kernel:pid[3] sys_get_time[0m
[90m[TRACE] kernel:pid[3] sys_get_time[0m
[90m[TRACE] kernel:pid[3] sys_get_time[0m
[90m[TRACE] kernel:pid[3] sys_get_time[0m
[90m[TRACE] kernel:pid[3] sys_get_time[0m
[90m[TRACE] kernel:pid[3] sys_get_time[0m
[90m[TRACE] kernel:pid[3] sys_get_time[0m
[90m[TRACE] kernel:pid[3] sys_get_time[0m
[90m[TRACE] kernel:pid[3] sys_get_time[0m
[90m[TRACE] kernel:pid[3] sys_get_time[0m
[90m[TRACE] kernel:pid[3] sys_get_time[0m
[90m[TRACE] kernel:pid[3] sys_get_time[0m
[90m[TRACE] kernel:pid[3] sys_get_time[0m
[90m[TRACE] kernel:pid[3] sys_get_time[0m
[90m[TRACE] kernel:pid[3] sys_get_time[0m
[90m[TRACE] kernel:pid[3] sys_get_time[0m
[90m[TRACE] kernel:pid[3] sys_get_time[0m
[90m[TRACE] kernel:pid[3] sys_get_time[0m
[90m[TRACE] kernel:pid[3] sys_get_time[0m
[90m[TRACE] kernel:pid[3] sys_get_time[0m
[90m[TRACE] kernel:pid[3] sys_get_time[0m
[90m[TRACE] kernel:pid[3] sys_get_time[0m
[90m[TRACE] kernel:pid[3] sys_get_time[0m
[90m[TRACE] kernel:pid[3] sys_get_time[0m
[90m[TRACE] kernel:pid[3] sys_get_time[0m
[90m[TRACE] kernel:pid[3] sys_get_time[0m
[90m[TRACE] kernel:pid[3] sys_get_time[0m
[90m[TRACE] kernel:pid[3] sys_get_time[0m
[90m[TRACE] kernel:pid[3] sys_get_time[0m
[90m[TRACE] kernel:pid[3] sys_get_time[0m
[90m[TRACE] kernel:pid[3] sys_get_time[0m
[90m[TRACE] kernel:pid[3] sys_get_time[0m
[90m[TRACE] kernel:pid[3] sys_get_time[0m
[90m[TRACE] kernel:pid[3] sys_get_time[0m
[90m[TRACE] kernel:pid[3] sys_get_time[0m
[90m[TRACE] kernel:pid[3] sys_get_time[0m
[90m[TRACE] kernel:pid[3] sys_get_time[0m
[90m[TRACE] kernel:pid[3] sys_get_time[0m
[90m[TRACE] kernel:pid[3] sys_get_time[0m
[90m[TRACE] kernel:pid[3] sys_get_time[0m
[90m[TRACE] kernel:pid[3] sys_get_time[0m
[90m[TRACE] kernel:pid[3] sys_get_time[0m
[90m[TRACE] kernel:pid[3] sys_get_time[0m
[90m[TRACE] kernel:pid[3] sys_get_time[0m
[90m[TRACE] kernel:pid[3] sys_get_time[0m
[90m[TRACE] kernel:pid[3] sys_get_time[0m
[90m[TRACE] kernel:pid[3] sys_get_time[0m
[90m[TRACE] kernel:pid[3] sys_get_time[0m
[90m[TRACE] kernel:pid[3] sys_get_time[0m
[90m[TRACE] kernel:pid[3] sys_get_time[0m
[90m[TRACE] kernel:pid[3] sys_get_time[0m
[90m[TRACE] kernel:pid[3] sys_get_time[0m
[90m[TRACE] kernel:pid[3] sys_get_time[0m
[90m[TRACE] kernel:pid[3] sys_get_time[0m
[90m[TRACE] kernel:pid[3] sys_get_time[0m
[90m[TRACE] kernel:pid[3] sys_get_time[0m
[90m[TRACE] kernel:pid[3] sys_get_time[0m
[90m[TRACE] kernel:pid[3] sys_get_time[0m
[90m[TRACE] kernel:pid[3] sys_get_time[0m
[90m[TRACE] kernel:pid[3] sys_get_time[0m
[90m[TRACE] kernel:pid[3] sys_get_time[0m
[90m[TRACE] kernel:pid[3] sys_get_time[0m
[90m[TRACE] kernel:pid[3] sys_get_time[0m
[90m[TRACE] kernel:pid[3] sys_get_time[0m
[90m[TRACE] kernel:pid[3] sys_get_time[0m
[90m[TRACE] kernel:pid[3] sys_get_time[0m
[90m[TRACE] kernel:pid[3] sys_get_time[0m
[90m[TRACE] kernel:pid[3] sys_get_time[0m
[90m[TRACE] kernel:pid[3] sys_get_time[0m
[90m[TRACE] kernel:pid[3] sys_get_time[0m
[90m[TRACE] kernel:pid[3] sys_get_time[0m
[90m[TRACE] kernel:pid[3] sys_get_time[0m
[90m[TRACE] kernel:pid[3] sys_get_time[0m
[90m[TRACE] kernel:pid[3] sys_get_time[0m
[90m[TRACE] kernel:pid[3] sys_get_time[0m
[90m[TRACE] kernel:pid[3] sys_get_time[0m
[90m[TRACE] kernel:pid[3] sys_get_time[0m
[90m[TRACE] kernel:pid[3] sys_get_time[0m
[90m[TRACE] kernel:pid[3] sys_get_time[0m
[90m[TRACE] kernel:pid[3] sys_get_time[0m
[90m[TRACE] kernel:pid[3] sys_get_time[0m
[90m[TRACE] kernel:pid[3] sys_get_time[0m
[90m[TRACE] kernel:pid[3] sys_get_time[0m
[90m[TRACE] kernel:pid[3] sys_get_time[0m
[90m[TRACE] kernel:pid[3] sys_get_time[0m
[90m[TRACE] kernel:pid[3] sys_get_time[0m
[90m[TRACE] kernel:pid[3] sys_get_time[0m
[90m[TRACE] kernel:pid[3] sys_get_time[0m
[90m[TRACE] kernel:pid[3] sys_get_time[0m
[90m[TRACE] kernel:pid[3] sys_get_time[0m
[90m[TRACE] kernel:pid[3] sys_get_time[0m
[90m[TRACE] kernel:pid[3] sys_get_time[0m
[90m[TRACE] kernel:pid[3] sys_get_time[0m
[90m[TRACE] kernel:pid[3] sys_get_time[0m
[90m[TRACE] kernel:pid[3] sys_get_time[0m
[90m[TRACE] kernel:pid[3] sys_get_time[0m
[90m[TRACE] kernel:pid[3] sys_get_time[0m
[90m[TRACE] kernel:pid[3] sys_get_time[0m
[90m[TRACE] kernel:pid[3] sys_get_time[0m
[90m[TRACE] kernel:pid[3] sys_get_time[0m
[90m[TRACE] kernel:pid[3] sys_get_time[0m
[90m[TRACE] kernel:pid[3] sys_get_time[0m
[90m[TRACE] kernel:pid[3] sys_get_time[0m
[90m[TRACE] kernel:pid[3] sys_get_time[0m
[90m[TRACE] kernel:pid[3] sys_get_time[0m
[90m[TRACE] kernel:pid[3] sys_get_time[0m
[90m[TRACE] kernel:pid[3] sys_get_time[0m
[90m[TRACE] kernel:pid[3] sys_get_time[0m
[90m[TRACE] kernel:pid[3] sys_get_time[0m
[90m[TRACE] kernel:pid[3] sys_get_time[0m
[90m[TRACE] kernel:pid[3] sys_get_time[0m
[90m[TRACE] kernel:pid[3] sys_get_time[0m
[90m[TRACE] kernel:pid[3] sys_get_time[0m
[90m[TRACE] kernel:pid[3] sys_get_time[0m
[90m[TRACE] kernel:pid[3] sys_get_time[0m
[90m[TRACE] kernel:pid[3] sys_get_time[0m
[90m[TRACE] kernel:pid[3] sys_get_time[0m
[90m[TRACE] kernel:pid[3] sys_get_time[0m
[90m[TRACE] kernel:pid[3] sys_get_time[0m
[90m[TRACE] kernel:pid[3] sys_get_time[0m
[90m[TRACE] kernel:pid[3] sys_get_time[0m
[90m[TRACE] kernel:pid[3] sys_get_time[0m
[90m[TRACE] kernel:pid[3] sys_get_time[0m
[90m[TRACE] kernel:pid[3] sys_get_time[0m
[90m[TRACE] kernel:pid[3] sys_get_time[0m
[90m[TRACE] kernel:pid[3] sys_get_time[0m
[90m[TRACE] kernel:pid[3] sys_get_time[0m
[90m[TRACE] kernel:pid[3] sys_get_time[0m
[90m[TRACE] kernel:pid[3] sys_get_time[0m
[90m[TRACE] kernel:pid[3] sys_get_time[0m
[90m[TRACE] kernel:pid[3] sys_get_time[0m
[90m[TRACE] kernel:pid[3] sys_get_time[0m
[90m[TRACE] kernel:pid[3] sys_get_time[0m
[90m[TRACE] kernel:pid[3] sys_get_time[0m
[90m[TRACE] kernel:pid[3] sys_get_time[0m
[90m[TRACE] kernel:pid[3] sys_get_time[0m
[90m[TRACE] kernel:pid[3] sys_get_time[0m
[90m[TRACE] kernel:pid[3] sys_get_time[0m
[90m[TRACE] kernel:pid[3] sys_get_time[0m
[90m[TRACE] kernel:pid[3] sys_get_time[0m
[90m[TRACE] kernel:pid[3] sys_get_time[0m
[90m[TRACE] kernel:pid[3] sys_get_time[0m
[90m[TRACE] kernel:pid[3] sys_get_time[0m
[90m[TRACE] kernel:pid[3] sys_get_time[0m
[90m[TRACE] kernel:pid[3] sys_get_time[0m
[90m[TRACE] kernel:pid[3] sys_get_time[0m
[90m[TRACE] kernel:pid[3] sys_get_time[0m
[90m[TRACE] kernel:pid[3] sys_get_time[0m
[90m[TRACE] kernel:pid[3] sys_get_time[0m
[90m[TRACE] kernel:pid[3] sys_get_time[0m
[90m[TRACE] kernel:pid[3] sys_get_time[0m
[90m[TRACE] kernel:pid[3] sys_get_time[0m
[90m[TRACE] kernel:pid[3] sys_get_time[0m
[90m[TRACE] kernel:pid[3] sys_get_time[0m
[90m[TRACE] kernel:pid[3] sys_get_time[0m
[90m[TRACE] kernel:pid[3] sys_get_time[0m
[90m[TRACE] kernel:pid[3] sys_get_time[0m
[90m[TRACE] kernel:pid[3] sys_get_time[0m
[90m[TRACE] kernel:pid[3] sys_get_time[0m
[90m[TRACE] kernel:pid[3] sys_get_time[0m
[90m[TRACE] kernel:pid[3] sys_get_time[0m
[90m[TRACE] kernel:pid[3] sys_get_time[0m
[90m[TRACE] kernel:pid[3] sys_get_time[0m
[90m[TRACE] kernel:pid[3] sys_get_time[0m
[90m[TRACE] kernel:pid[3] sys_get_time[0m
[90m[TRACE] kernel:pid[3] sys_get_time[0m
[90m[TRACE] kernel:pid[3] sys_get_time[0m
[90m[TRACE] kernel:pid[3] sys_get_time[0m
[90m[TRACE] kernel:pid[3] sys_get_time[0m
[90m[TRACE] kernel:pid[3] sys_get_time[0m
[90m[TRACE] kernel:pid[3] sys_get_time[0m
[90m[TRACE] kernel:pid[3] sys_get_time[0m
[90m[TRACE] kernel:pid[3] sys_get_time[0m
[90m[TRACE] kernel:pid[3] sys_get_time[0m
[90m[TRACE] kernel:pid[3] sys_get_time[0m
[90m[TRACE] kernel:pid[3] sys_get_time[0m
[90m[TRACE] kernel:pid[3] sys_get_time[0m
[90m[TRACE] kernel:pid[3] sys_get_time[0m
[90m[TRACE] kernel:pid[3] sys_get_time[0m
[90m[TRACE] kernel:pid[3] sys_get_time[0m
[90m[TRACE] kernel:pid[3] sys_get_time[0m
[90m[TRACE] kernel:pid[3] sys_get_time[0m
[90m[TRACE] kernel:pid[3] sys_get_time[0m
[90m[TRACE] kernel:pid[3] sys_get_time[0m
[90m[TRACE] kernel:pid[3] sys_get_time[0m
[90m[TRACE] kernel:pid[3] sys_get_time[0m
[90m[TRACE] kernel:pid[3] sys_get_time[0m
[90m[TRACE] kernel:pid[3] sys_get_time[0m
[90m[TRACE] kernel:pid[3] sys_get_time[0m
[90m[TRACE] kernel:pid[3] sys_get_time[0m
[90m[TRACE] kernel:pid[3] sys_get_time[0m
[90m[TRACE] kernel:pid[3] sys_get_time[0m
[90m[TRACE] kernel:pid[3] sys_get_time[0m
[90m[TRACE] kernel:pid[3] sys_get_time[0m
[90m[TRACE] kernel:pid[3] sys_get_time[0m
[90m[TRACE] kernel:pid[3] sys_get_time[0m
[90m[TRACE] kernel:pid[3] sys_get_time[0m
[90m[TRACE] kernel:pid[3] sys_get_time[0m
[90m[TRACE] kernel:pid[3] sys_get_time[0m
[90m[TRACE] kernel:pid[3] sys_get_time[0m
[90m[TRACE] kernel:pid[3] sys_get_time[0m
[90m[TRACE] kernel:pid[3] sys_get_time[0m
[90m[TRACE] kernel:pid[3] sys_get_time[0m
[90m[TRACE] kernel:pid[3] sys_get_time[0m
[90m[TRACE] kernel:pid[3] sys_get_time[0m
[90m[TRACE] kernel:pid[3] sys_get_time[0m
[90m[TRACE] kernel:pid[3] sys_get_time[0m
[90m[TRACE] kernel:pid[3] sys_get_time[0m
[90m[TRACE] kernel:pid[3] sys_get_time[0m
[90m[TRACE] kernel:pid[3] sys_get_time[0m
[90m[TRACE] kernel:pid[3] sys_get_time[0m
[90m[TRACE] kernel:pid[3] sys_get_time[0m
[90m[TRACE] kernel:pid[3] sys_get_time[0m
[90m[TRACE] kernel:pid[3] sys_get_time[0m
[90m[TRACE] kernel:pid[3] sys_get_time[0m
[90m[TRACE] kernel:pid[3] sys_get_time[0m
[90m[TRACE] kernel:pid[3] sys_get_time[0m
[90m[TRACE] kernel:pid[3] sys_get_time[0m
[90m[TRACE] kernel:pid[3] sys_get_time[0m
[90m[TRACE] kernel:pid[3] sys_get_time[0m
[90m[TRACE] kernel:pid[3] sys_get_time[0m
[90m[TRACE] kernel:pid[3] sys_get_time[0m
[90m[TRACE] kernel:pid[3] sys_get_time[0m
[90m[TRACE] kernel:pid[3] sys_get_time[0m
[90m[TRACE] kernel:pid[3] sys_get_time[0m
[90m[TRACE] kernel:pid[3] sys_get_time[0m
[90m[TRACE] kernel:pid[3] sys_get_time[0m
[90m[TRACE] kernel:pid[3] sys_get_time[0m
[90m[TRACE] kernel:pid[3] sys_get_time[0m
[90m[TRACE] kernel:pid[3] sys_get_time[0m
[90m[TRACE] kernel:pid[3] sys_get_time[0m
[90m[TRACE] kernel:pid[3] sys_get_time[0m
[90m[TRACE] kernel:pid[3] sys_get_time[0m
[90m[TRACE] kernel:pid[3] sys_get_time[0m
[90m[TRACE] kernel:pid[3] sys_get_time[0m
[90m[TRACE] kernel:pid[3] sys_get_time[0m
[90m[TRACE] kernel:pid[3] sys_get_time[0m
[90m[TRACE] kernel:pid[3] sys_get_time[0m
[90m[TRACE] kernel:pid[3] sys_get_time[0m
[90m[TRACE] kernel:pid[3] sys_get_time[0m
[90m[TRACE] kernel:pid[3] sys_get_time[0m
[90m[TRACE] kernel:pid[3] sys_get_time[0m
[90m[TRACE] kernel:pid[3] sys_get_time[0m
[90m[TRACE] kernel:pid[3] sys_get_time[0m
[90m[TRACE] kernel:pid[3] sys_get_time[0m
[90m[TRACE] kernel:pid[3] sys_get_time[0m
[90m[TRACE] kernel:pid[3] sys_get_time[0m
[90m[TRACE] kernel:pid[3] sys_get_time[0m
[90m[TRACE] kernel:pid[3] sys_get_time[0m
[90m[TRACE] kernel:pid[3] sys_get_time[0m
[90m[TRACE] kernel:pid[3] sys_get_time[0m
[90m[TRACE] kernel:pid[3] sys_get_time[0m
[90m[TRACE] kernel:pid[3] sys_get_time[0m
[90m[TRACE] kernel:pid[3] sys_get_time[0m
[90m[TRACE] kernel:pid[3] sys_get_time[0m
[90m[TRACE] kernel:pid[3] sys_get_time[0m
[90m[TRACE] kernel:pid[3] sys_get_time[0m
[90m[TRACE] kernel:pid[3] sys_get_time[0m
[90m[TRACE] kernel:pid[3] sys_get_time[0m
[90m[TRACE] kernel:pid[3] sys_get_time[0m
[90m[TRACE] kernel:pid[3] sys_get_time[0m
[90m[TRACE] kernel:pid[3] sys_get_time[0m
[90m[TRACE] kernel:pid[3] sys_get_time[0m
[90m[TRACE] kernel:pid[3] sys_get_time[0m
[90m[TRACE] kernel:pid[3] sys_get_time[0m
[90m[TRACE] kernel:pid[3] sys_get_time[0m
[90m[TRACE] kernel:pid[3] sys_get_time[0m
[90m[TRACE] kernel:pid[3] sys_get_time[0m
[90m[TRACE] kernel:pid[3] sys_get_time[0m
[90m[TRACE] kernel:pid[3] sys_get_time[0m
[90m[TRACE] kernel:pid[3] sys_get_time[0m
[90m[TRACE] kernel:pid[3] sys_get_time[0m
[90m[TRACE] kernel:pid[3] sys_get_time[0m
[90m[TRACE] kernel:pid[3] sys_get_time[0m
[90m[TRACE] kernel:pid[3] sys_get_time[0m
[90m[TRACE] kernel:pid[3] sys_get_time[0m
[90m[TRACE] kernel:pid[3] sys_get_time[0m
[90m[TRACE] kernel:pid[3] sys_get_time[0m
[90m[TRACE] kernel:pid[3] sys_get_time[0m
[90m[TRACE] kernel:pid[3] sys_get_time[0m
[90m[TRACE] kernel:pid[3] sys_get_time[0m
[90m[TRACE] kernel:pid[3] sys_get_time[0m
[90m[TRACE] kernel:pid[3] sys_get_time[0m
[90m[TRACE] kernel:pid[3] sys_get_time[0m
[90m[TRACE] kernel:pid[3] sys_get_time[0m
[90m[TRACE] kernel:pid[3] sys_get_time[0m
[90m[TRACE] kernel:pid[3] sys_get_time[0m
[90m[TRACE] kernel:pid[3] sys_get_time[0m
[90m[TRACE] kernel:pid[3] sys_get_time[0m
[90m[TRACE] kernel:pid[3] sys_get_time[0m
[90m[TRACE] kernel:pid[3] sys_get_time[0m
[90m[TRACE] kernel:pid[3] sys_get_time[0m
[90m[TRACE] kernel:pid[3] sys_get_time[0m
[90m[TRACE] kernel:pid[3] sys_get_time[0m
[90m[TRACE] kernel:pid[3] sys_get_time[0m
[90m[TRACE] kernel:pid[3] sys_get_time[0m
[90m[TRACE] kernel:pid[3] sys_get_time[0m
[90m[TRACE] kernel:pid[3] sys_get_time[0m
[90m[TRACE] kernel:pid[3] sys_get_time[0m
[90m[TRACE] kernel:pid[3] sys_get_time[0m
[90m[TRACE] kernel:pid[3] sys_get_time[0m
[90m[TRACE] kernel:pid[3] sys_get_time[0m
[90m[TRACE] kernel:pid[3] sys_get_time[0m
[90m[TRACE] kernel:pid[3] sys_get_time[0m
[90m[TRACE] kernel:pid[3] sys_get_time[0m
[90m[TRACE] kernel:pid[3] sys_get_time[0m
[90m[TRACE] kernel:pid[3] sys_get_time[0m
[90m[TRACE] kernel:pid[3] sys_get_time[0m
[90m[TRACE] kernel:pid[3] sys_get_time[0m
[90m[TRACE] kernel:pid[3] sys_get_time[0m
[90m[TRACE] kernel:pid[3] sys_get_time[0m
[90m[TRACE] kernel:pid[3] sys_get_time[0m
[90m[TRACE] kernel:pid[3] sys_get_time[0m
[90m[TRACE] kernel:pid[3] sys_get_time[0m
[90m[TRACE] kernel:pid[3] sys_get_time[0m
[90m[TRACE] kernel:pid[3] sys_get_time[0m
[90m[TRACE] kernel:pid[3] sys_get_time[0m
[90m[TRACE] kernel:pid[3] sys_get_time[0m
[90m[TRACE] kernel:pid[3] sys_get_time[0m
[90m[TRACE] kernel:pid[3] sys_get_time[0m
[90m[TRACE] kernel:pid[3] sys_get_time[0m
[90m[TRACE] kernel:pid[3] sys_get_time[0m
[90m[TRACE] kernel:pid[3] sys_get_time[0m
[90m[TRACE] kernel:pid[3] sys_get_time[0m
[90m[TRACE] kernel:pid[3] sys_get_time[0m
[90m[TRACE] kernel:pid[3] sys_get_time[0m
[90m[TRACE] kernel:pid[3] sys_get_time[0m
[90m[TRACE] kernel:pid[3] sys_get_time[0m
[90m[TRACE] kernel:pid[3] sys_get_time[0m
[90m[TRACE] kernel:pid[3] sys_get_time[0m
[90m[TRACE] kernel:pid[3] sys_get_time[0m
[90m[TRACE] kernel:pid[3] sys_get_time[0m
[90m[TRACE] kernel:pid[3] sys_get_time[0m
[90m[TRACE] kernel:pid[3] sys_get_time[0m
[90m[TRACE] kernel:pid[3] sys_get_time[0m
[90m[TRACE] kernel:pid[3] sys_get_time[0m
[90m[TRACE] kernel:pid[3] sys_get_time[0m
[90m[TRACE] kernel:pid[3] sys_get_time[0m
[90m[TRACE] kernel:pid[3] sys_get_time[0m
[90m[TRACE] kernel:pid[3] sys_get_time[0m
[90m[TRACE] kernel:pid[3] sys_get_time[0m
[90m[TRACE] kernel:pid[3] sys_get_time[0m
[90m[TRACE] kernel:pid[3] sys_get_time[0m
[90m[TRACE] kernel:pid[3] sys_get_time[0m
[90m[TRACE] kernel:pid[3] sys_get_time[0m
[90m[TRACE] kernel:pid[3] sys_get_time[0m
[90m[TRACE] kernel:pid[3] sys_get_time[0m
[90m[TRACE] kernel:pid[3] sys_get_time[0m
[90m[TRACE] kernel:pid[3] sys_get_time[0m
[90m[TRACE] kernel:pid[3] sys_get_time[0m
[90m[TRACE] kernel:pid[3] sys_get_time[0m
[90m[TRACE] kernel:pid[3] sys_get_time[0m
[90m[TRACE] kernel:pid[3] sys_get_time[0m
[90m[TRACE] kernel:pid[3] sys_get_time[0m
[90m[TRACE] kernel:pid[3] sys_get_time[0m
[90m[TRACE] kernel:pid[3] sys_get_time[0m
[90m[TRACE] kernel:pid[3] sys_get_time[0m
[90m[TRACE] kernel:pid[3] sys_get_time[0m
[90m[TRACE] kernel:pid[3] sys_get_time[0m
[90m[TRACE] kernel:pid[3] sys_get_time[0m
[90m[TRACE] kernel:pid[3] sys_get_time[0m
[90m[TRACE] kernel:pid[3] sys_get_time[0m
[90m[TRACE] kernel:pid[3] sys_get_time[0m
[90m[TRACE] kernel:pid[3] sys_get_time[0m
[90m[TRACE] kernel:pid[3] sys_get_time[0m
[90m[TRACE] kernel:pid[3] sys_get_time[0m
[90m[TRACE] kernel:pid[3] sys_get_time[0m
[90m[TRACE] kernel:pid[3] sys_get_time[0m
[90m[TRACE] kernel:pid[3] sys_get_time[0m
[90m[TRACE] kernel:pid[3] sys_get_time[0m
[90m[TRACE] kernel:pid[3] sys_get_time[0m
[90m[TRACE] kernel:pid[3] sys_get_time[0m
[90m[TRACE] kernel:pid[3] sys_get_time[0m
[90m[TRACE] kernel:pid[3] sys_get_time[0m
[90m[TRACE] kernel:pid[3] sys_get_time[0m
[90m[TRACE] kernel:pid[3] sys_get_time[0m
[90m[TRACE] kernel:pid[3] sys_get_time[0m
[90m[TRACE] kernel:pid[3] sys_get_time[0m
[90m[TRACE] kernel:pid[3] sys_get_time[0m
[90m[TRACE] kernel:pid[3] sys_get_time[0m
[90m[TRACE] kernel:pid[3] sys_get_time[0m
[90m[TRACE] kernel:pid[3] sys_get_time[0m
[90m[TRACE] kernel:pid[3] sys_get_time[0m
[90m[TRACE] kernel:pid[3] sys_get_time[0m
[90m[TRACE] kernel:pid[3] sys_get_time[0m
[90m[TRACE] kernel:pid[3] sys_get_time[0m
[90m[TRACE] kernel:pid[3] sys_get_time[0m
[90m[TRACE] kernel:pid[3] sys_get_time[0m
[90m[TRACE] kernel:pid[3] sys_get_time[0m
[90m[TRACE] kernel:pid[3] sys_get_time[0m
[90m[TRACE] kernel:pid[3] sys_get_time[0m
[90m[TRACE] kernel:pid[3] sys_get_time[0m
[90m[TRACE] kernel:pid[3] sys_get_time[0m
[90m[TRACE] kernel:pid[3] sys_get_time[0m
[90m[TRACE] kernel:pid[3] sys_get_time[0m
[90m[TRACE] kernel:pid[3] sys_get_time[0m
[90m[TRACE] kernel:pid[3] sys_get_time[0m
[90m[TRACE] kernel:pid[3] sys_get_time[0m
[90m[TRACE] kernel:pid[3] sys_get_time[0m
[90m[TRACE] kernel:pid[3] sys_get_time[0m
[90m[TRACE] kernel:pid[3] sys_get_time[0m
[90m[TRACE] kernel:pid[3] sys_get_time[0m
[90m[TRACE] kernel:pid[3] sys_get_time[0m
[90m[TRACE] kernel:pid[3] sys_get_time[0m
[90m[TRACE] kernel:pid[3] sys_get_time[0m
[90m[TRACE] kernel:pid[3] sys_get_time[0m
[90m[TRACE] kernel:pid[3] sys_get_time[0m
[90m[TRACE] kernel:pid[3] sys_get_time[0m
[90m[TRACE] kernel:pid[3] sys_get_time[0m
[90m[TRACE] kernel:pid[3] sys_get_time[0m
[90m[TRACE] kernel:pid[3] sys_get_time[0m
[90m[TRACE] kernel:pid[3] sys_get_time[0m
[90m[TRACE] kernel:pid[3] sys_get_time[0m
[90m[TRACE] kernel:pid[3] sys_get_time[0m
[90m[TRACE] kernel:pid[3] sys_get_time[0m
[90m[TRACE] kernel:pid[3] sys_get_time[0m
[90m[TRACE] kernel:pid[3] sys_get_time[0m
[90m[TRACE] kernel:pid[3] sys_get_time[0m
[90m[TRACE] kernel:pid[3] sys_get_time[0m
[90m[TRACE] kernel:pid[3] sys_get_time[0m
[90m[TRACE] kernel:pid[3] sys_get_time[0m
[90m[TRACE] kernel:pid[3] sys_get_time[0m
[90m[TRACE] kernel:pid[3] sys_get_time[0m
[90m[TRACE] kernel:pid[3] sys_get_time[0m
[90m[TRACE] kernel:pid[3] sys_get_time[0m
[90m[TRACE] kernel:pid[3] sys_get_time[0m
[90m[TRACE] kernel:pid[3] sys_get_time[0m
[90m[TRACE] kernel:pid[3] sys_get_time[0m
[90m[TRACE] kernel:pid[3] sys_get_time[0m
[90m[TRACE] kernel:pid[3] sys_get_time[0m
[90m[TRACE] kernel:pid[3] sys_get_time[0m
[90m[TRACE] kernel:pid[3] sys_get_time[0m
[90m[TRACE] kernel:pid[3] sys_get_time[0m
[90m[TRACE] kernel:pid[3] sys_get_time[0m
[90m[TRACE] kernel:pid[3] sys_get_time[0m
[90m[TRACE] kernel:pid[3] sys_get_time[0m
[90m[TRACE] kernel:pid[3] sys_get_time[0m
[90m[TRACE] kernel:pid[3] sys_get_time[0m
[90m[TRACE] kernel:pid[3] sys_get_time[0m
[90m[TRACE] kernel:pid[3] sys_get_time[0m
[90m[TRACE] kernel:pid[3] sys_get_time[0m
[90m[TRACE] kernel:pid[3] sys_get_time[0m
[90m[TRACE] kernel:pid[3] sys_get_time[0m
[90m[TRACE] kernel:pid[3] sys_get_time[0m
[90m[TRACE] kernel:pid[3] sys_get_time[0m
[90m[TRACE] kernel:pid[3] sys_get_time[0m
[90m[TRACE] kernel:pid[3] sys_get_time[0m
[90m[TRACE] kernel:pid[3] sys_get_time[0m
[90m[TRACE] kernel:pid[3] sys_get_time[0m
[90m[TRACE] kernel:pid[3] sys_get_time[0m
[90m[TRACE] kernel:pid[3] sys_get_time[0m
[90m[TRACE] kernel:pid[3] sys_get_time[0m
[90m[TRACE] kernel:pid[3] sys_get_time[0m
[90m[TRACE] kernel:pid[3] sys_get_time[0m
[90m[TRACE] kernel:pid[3] sys_get_time[0m
[90m[TRACE] kernel:pid[3] sys_get_time[0m
[90m[TRACE] kernel:pid[3] sys_get_time[0m
[90m[TRACE] kernel:pid[3] sys_get_time[0m
[90m[TRACE] kernel:pid[3] sys_get_time[0m
[90m[TRACE] kernel:pid[3] sys_get_time[0m
[90m[TRACE] kernel:pid[3] sys_get_time[0m
[90m[TRACE] kernel:pid[3] sys_get_time[0m
[90m[TRACE] kernel:pid[3] sys_get_time[0m
[90m[TRACE] kernel:pid[3] sys_get_time[0m
[90m[TRACE] kernel:pid[3] sys_get_time[0m
[90m[TRACE] kernel:pid[3] sys_get_time[0m
[90m[TRACE] kernel:pid[3] sys_get_time[0m
[90m[TRACE] kernel:pid[3] sys_get_time[0m
[90m[TRACE] kernel:pid[3] sys_get_time[0m
[90m[TRACE] kernel:pid[3] sys_get_time[0m
[90m[TRACE] kernel:pid[3] sys_get_time[0m
[90m[TRACE] kernel:pid[3] sys_get_time[0m
[90m[TRACE] kernel:pid[3] sys_get_time[0m
[90m[TRACE] kernel:pid[3] sys_get_time[0m
[90m[TRACE] kernel:pid[3] sys_get_time[0m
[90m[TRACE] kernel:pid[3] sys_get_time[0m
[90m[TRACE] kernel:pid[3] sys_get_time[0m
[90m[TRACE] kernel:pid[3] sys_get_time[0m
[90m[TRACE] kernel:pid[3] sys_get_time[0m
[90m[TRACE] kernel:pid[3] sys_get_time[0m
[90m[TRACE] kernel:pid[3] sys_get_time[0m
[90m[TRACE] kernel:pid[3] sys_get_time[0m
[90m[TRACE] kernel:pid[3] sys_get_time[0m
[90m[TRACE] kernel:pid[3] sys_get_time[0m
[90m[TRACE] kernel:pid[3] sys_get_time[0m
[90m[TRACE] kernel:pid[3] sys_get_time[0m
[90m[TRACE] kernel:pid[3] sys_get_time[0m
[90m[TRACE] kernel:pid[3] sys_get_time[0m
[90m[TRACE] kernel:pid[3] sys_get_time[0m
[90m[TRACE] kernel:pid[3] sys_get_time[0m
[90m[TRACE] kernel:pid[3] sys_get_time[0m
[90m[TRACE] kernel:pid[3] sys_get_time[0m
[90m[TRACE] kernel:pid[3] sys_get_time[0m
[90m[TRACE] kernel:pid[3] sys_get_time[0m
[90m[TRACE] kernel:pid[3] sys_get_time[0m
[90m[TRACE] kernel:pid[3] sys_get_time[0m
[90m[TRACE] kernel:pid[3] sys_get_time[0m
[90m[TRACE] kernel:pid[3] sys_get_time[0m
[90m[TRACE] kernel:pid[3] sys_get_time[0m
[90m[TRACE] kernel:pid[3] sys_get_time[0m
[90m[TRACE] kernel:pid[3] sys_get_time[0m
[90m[TRACE] kernel:pid[3] sys_get_time[0m
[90m[TRACE] kernel:pid[3] sys_get_time[0m
[90m[TRACE] kernel:pid[3] sys_get_time[0m
[90m[TRACE] kernel:pid[3] sys_get_time[0m
[90m[TRACE] kernel:pid[3] sys_get_time[0m
[90m[TRACE] kernel:pid[3] sys_get_time[0m
[90m[TRACE] kernel:pid[3] sys_get_time[0m
[90m[TRACE] kernel:pid[3] sys_get_time[0m
[90m[TRACE] kernel:pid[3] sys_get_time[0m
[90m[TRACE] kernel:pid[3] sys_get_time[0m
[90m[TRACE] kernel:pid[3] sys_get_time[0m
[90m[TRACE] kernel:pid[3] sys_get_time[0m
[90m[TRACE] kernel:pid[3] sys_get_time[0m
[90m[TRACE] kernel:pid[3] sys_get_time[0m
[90m[TRACE] kernel:pid[3] sys_get_time[0m
[90m[TRACE] kernel:pid[3] sys_get_time[0m
[90m[TRACE] kernel:pid[3] sys_get_time[0m
[90m[TRACE] kernel:pid[3] sys_get_time[0m
[90m[TRACE] kernel:pid[3] sys_get_time[0m
[90m[TRACE] kernel:pid[3] sys_get_time[0m
[90m[TRACE] kernel:pid[3] sys_get_time[0m
[90m[TRACE] kernel:pid[3] sys_get_time[0m
[90m[TRACE] kernel:pid[3] sys_get_time[0m
[90m[TRACE] kernel:pid[3] sys_get_time[0m
[90m[TRACE] kernel:pid[3] sys_get_time[0m
[90m[TRACE] kernel:pid[3] sys_get_time[0m
[90m[TRACE] kernel:pid[3] sys_get_time[0m
[90m[TRACE] kernel:pid[3] sys_get_time[0m
[90m[TRACE] kernel:pid[3] sys_get_time[0m
[90m[TRACE] kernel:pid[3] sys_get_time[0m
[90m[TRACE] kernel:pid[3] sys_get_time[0m
[90m[TRACE] kernel:pid[3] sys_get_time[0m
[90m[TRACE] kernel:pid[3] sys_get_time[0m
[90m[TRACE] kernel:pid[3] sys_get_time[0m
[90m[TRACE] kernel:pid[3] sys_get_time[0m
[90m[TRACE] kernel:pid[3] sys_get_time[0m
[90m[TRACE] kernel:pid[3] sys_get_time[0m
[90m[TRACE] kernel:pid[3] sys_get_time[0m
[90m[TRACE] kernel:pid[3] sys_get_time[0m
[90m[TRACE] kernel:pid[3] sys_get_time[0m
[90m[TRACE] kernel:pid[3] sys_get_time[0m
[90m[TRACE] kernel:pid[3] sys_get_time[0m
[90m[TRACE] kernel:pid[3] sys_get_time[0m
[90m[TRACE] kernel:pid[3] sys_get_time[0m
[90m[TRACE] kernel:pid[3] sys_get_time[0m
[90m[TRACE] kernel:pid[3] sys_get_time[0m
[90m[TRACE] kernel:pid[3] sys_get_time[0m
[90m[TRACE] kernel:pid[3] sys_get_time[0m
[90m[TRACE] kernel:pid[3] sys_get_time[0m
[90m[TRACE] kernel:pid[3] sys_get_time[0m
[90m[TRACE] kernel:pid[3] sys_get_time[0m
[90m[TRACE] kernel:pid[3] sys_get_time[0m
[90m[TRACE] kernel:pid[3] sys_get_time[0m
[90m[TRACE] kernel:pid[3] sys_get_time[0m
[90m[TRACE] kernel:pid[3] sys_get_time[0m
[90m[TRACE] kernel:pid[3] sys_get_time[0m
[90m[TRACE] kernel:pid[3] sys_get_time[0m
[90m[TRACE] kernel:pid[3] sys_get_time[0m
[90m[TRACE] kernel:pid[3] sys_get_time[0m
[90m[TRACE] kernel:pid[3] sys_get_time[0m
[90m[TRACE] kernel:pid[3] sys_get_time[0m
[90m[TRACE] kernel:pid[3] sys_get_time[0m
[90m[TRACE] kernel:pid[3] sys_get_time[0m
[90m[TRACE] kernel:pid[3] sys_get_time[0m
[90m[TRACE] kernel:pid[3] sys_get_time[0m
[90m[TRACE] kernel:pid[3] sys_get_time[0m
[90m[TRACE] kernel:pid[3] sys_get_time[0m
[90m[TRACE] kernel:pid[3] sys_get_time[0m
[90m[TRACE] kernel:pid[3] sys_get_time[0m
[90m[TRACE] kernel:pid[3] sys_get_time[0m
[90m[TRACE] kernel:pid[3] sys_get_time[0m
[90m[TRACE] kernel:pid[3] sys_get_time[0m
[90m[TRACE] kernel:pid[3] sys_get_time[0m
[90m[TRACE] kernel:pid[3] sys_get_time[0m
[90m[TRACE] kernel:pid[3] sys_get_time[0m
[90m[TRACE] kernel:pid[3] sys_get_time[0m
[90m[TRACE] kernel:pid[3] sys_get_time[0m
[90m[TRACE] kernel:pid[3] sys_get_time[0m
[90m[TRACE] kernel:pid[3] sys_get_time[0m
[90m[TRACE] kernel:pid[3] sys_get_time[0m
[90m[TRACE] kernel:pid[3] sys_get_time[0m
[90m[TRACE] kernel:pid[3] sys_get_time[0m
[90m[TRACE] kernel:pid[3] sys_get_time[0m
[90m[TRACE] kernel:pid[3] sys_get_time[0m
[90m[TRACE] kernel:pid[3] sys_get_time[0m
[90m[TRACE] kernel:pid[3] sys_get_time[0m
[90m[TRACE] kernel:pid[3] sys_get_time[0m
[90m[TRACE] kernel:pid[3] sys_get_time[0m
[90m[TRACE] kernel:pid[3] sys_get_time[0m
[90m[TRACE] kernel:pid[3] sys_get_time[0m
[90m[TRACE] kernel:pid[3] sys_get_time[0m
[90m[TRACE] kernel:pid[3] sys_get_time[0m
[90m[TRACE] kernel:pid[3] sys_get_time[0m
[90m[TRACE] kernel:pid[3] sys_get_time[0m
[90m[TRACE] kernel:pid[3] sys_get_time[0m
[90m[TRACE] kernel:pid[3] sys_get_time[0m
[90m[TRACE] kernel:pid[3] sys_get_time[0m
[90m[TRACE] kernel:pid[3] sys_get_time[0m
[90m[TRACE] kernel:pid[3] sys_get_time[0m
[90m[TRACE] kernel:pid[3] sys_get_time[0m
[90m[TRACE] kernel:pid[3] sys_get_time[0m
[90m[TRACE] kernel:pid[3] sys_get_time[0m
[90m[TRACE] kernel:pid[3] sys_get_time[0m
[90m[TRACE] kernel:pid[3] sys_get_time[0m
[90m[TRACE] kernel:pid[3] sys_get_time[0m
[90m[TRACE] kernel:pid[3] sys_get_time[0m
[90m[TRACE] kernel:pid[3] sys_get_time[0m
[90m[TRACE] kernel:pid[3] sys_get_time[0m
[90m[TRACE] kernel:pid[3] sys_get_time[0m
[90m[TRACE] kernel:pid[3] sys_get_time[0m
[90m[TRACE] kernel:pid[3] sys_get_time[0m
[90m[TRACE] kernel:pid[3] sys_get_time[0m
[90m[TRACE] kernel:pid[3] sys_get_time[0m
[90m[TRACE] kernel:pid[3] sys_get_time[0m
[90m[TRACE] kernel:pid[3] sys_get_time[0m
[90m[TRACE] kernel:pid[3] sys_get_time[0m
[90m[TRACE] kernel:pid[3] sys_get_time[0m
[90m[TRACE] kernel:pid[3] sys_get_time[0m
[90m[TRACE] kernel:pid[3] sys_get_time[0m
[90m[TRACE] kernel:pid[3] sys_get_time[0m
[90m[TRACE] kernel:pid[3] sys_get_time[0m
[90m[TRACE] kernel:pid[3] sys_get_time[0m
[90m[TRACE] kernel:pid[3] sys_get_time[0m
[90m[TRACE] kernel:pid[3] sys_get_time[0m
[90m[TRACE] kernel:pid[3] sys_get_time[0m
[90m[TRACE] kernel:pid[3] sys_get_time[0m
[90m[TRACE] kernel:pid[3] sys_get_time[0m
[90m[TRACE] kernel:pid[3] sys_get_time[0m
[90m[TRACE] kernel:pid[3] sys_get_time[0m
[90m[TRACE] kernel:pid[3] sys_get_time[0m
[90m[TRACE] kernel:pid[3] sys_get_time[0m
[90m[TRACE] kernel:pid[3] sys_get_time[0m
[90m[TRACE] kernel:pid[3] sys_get_time[0m
[90m[TRACE] kernel:pid[3] sys_get_time[0m
[90m[TRACE] kernel:pid[3] sys_get_time[0m
[90m[TRACE] kernel:pid[3] sys_get_time[0m
[90m[TRACE] kernel:pid[3] sys_get_time[0m
[90m[TRACE] kernel:pid[3] sys_get_time[0m
[90m[TRACE] kernel:pid[3] sys_get_time[0m
[90m[TRACE] kernel:pid[3] sys_get_time[0m
[90m[TRACE] kernel:pid[3] sys_get_time[0m
[90m[TRACE] kernel:pid[3] sys_get_time[0m
[90m[TRACE] kernel:pid[3] sys_get_time[0m
[90m[TRACE] kernel:pid[3] sys_get_time[0m
[90m[TRACE] kernel:pid[3] sys_get_time[0m
[90m[TRACE] kernel:pid[3] sys_get_time[0m
[90m[TRACE] kernel:pid[3] sys_get_time[0m
[90m[TRACE] kernel:pid[3] sys_get_time[0m
[90m[TRACE] kernel:pid[3] sys_get_time[0m
[90m[TRACE] kernel:pid[3] sys_get_time[0m
[90m[TRACE] kernel:pid[3] sys_get_time[0m
[90m[TRACE] kernel:pid[3] sys_get_time[0m
[90m[TRACE] kernel:pid[3] sys_get_time[0m
[90m[TRACE] kernel:pid[3] sys_get_time[0m
[90m[TRACE] kernel:pid[3] sys_get_time[0m
[90m[TRACE] kernel:pid[3] sys_get_time[0m
[90m[TRACE] kernel:pid[3] sys_get_time[0m
[90m[TRACE] kernel:pid[3] sys_get_time[0m
[90m[TRACE] kernel:pid[3] sys_get_time[0m
[90m[TRACE] kernel:pid[3] sys_get_time[0m
[90m[TRACE] kernel:pid[3] sys_get_time[0m
[90m[TRACE] kernel:pid[3] sys_get_time[0m
[90m[TRACE] kernel:pid[3] sys_get_time[0m
[90m[TRACE] kernel:pid[3] sys_get_time[0m
[90m[TRACE] kernel:pid[3] sys_get_time[0m
[90m[TRACE] kernel:pid[3] sys_get_time[0m
[90m[TRACE] kernel:pid[3] sys_get_time[0m
[90m[TRACE] kernel:pid[3] sys_get_time[0m
[90m[TRACE] kernel:pid[3] sys_get_time[0m
[90m[TRACE] kernel:pid[3] sys_get_time[0m
[90m[TRACE] kernel:pid[3] sys_get_time[0m
[90m[TRACE] kernel:pid[3] sys_get_time[0m
[90m[TRACE] kernel:pid[3] sys_get_time[0m
[90m[TRACE] kernel:pid[3] sys_get_time[0m
[90m[TRACE] kernel:pid[3] sys_get_time[0m
[90m[TRACE] kernel:pid[3] sys_get_time[0m
[90m[TRACE] kernel:pid[3] sys_get_time[0m
[90m[TRACE] kernel:pid[3] sys_get_time[0m
[90m[TRACE] kernel:pid[3] sys_get_time[0m
[90m[TRACE] kernel:pid[3] sys_get_time[0m
[90m[TRACE] kernel:pid[3] sys_get_time[0m
[90m[TRACE] kernel:pid[3] sys_get_time[0m
[90m[TRACE] kernel:pid[3] sys_get_time[0m
[90m[TRACE] kernel:pid[3] sys_get_time[0m
[90m[TRACE] kernel:pid[3] sys_get_time[0m
[90m[TRACE] kernel:pid[3] sys_get_time[0m
[90m[TRACE] kernel:pid[3] sys_get_time[0m
[90m[TRACE] kernel:pid[3] sys_get_time[0m
[90m[TRACE] kernel:pid[3] sys_get_time[0m
[90m[TRACE] kernel:pid[3] sys_get_time[0m
[90m[TRACE] kernel:pid[3] sys_get_time[0m
[90m[TRACE] kernel:pid[3] sys_get_time[0m
[90m[TRACE] kernel:pid[3] sys_get_time[0m
[90m[TRACE] kernel:pid[3] sys_get_time[0m
[90m[TRACE] kernel:pid[3] sys_get_time[0m
[90m[TRACE] kernel:pid[3] sys_get_time[0m
[90m[TRACE] kernel:pid[3] sys_get_time[0m
[90m[TRACE] kernel:pid[3] sys_get_time[0m
[90m[TRACE] kernel:pid[3] sys_get_time[0m
[90m[TRACE] kernel:pid[3] sys_get_time[0m
[90m[TRACE] kernel:pid[3] sys_get_time[0m
[90m[TRACE] kernel:pid[3] sys_get_time[0m
[90m[TRACE] kernel:pid[3] sys_get_time[0m
[90m[TRACE] kernel:pid[3] sys_get_time[0m
[90m[TRACE] kernel:pid[3] sys_get_time[0m
[90m[TRACE] kernel:pid[3] sys_get_time[0m
[90m[TRACE] kernel:pid[3] sys_get_time[0m
[90m[TRACE] kernel:pid[3] sys_get_time[0m
[90m[TRACE] kernel:pid[3] sys_get_time[0m
[90m[TRACE] kernel:pid[3] sys_get_time[0m
[90m[TRACE] kernel:pid[3] sys_get_time[0m
[90m[TRACE] kernel:pid[3] sys_get_time[0m
[90m[TRACE] kernel:pid[3] sys_get_time[0m
[90m[TRACE] kernel:pid[3] sys_get_time[0m
[90m[TRACE] kernel:pid[3] sys_get_time[0m
[90m[TRACE] kernel:pid[3] sys_get_time[0m
[90m[TRACE] kernel:pid[3] sys_get_time[0m
[90m[TRACE] kernel:pid[3] sys_get_time[0m
[90m[TRACE] kernel:pid[3] sys_get_time[0m
[90m[TRACE] kernel:pid[3] sys_get_time[0m
[90m[TRACE] kernel:pid[3] sys_get_time[0m
[90m[TRACE] kernel:pid[3] sys_get_time[0m
[90m[TRACE] kernel:pid[3] sys_get_time[0m
[90m[TRACE] kernel:pid[3] sys_get_time[0m
[90m[TRACE] kernel:pid[3] sys_get_time[0m
[90m[TRACE] kernel:pid[3] sys_get_time[0m
[90m[TRACE] kernel:pid[3] sys_get_time[0m
[90m[TRACE] kernel:pid[3] sys_get_time[0m
[90m[TRACE] kernel:pid[3] sys_get_time[0m
[90m[TRACE] kernel:pid[3] sys_get_time[0m
[90m[TRACE] kernel:pid[3] sys_get_time[0m
[90m[TRACE] kernel:pid[3] sys_get_time[0m
[90m[TRACE] kernel:pid[3] sys_get_time[0m
[90m[TRACE] kernel:pid[3] sys_get_time[0m
[90m[TRACE] kernel:pid[3] sys_get_time[0m
[90m[TRACE] kernel:pid[3] sys_get_time[0m
[90m[TRACE] kernel:pid[3] sys_get_time[0m
[90m[TRACE] kernel:pid[3] sys_get_time[0m
[90m[TRACE] kernel:pid[3] sys_get_time[0m
[90m[TRACE] kernel:pid[3] sys_get_time[0m
[90m[TRACE] kernel:pid[3] sys_get_time[0m
[90m[TRACE] kernel:pid[3] sys_get_time[0m
[90m[TRACE] kernel:pid[3] sys_get_time[0m
[90m[TRACE] kernel:pid[3] sys_get_time[0m
[90m[TRACE] kernel:pid[3] sys_get_time[0m
[90m[TRACE] kernel:pid[3] sys_get_time[0m
[90m[TRACE] kernel:pid[3] sys_get_time[0m
[90m[TRACE] kernel:pid[3] sys_get_time[0m
[90m[TRACE] kernel:pid[3] sys_get_time[0m
[90m[TRACE] kernel:pid[3] sys_get_time[0m
[90m[TRACE] kernel:pid[3] sys_get_time[0m
[90m[TRACE] kernel:pid[3] sys_get_time[0m
[90m[TRACE] kernel:pid[3] sys_get_time[0m
[90m[TRACE] kernel:pid[3] sys_get_time[0m
[90m[TRACE] kernel:pid[3] sys_get_time[0m
[90m[TRACE] kernel:pid[3] sys_get_time[0m
[90m[TRACE] kernel:pid[3] sys_get_time[0m
[90m[TRACE] kernel:pid[3] sys_get_time[0m
[90m[TRACE] kernel:pid[3] sys_get_time[0m
[90m[TRACE] kernel:pid[3] sys_get_time[0m
[90m[TRACE] kernel:pid[3] sys_get_time[0m
[90m[TRACE] kernel:pid[3] sys_get_time[0m
[90m[TRACE] kernel:pid[3] sys_get_time[0m
[90m[TRACE] kernel:pid[3] sys_get_time[0m
[90m[TRACE] kernel:pid[3] sys_get_time[0m
[90m[TRACE] kernel:pid[3] sys_get_time[0m
[90m[TRACE] kernel:pid[3] sys_get_time[0m
[90m[TRACE] kernel:pid[3] sys_get_time[0m
[90m[TRACE] kernel:pid[3] sys_get_time[0m
[90m[TRACE] kernel:pid[3] sys_get_time[0m
[90m[TRACE] kernel:pid[3] sys_get_time[0m
[90m[TRACE] kernel:pid[3] sys_get_time[0m
[90m[TRACE] kernel:pid[3] sys_get_time[0m
[90m[TRACE] kernel:pid[3] sys_get_time[0m
[90m[TRACE] kernel:pid[3] sys_get_time[0m
[90m[TRACE] kernel:pid[3] sys_get_time[0m
[90m[TRACE] kernel:pid[3] sys_get_time[0m
[90m[TRACE] kernel:pid[3] sys_get_time[0m
[90m[TRACE] kernel:pid[3] sys_get_time[0m
[90m[TRACE] kernel:pid[3] sys_get_time[0m
[90m[TRACE] kernel:pid[3] sys_get_time[0m
[90m[TRACE] kernel:pid[3] sys_get_time[0m
[90m[TRACE] kernel:pid[3] sys_get_time[0m
[90m[TRACE] kernel:pid[3] sys_get_time[0m
[90m[TRACE] kernel:pid[3] sys_get_time[0m
[90m[TRACE] kernel:pid[3] sys_get_time[0m
[90m[TRACE] kernel:pid[3] sys_get_time[0m
[90m[TRACE] kernel:pid[3] sys_get_time[0m
[90m[TRACE] kernel:pid[3] sys_get_time[0m
[90m[TRACE] kernel:pid[3] sys_get_time[0m
[90m[TRACE] kernel:pid[3] sys_get_time[0m
[90m[TRACE] kernel:pid[3] sys_get_time[0m
[90m[TRACE] kernel:pid[3] sys_get_time[0m
[90m[TRACE] kernel:pid[3] sys_get_time[0m
[90m[TRACE] kernel:pid[3] sys_get_time[0m
[90m[TRACE] kernel:pid[3] sys_get_time[0m
[90m[TRACE] kernel:pid[3] sys_get_time[0m
[90m[TRACE] kernel:pid[3] sys_get_time[0m
[90m[TRACE] kernel:pid[3] sys_get_time[0m
[90m[TRACE] kernel:pid[3] sys_get_time[0m
[90m[TRACE] kernel:pid[3] sys_get_time[0m
[90m[TRACE] kernel:pid[3] sys_get_time[0m
[90m[TRACE] kernel:pid[3] sys_get_time[0m
[90m[TRACE] kernel:pid[3] sys_get_time[0m
[90m[TRACE] kernel:pid[3] sys_get_time[0m
[90m[TRACE] kernel:pid[3] sys_get_time[0m
[90m[TRACE] kernel:pid[3] sys_get_time[0m
[90m[TRACE] kernel:pid[3] sys_get_time[0m
[90m[TRACE] kernel:pid[3] sys_get_time[0m
[90m[TRACE] kernel:pid[3] sys_get_time[0m
[90m[TRACE] kernel:pid[3] sys_get_time[0m
[90m[TRACE] kernel:pid[3] sys_get_time[0m
[90m[TRACE] kernel:pid[3] sys_get_time[0m
[90m[TRACE] kernel:pid[3] sys_get_time[0m
[90m[TRACE] kernel:pid[3] sys_get_time[0m
[90m[TRACE] kernel:pid[3] sys_get_time[0m
[90m[TRACE] kernel:pid[3] sys_get_time[0m
[90m[TRACE] kernel:pid[3] sys_get_time[0m
[90m[TRACE] kernel:pid[3] sys_get_time[0m
[90m[TRACE] kernel:pid[3] sys_get_time[0m
[90m[TRACE] kernel:pid[3] sys_get_time[0m
[90m[TRACE] kernel:pid[3] sys_get_time[0m
[90m[TRACE] kernel:pid[3] sys_get_time[0m
[90m[TRACE] kernel:pid[3] sys_get_time[0m
[90m[TRACE] kernel:pid[3] sys_get_time[0m
[90m[TRACE] kernel:pid[3] sys_get_time[0m
[90m[TRACE] kernel:pid[3] sys_get_time[0m
[90m[TRACE] kernel:pid[3] sys_get_time[0m
[90m[TRACE] kernel:pid[3] sys_get_time[0m
[90m[TRACE] kernel:pid[3] sys_get_time[0m
[90m[TRACE] kernel:pid[3] sys_get_time[0m
[90m[TRACE] kernel:pid[3] sys_get_time[0m
[90m[TRACE] kernel:pid[3] sys_get_time[0m
[90m[TRACE] kernel:pid[3] sys_get_time[0m
[90m[TRACE] kernel:pid[3] sys_get_time[0m
[90m[TRACE] kernel:pid[3] sys_get_time[0m
[90m[TRACE] kernel:pid[3] sys_get_time[0m
[90m[TRACE] kernel:pid[3] sys_get_time[0m
[90m[TRACE] kernel:pid[3] sys_get_time[0m
[90m[TRACE] kernel:pid[3] sys_get_time[0m
[90m[TRACE] kernel:pid[3] sys_get_time[0m
[90m[TRACE] kernel:pid[3] sys_get_time[0m
[90m[TRACE] kernel:pid[3] sys_get_time[0m
[90m[TRACE] kernel:pid[3] sys_get_time[0m
[90m[TRACE] kernel:pid[3] sys_get_time[0m
[90m[TRACE] kernel:pid[3] sys_get_time[0m
[90m[TRACE] kernel:pid[3] sys_get_time[0m
[90m[TRACE] kernel:pid[3] sys_get_time[0m
[90m[TRACE] kernel:pid[3] sys_get_time[0m
[90m[TRACE] kernel:pid[3] sys_get_time[0m
[90m[TRACE] kernel:pid[3] sys_get_time[0m
[90m[TRACE] kernel:pid[3] sys_get_time[0m
[90m[TRACE] kernel:pid[3] sys_get_time[0m
[90m[TRACE] kernel:pid[3] sys_get_time[0m
[90m[TRACE] kernel:pid[3] sys_get_time[0m
[90m[TRACE] kernel:pid[3] sys_get_time[0m
[90m[TRACE] kernel:pid[3] sys_get_time[0m
[90m[TRACE] kernel:pid[3] sys_get_time[0m
[90m[TRACE] kernel:pid[3] sys_get_time[0m
[90m[TRACE] kernel:pid[3] sys_get_time[0m
[90m[TRACE] kernel:pid[3] sys_get_time[0m
[90m[TRACE] kernel:pid[3] sys_get_time[0m
[90m[TRACE] kernel:pid[3] sys_get_time[0m
[90m[TRACE] kernel:pid[3] sys_get_time[0m
[90m[TRACE] kernel:pid[3] sys_get_time[0m
[90m[TRACE] kernel:pid[3] sys_get_time[0m
[90m[TRACE] kernel:pid[3] sys_get_time[0m
[90m[TRACE] kernel:pid[3] sys_get_time[0m
[90m[TRACE] kernel:pid[3] sys_get_time[0m
[90m[TRACE] kernel:pid[3] sys_get_time[0m
[90m[TRACE] kernel:pid[3] sys_get_time[0m
[90m[TRACE] kernel:pid[3] sys_get_time[0m
[90m[TRACE] kernel:pid[3] sys_get_time[0m
[90m[TRACE] kernel:pid[3] sys_get_time[0m
[90m[TRACE] kernel:pid[3] sys_get_time[0m
[90m[TRACE] kernel:pid[3] sys_get_time[0m
[90m[TRACE] kernel:pid[3] sys_get_time[0m
[90m[TRACE] kernel:pid[3] sys_get_time[0m
[90m[TRACE] kernel:pid[3] sys_get_time[0m
[90m[TRACE] kernel:pid[3] sys_get_time[0m
[90m[TRACE] kernel:pid[3] sys_get_time[0m
[90m[TRACE] kernel:pid[3] sys_get_time[0m
[90m[TRACE] kernel:pid[3] sys_get_time[0m
[90m[TRACE] kernel:pid[3] sys_get_time[0m
[90m[TRACE] kernel:pid[3] sys_get_time[0m
[90m[TRACE] kernel:pid[3] sys_get_time[0m
[90m[TRACE] kernel:pid[3] sys_get_time[0m
[90m[TRACE] kernel:pid[3] sys_get_time[0m
[90m[TRACE] kernel:pid[3] sys_get_time[0m
[90m[TRACE] kernel:pid[3] sys_get_time[0m
[90m[TRACE] kernel:pid[3] sys_get_time[0m
[90m[TRACE] kernel:pid[3] sys_get_time[0m
[90m[TRACE] kernel:pid[3] sys_get_time[0m
[90m[TRACE] kernel:pid[3] sys_get_time[0m
[90m[TRACE] kernel:pid[3] sys_get_time[0m
[90m[TRACE] kernel:pid[3] sys_get_time[0m
[90m[TRACE] kernel:pid[3] sys_get_time[0m
[90m[TRACE] kernel:pid[3] sys_get_time[0m
[90m[TRACE] kernel:pid[3] sys_get_time[0m
[90m[TRACE] kernel:pid[3] sys_get_time[0m
[90m[TRACE] kernel:pid[3] sys_get_time[0m
[90m[TRACE] kernel:pid[3] sys_get_time[0m
[90m[TRACE] kernel:pid[3] sys_get_time[0m
[90m[TRACE] kernel:pid[3] sys_get_time[0m
[90m[TRACE] kernel:pid[3] sys_get_time[0m
[90m[TRACE] kernel:pid[3] sys_get_time[0m
[90m[TRACE] kernel:pid[3] sys_get_time[0m
[90m[TRACE] kernel:pid[3] sys_get_time[0m
[90m[TRACE] kernel:pid[3] sys_get_time[0m
[90m[TRACE] kernel:pid[3] sys_get_time[0m
[90m[TRACE] kernel:pid[3] sys_get_time[0m
[90m[TRACE] kernel:pid[3] sys_get_time[0m
[90m[TRACE] kernel:pid[3] sys_get_time[0m
[90m[TRACE] kernel:pid[3] sys_get_time[0m
[90m[TRACE] kernel:pid[3] sys_get_time[0m
[90m[TRACE] kernel:pid[3] sys_get_time[0m
[90m[TRACE] kernel:pid[3] sys_get_time[0m
[90m[TRACE] kernel:pid[3] sys_get_time[0m
[90m[TRACE] kernel:pid[3] sys_get_time[0m
[90m[TRACE] kernel:pid[3] sys_get_time[0m
[90m[TRACE] kernel:pid[3] sys_get_time[0m
[90m[TRACE] kernel:pid[3] sys_get_time[0m
[90m[TRACE] kernel:pid[3] sys_get_time[0m
[90m[TRACE] kernel:pid[3] sys_get_time[0m
[90m[TRACE] kernel:pid[3] sys_get_time[0m
[90m[TRACE] kernel:pid[3] sys_get_time[0m
[90m[TRACE] kernel:pid[3] sys_get_time[0m
[90m[TRACE] kernel:pid[3] sys_get_time[0m
[90m[TRACE] kernel:pid[3] sys_get_time[0m
[90m[TRACE] kernel:pid[3] sys_get_time[0m
[90m[TRACE] kernel:pid[3] sys_get_time[0m
[90m[TRACE] kernel:pid[3] sys_get_time[0m
[90m[TRACE] kernel:pid[3] sys_get_time[0m
[90m[TRACE] kernel:pid[3] sys_get_time[0m
[90m[TRACE] kernel:pid[3] sys_get_time[0m
[90m[TRACE] kernel:pid[3] sys_get_time[0m
[90m[TRACE] kernel:pid[3] sys_get_time[0m
[90m[TRACE] kernel:pid[3] sys_get_time[0m
[90m[TRACE] kernel:pid[3] sys_get_time[0m
[90m[TRACE] kernel:pid[3] sys_get_time[0m
[90m[TRACE] kernel:pid[3] sys_get_time[0m
[90m[TRACE] kernel:pid[3] sys_get_time[0m
[90m[TRACE] kernel:pid[3] sys_get_time[0m
[90m[TRACE] kernel:pid[3] sys_get_time[0m
[90m[TRACE] kernel:pid[3] sys_get_time[0m
[90m[TRACE] kernel:pid[3] sys_get_time[0m
[90m[TRACE] kernel:pid[3] sys_get_time[0m
[90m[TRACE] kernel:pid[3] sys_get_time[0m
[90m[TRACE] kernel:pid[3] sys_get_time[0m
[90m[TRACE] kernel:pid[3] sys_get_time[0m
[90m[TRACE] kernel:pid[3] sys_get_time[0m
[90m[TRACE] kernel:pid[3] sys_get_time[0m
[90m[TRACE] kernel:pid[3] sys_get_time[0m
[90m[TRACE] kernel:pid[3] sys_get_time[0m
[90m[TRACE] kernel:pid[3] sys_get_time[0m
[90m[TRACE] kernel:pid[3] sys_get_time[0m
[90m[TRACE] kernel:pid[3] sys_get_time[0m
[90m[TRACE] kernel:pid[3] sys_get_time[0m
[90m[TRACE] kernel:pid[3] sys_get_time[0m
[90m[TRACE] kernel:pid[3] sys_get_time[0m
[90m[TRACE] kernel:pid[3] sys_get_time[0m
[90m[TRACE] kernel:pid[3] sys_get_time[0m
[90m[TRACE] kernel:pid[3] sys_get_time[0m
[90m[TRACE] kernel:pid[3] sys_get_time[0m
[90m[TRACE] kernel:pid[3] sys_get_time[0m
[90m[TRACE] kernel:pid[3] sys_get_time[0m
[90m[TRACE] kernel:pid[3] sys_get_time[0m
[90m[TRACE] kernel:pid[3] sys_get_time[0m
[90m[TRACE] kernel:pid[3] sys_get_time[0m
[90m[TRACE] kernel:pid[3] sys_get_time[0m
[90m[TRACE] kernel:pid[3] sys_get_time[0m
[90m[TRACE] kernel:pid[3] sys_get_time[0m
[90m[TRACE] kernel:pid[3] sys_get_time[0m
[90m[TRACE] kernel:pid[3] sys_get_time[0m
[90m[TRACE] kernel:pid[3] sys_get_time[0m
[90m[TRACE] kernel:pid[3] sys_get_time[0m
[90m[TRACE] kernel:pid[3] sys_get_time[0m
[90m[TRACE] kernel:pid[3] sys_get_time[0m
[90m[TRACE] kernel:pid[3] sys_get_time[0m
[90m[TRACE] kernel:pid[3] sys_get_time[0m
[90m[TRACE] kernel:pid[3] sys_get_time[0m
[90m[TRACE] kernel:pid[3] sys_get_time[0m
[90m[TRACE] kernel:pid[3] sys_get_time[0m
[90m[TRACE] kernel:pid[3] sys_get_time[0m
[90m[TRACE] kernel:pid[3] sys_get_time[0m
[90m[TRACE] kernel:pid[3] sys_get_time[0m
[90m[TRACE] kernel:pid[3] sys_get_time[0m
[90m[TRACE] kernel:pid[3] sys_get_time[0m
[90m[TRACE] kernel:pid[3] sys_get_time[0m
[90m[TRACE] kernel:pid[3] sys_get_time[0m
[90m[TRACE] kernel:pid[3] sys_get_time[0m
[90m[TRACE] kernel:pid[3] sys_get_time[0m
[90m[TRACE] kernel:pid[3] sys_get_time[0m
[90m[TRACE] kernel:pid[3] sys_get_time[0m
[90m[TRACE] kernel:pid[3] sys_get_time[0m
[90m[TRACE] kernel:pid[3] sys_get_time[0m
[90m[TRACE] kernel:pid[3] sys_get_time[0m
[90m[TRACE] kernel:pid[3] sys_get_time[0m
[90m[TRACE] kernel:pid[3] sys_get_time[0m
[90m[TRACE] kernel:pid[3] sys_get_time[0m
[90m[TRACE] kernel:pid[3] sys_get_time[0m
[90m[TRACE] kernel:pid[3] sys_get_time[0m
[90m[TRACE] kernel:pid[3] sys_get_time[0m
[90m[TRACE] kernel:pid[3] sys_get_time[0m
[90m[TRACE] kernel:pid[3] sys_get_time[0m
[90m[TRACE] kernel:pid[3] sys_get_time[0m
[90m[TRACE] kernel:pid[3] sys_get_time[0m
[90m[TRACE] kernel:pid[3] sys_get_time[0m
[90m[TRACE] kernel:pid[3] sys_get_time[0m
[90m[TRACE] kernel:pid[3] sys_get_time[0m
[90m[TRACE] kernel:pid[3] sys_get_time[0m
[90m[TRACE] kernel:pid[3] sys_get_time[0m
[90m[TRACE] kernel:pid[3] sys_get_time[0m
[90m[TRACE] kernel:pid[3] sys_get_time[0m
[90m[TRACE] kernel:pid[3] sys_get_time[0m
[90m[TRACE] kernel:pid[3] sys_get_time[0m
[90m[TRACE] kernel:pid[3] sys_get_time[0m
[90m[TRACE] kernel:pid[3] sys_get_time[0m
[90m[TRACE] kernel:pid[3] sys_get_time[0m
[90m[TRACE] kernel:pid[3] sys_get_time[0m
[90m[TRACE] kernel:pid[3] sys_get_time[0m
[90m[TRACE] kernel:pid[3] sys_get_time[0m
[90m[TRACE] kernel:pid[3] sys_get_time[0m
[90m[TRACE] kernel:pid[3] sys_get_time[0m
[90m[TRACE] kernel:pid[3] sys_get_time[0m
[90m[TRACE] kernel:pid[3] sys_get_time[0m
[90m[TRACE] kernel:pid[3] sys_get_time[0m
[90m[TRACE] kernel:pid[3] sys_get_time[0m
[90m[TRACE] kernel:pid[3] sys_get_time[0m
[90m[TRACE] kernel:pid[3] sys_get_time[0m
[90m[TRACE] kernel:pid[3] sys_get_time[0m
[90m[TRACE] kernel:pid[3] sys_get_time[0m
[90m[TRACE] kernel:pid[3] sys_get_time[0m
[90m[TRACE] kernel:pid[3] sys_get_time[0m
[90m[TRACE] kernel:pid[3] sys_get_time[0m
[90m[TRACE] kernel:pid[3] sys_get_time[0m
[90m[TRACE] kernel:pid[3] sys_get_time[0m
[90m[TRACE] kernel:pid[3] sys_get_time[0m
[90m[TRACE] kernel:pid[3] sys_get_time[0m
[90m[TRACE] kernel:pid[3] sys_get_time[0m
[90m[TRACE] kernel:pid[3] sys_get_time[0m
[90m[TRACE] kernel:pid[3] sys_get_time[0m
[90m[TRACE] kernel:pid[3] sys_get_time[0m
[90m[TRACE] kernel:pid[3] sys_get_time[0m
[90m[TRACE] kernel:pid[3] sys_get_time[0m
[90m[TRACE] kernel:pid[3] sys_get_time[0m
[90m[TRACE] kernel:pid[3] sys_get_time[0m
[90m[TRACE] kernel:pid[3] sys_get_time[0m
[90m[TRACE] kernel:pid[3] sys_get_time[0m
[90m[TRACE] kernel:pid[3] sys_get_time[0m
[90m[TRACE] kernel:pid[3] sys_get_time[0m
[90m[TRACE] kernel:pid[3] sys_get_time[0m
[90m[TRACE] kernel:pid[3] sys_get_time[0m
[90m[TRACE] kernel:pid[3] sys_get_time[0m
[90m[TRACE] kernel:pid[3] sys_get_time[0m
[90m[TRACE] kernel:pid[3] sys_get_time[0m
[90m[TRACE] kernel:pid[3] sys_get_time[0m
[90m[TRACE] kernel:pid[3] sys_get_time[0m
[90m[TRACE] kernel:pid[3] sys_get_time[0m
[90m[TRACE] kernel:pid[3] sys_get_time[0m
[90m[TRACE] kernel:pid[3] sys_get_time[0m
[90m[TRACE] kernel:pid[3] sys_get_time[0m
[90m[TRACE] kernel:pid[3] sys_get_time[0m
[90m[TRACE] kernel:pid[3] sys_get_time[0m
[90m[TRACE] kernel:pid[3] sys_get_time[0m
[90m[TRACE] kernel:pid[3] sys_get_time[0m
[90m[TRACE] kernel:pid[3] sys_get_time[0m
[90m[TRACE] kernel:pid[3] sys_get_time[0m
[90m[TRACE] kernel:pid[3] sys_get_time[0m
[90m[TRACE] kernel:pid[3] sys_get_time[0m
[90m[TRACE] kernel:pid[3] sys_get_time[0m
[90m[TRACE] kernel:pid[3] sys_get_time[0m
[90m[TRACE] kernel:pid[3] sys_get_time[0m
[90m[TRACE] kernel:pid[3] sys_get_time[0m
[90m[TRACE] kernel:pid[3] sys_get_time[0m
[90m[TRACE] kernel:pid[3] sys_get_time[0m
[90m[TRACE] kernel:pid[3] sys_get_time[0m
[90m[TRACE] kernel:pid[3] sys_get_time[0m
[90m[TRACE] kernel:pid[3] sys_get_time[0m
[90m[TRACE] kernel:pid[3] sys_get_time[0m
[90m[TRACE] kernel:pid[3] sys_get_time[0m
[90m[TRACE] kernel:pid[3] sys_get_time[0m
[90m[TRACE] kernel:pid[3] sys_get_time[0m
[90m[TRACE] kernel:pid[3] sys_get_time[0m
[90m[TRACE] kernel:pid[3] sys_get_time[0m
[90m[TRACE] kernel:pid[3] sys_get_time[0m
[90m[TRACE] kernel:pid[3] sys_get_time[0m
[90m[TRACE] kernel:pid[3] sys_get_time[0m
[90m[TRACE] kernel:pid[3] sys_get_time[0m
[90m[TRACE] kernel:pid[3] sys_get_time[0m
[90m[TRACE] kernel:pid[3] sys_get_time[0m
[90m[TRACE] kernel:pid[3] sys_get_time[0m
[90m[TRACE] kernel:pid[3] sys_get_time[0m
[90m[TRACE] kernel:pid[3] sys_get_time[0m
[90m[TRACE] kernel:pid[3] sys_get_time[0m
[90m[TRACE] kernel:pid[3] sys_get_time[0m
[90m[TRACE] kernel:pid[3] sys_get_time[0m
[90m[TRACE] kernel:pid[3] sys_get_time[0m
[90m[TRACE] kernel:pid[3] sys_get_time[0m
[90m[TRACE] kernel:pid[3] sys_get_time[0m
[90m[TRACE] kernel:pid[3] sys_get_time[0m
[90m[TRACE] kernel:pid[3] sys_get_time[0m
[90m[TRACE] kernel:pid[3] sys_get_time[0m
[90m[TRACE] kernel:pid[3] sys_get_time[0m
[90m[TRACE] kernel:pid[3] sys_get_time[0m
[90m[TRACE] kernel:pid[3] sys_get_time[0m
[90m[TRACE] kernel:pid[3] sys_get_time[0m
[90m[TRACE] kernel:pid[3] sys_get_time[0m
[90m[TRACE] kernel:pid[3] sys_get_time[0m
[90m[TRACE] kernel:pid[3] sys_get_time[0m
[90m[TRACE] kernel:pid[3] sys_get_time[0m
[90m[TRACE] kernel:pid[3] sys_get_time[0m
[90m[TRACE] kernel:pid[3] sys_get_time[0m
[90m[TRACE] kernel:pid[3] sys_get_time[0m
[90m[TRACE] kernel:pid[3] sys_get_time[0m
[90m[TRACE] kernel:pid[3] sys_get_time[0m
[90m[TRACE] kernel:pid[3] sys_get_time[0m
[90m[TRACE] kernel:pid[3] sys_get_time[0m
[90m[TRACE] kernel:pid[3] sys_get_time[0m
[90m[TRACE] kernel:pid[3] sys_get_time[0m
[90m[TRACE] kernel:pid[3] sys_get_time[0m
[90m[TRACE] kernel:pid[3] sys_get_time[0m
[90m[TRACE] kernel:pid[3] sys_get_time[0m
[90m[TRACE] kernel:pid[3] sys_get_time[0m
[90m[TRACE] kernel:pid[3] sys_get_time[0m
[90m[TRACE] kernel:pid[3] sys_get_time[0m
[90m[TRACE] kernel:pid[3] sys_get_time[0m
[90m[TRACE] kernel:pid[3] sys_get_time[0m
[90m[TRACE] kernel:pid[3] sys_get_time[0m
[90m[TRACE] kernel:pid[3] sys_get_time[0m
[90m[TRACE] kernel:pid[3] sys_get_time[0m
[90m[TRACE] kernel:pid[3] sys_get_time[0m
[90m[TRACE] kernel:pid[3] sys_get_time[0m
[90m[TRACE] kernel:pid[3] sys_get_time[0m
[90m[TRACE] kernel:pid[3] sys_get_time[0m
[90m[TRACE] kernel:pid[3] sys_get_time[0m
[90m[TRACE] kernel:pid[3] sys_get_time[0m
[90m[TRACE] kernel:pid[3] sys_get_time[0m
[90m[TRACE] kernel:pid[3] sys_get_time[0m
[90m[TRACE] kernel:pid[3] sys_get_time[0m
[90m[TRACE] kernel:pid[3] sys_get_time[0m
[90m[TRACE] kernel:pid[3] sys_get_time[0m
[90m[TRACE] kernel:pid[3] sys_get_time[0m
[90m[TRACE] kernel:pid[3] sys_get_time[0m
[90m[TRACE] kernel:pid[3] sys_get_time[0m
[90m[TRACE] kernel:pid[3] sys_get_time[0m
[90m[TRACE] kernel:pid[3] sys_get_time[0m
[90m[TRACE] kernel:pid[3] sys_get_time[0m
[90m[TRACE] kernel:pid[3] sys_get_time[0m
[90m[TRACE] kernel:pid[3] sys_get_time[0m
[90m[TRACE] kernel:pid[3] sys_get_time[0m
[90m[TRACE] kernel:pid[3] sys_get_time[0m
[90m[TRACE] kernel:pid[3] sys_get_time[0m
[90m[TRACE] kernel:pid[3] sys_get_time[0m
[90m[TRACE] kernel:pid[3] sys_get_time[0m
[90m[TRACE] kernel:pid[3] sys_get_time[0m
[90m[TRACE] kernel:pid[3] sys_get_time[0m
[90m[TRACE] kernel:pid[3] sys_get_time[0m
[90m[TRACE] kernel:pid[3] sys_get_time[0m
[90m[TRACE] kernel:pid[3] sys_get_time[0m
[90m[TRACE] kernel:pid[3] sys_get_time[0m
[90m[TRACE] kernel:pid[3] sys_get_time[0m
[90m[TRACE] kernel:pid[3] sys_get_time[0m
[90m[TRACE] kernel:pid[3] sys_get_time[0m
[90m[TRACE] kernel:pid[3] sys_get_time[0m
[90m[TRACE] kernel:pid[3] sys_get_time[0m
[90m[TRACE] kernel:pid[3] sys_get_time[0m
[90m[TRACE] kernel:pid[3] sys_get_time[0m
[90m[TRACE] kernel:pid[3] sys_get_time[0m
[90m[TRACE] kernel:pid[3] sys_get_time[0m
[90m[TRACE] kernel:pid[3] sys_get_time[0m
[90m[TRACE] kernel:pid[3] sys_get_time[0m
[90m[TRACE] kernel:pid[3] sys_get_time[0m
[90m[TRACE] kernel:pid[3] sys_get_time[0m
[90m[TRACE] kernel:pid[3] sys_get_time[0m
[90m[TRACE] kernel:pid[3] sys_get_time[0m
[90m[TRACE] kernel:pid[3] sys_get_time[0m
[90m[TRACE] kernel:pid[3] sys_get_time[0m
[90m[TRACE] kernel:pid[3] sys_get_time[0m
[90m[TRACE] kernel:pid[3] sys_get_time[0m
[90m[TRACE] kernel:pid[3] sys_get_time[0m
[90m[TRACE] kernel:pid[3] sys_get_time[0m
[90m[TRACE] kernel:pid[3] sys_get_time[0m
[90m[TRACE] kernel:pid[3] sys_get_time[0m
[90m[TRACE] kernel:pid[3] sys_get_time[0m
[90m[TRACE] kernel:pid[3] sys_get_time[0m
[90m[TRACE] kernel:pid[3] sys_get_time[0m
[90m[TRACE] kernel:pid[3] sys_get_time[0m
[90m[TRACE] kernel:pid[3] sys_get_time[0m
[90m[TRACE] kernel:pid[3] sys_get_time[0m
[90m[TRACE] kernel:pid[3] sys_get_time[0m
[90m[TRACE] kernel:pid[3] sys_get_time[0m
[90m[TRACE] kernel:pid[3] sys_get_time[0m
[90m[TRACE] kernel:pid[3] sys_get_time[0m
[90m[TRACE] kernel:pid[3] sys_get_time[0m
[90m[TRACE] kernel:pid[3] sys_get_time[0m
[90m[TRACE] kernel:pid[3] sys_get_time[0m
[90m[TRACE] kernel:pid[3] sys_get_time[0m
[90m[TRACE] kernel:pid[3] sys_get_time[0m
[90m[TRACE] kernel:pid[3] sys_get_time[0m
[90m[TRACE] kernel:pid[3] sys_get_time[0m
[90m[TRACE] kernel:pid[3] sys_get_time[0m
[90m[TRACE] kernel:pid[3] sys_get_time[0m
[90m[TRACE] kernel:pid[3] sys_get_time[0m
[90m[TRACE] kernel:pid[3] sys_get_time[0m
[90m[TRACE] kernel:pid[3] sys_get_time[0m
[90m[TRACE] kernel:pid[3] sys_get_time[0m
[90m[TRACE] kernel:pid[3] sys_get_time[0m
[90m[TRACE] kernel:pid[3] sys_get_time[0m
[90m[TRACE] kernel:pid[3] sys_get_time[0m
[90m[TRACE] kernel:pid[3] sys_get_time[0m
[90m[TRACE] kernel:pid[3] sys_get_time[0m
[90m[TRACE] kernel:pid[3] sys_get_time[0m
[90m[TRACE] kernel:pid[3] sys_get_time[0m
[90m[TRACE] kernel:pid[3] sys_get_time[0m
[90m[TRACE] kernel:pid[3] sys_get_time[0m
[90m[TRACE] kernel:pid[3] sys_get_time[0m
[90m[TRACE] kernel:pid[3] sys_get_time[0m
[90m[TRACE] kernel:pid[3] sys_get_time[0m
[90m[TRACE] kernel:pid[3] sys_get_time[0m
[90m[TRACE] kernel:pid[3] sys_get_time[0m
[90m[TRACE] kernel:pid[3] sys_get_time[0m
[90m[TRACE] kernel:pid[3] sys_get_time[0m
[90m[TRACE] kernel:pid[3] sys_get_time[0m
[90m[TRACE] kernel:pid[3] sys_get_time[0m
[90m[TRACE] kernel:pid[3] sys_get_time[0m
[90m[TRACE] kernel:pid[3] sys_get_time[0m
[90m[TRACE] kernel:pid[3] sys_get_time[0m
[90m[TRACE] kernel:pid[3] sys_get_time[0m
[90m[TRACE] kernel:pid[3] sys_get_time[0m
[90m[TRACE] kernel:pid[3] sys_get_time[0m
[90m[TRACE] kernel:pid[3] sys_get_time[0m
[90m[TRACE] kernel:pid[3] sys_get_time[0m
[90m[TRACE] kernel:pid[3] sys_get_time[0m
[90m[TRACE] kernel:pid[3] sys_get_time[0m
[90m[TRACE] kernel:pid[3] sys_get_time[0m
[90m[TRACE] kernel:pid[3] sys_get_time[0m
[90m[TRACE] kernel:pid[3] sys_get_time[0m
[90m[TRACE] kernel:pid[3] sys_get_time[0m
[90m[TRACE] kernel:pid[3] sys_get_time[0m
[90m[TRACE] kernel:pid[3] sys_get_time[0m
[90m[TRACE] kernel:pid[3] sys_get_time[0m
[90m[TRACE] kernel:pid[3] sys_get_time[0m
[90m[TRACE] kernel:pid[3] sys_get_time[0m
[90m[TRACE] kernel:pid[3] sys_get_time[0m
[90m[TRACE] kernel:pid[3] sys_get_time[0m
[90m[TRACE] kernel:pid[3] sys_get_time[0m
[90m[TRACE] kernel:pid[3] sys_get_time[0m
[90m[TRACE] kernel:pid[3] sys_get_time[0m
[90m[TRACE] kernel:pid[3] sys_get_time[0m
[90m[TRACE] kernel:pid[3] sys_get_time[0m
[90m[TRACE] kernel:pid[3] sys_get_time[0m
[90m[TRACE] kernel:pid[3] sys_get_time[0m
[90m[TRACE] kernel:pid[3] sys_get_time[0m
[90m[TRACE] kernel:pid[3] sys_get_time[0m
[90m[TRACE] kernel:pid[3] sys_get_time[0m
[90m[TRACE] kernel:pid[3] sys_get_time[0m
[90m[TRACE] kernel:pid[3] sys_get_time[0m
[90m[TRACE] kernel:pid[3] sys_get_time[0m
[90m[TRACE] kernel:pid[3] sys_get_time[0m
[90m[TRACE] kernel:pid[3] sys_get_time[0m
[90m[TRACE] kernel:pid[3] sys_get_time[0m
[90m[TRACE] kernel:pid[3] sys_get_time[0m
[90m[TRACE] kernel:pid[3] sys_get_time[0m
[90m[TRACE] kernel:pid[3] sys_get_time[0m
[90m[TRACE] kernel:pid[3] sys_get_time[0m
[90m[TRACE] kernel:pid[3] sys_get_time[0m
[90m[TRACE] kernel:pid[3] sys_get_time[0m
[90m[TRACE] kernel:pid[3] sys_get_time[0m
[90m[TRACE] kernel:pid[3] sys_get_time[0m
[90m[TRACE] kernel:pid[3] sys_get_time[0m
[90m[TRACE] kernel:pid[3] sys_get_time[0m
[90m[TRACE] kernel:pid[3] sys_get_time[0m
[90m[TRACE] kernel:pid[3] sys_get_time[0m
[90m[TRACE] kernel:pid[3] sys_get_time[0m
[90m[TRACE] kernel:pid[3] sys_get_time[0m
[90m[TRACE] kernel:pid[3] sys_get_time[0m
[90m[TRACE] kernel:pid[3] sys_get_time[0m
[90m[TRACE] kernel:pid[3] sys_get_time[0m
[90m[TRACE] kernel:pid[3] sys_get_time[0m
[90m[TRACE] kernel:pid[3] sys_get_time[0m
[90m[TRACE] kernel:pid[3] sys_get_time[0m
[90m[TRACE] kernel:pid[3] sys_get_time[0m
[90m[TRACE] kernel:pid[3] sys_get_time[0m
[90m[TRACE] kernel:pid[3] sys_get_time[0m
[90m[TRACE] kernel:pid[3] sys_get_time[0m
[90m[TRACE] kernel:pid[3] sys_get_time[0m
[90m[TRACE] kernel:pid[3] sys_get_time[0m
[90m[TRACE] kernel:pid[3] sys_get_time[0m
[90m[TRACE] kernel:pid[3] sys_get_time[0m
[90m[TRACE] kernel:pid[3] sys_get_time[0m
[90m[TRACE] kernel:pid[3] sys_get_time[0m
[90m[TRACE] kernel:pid[3] sys_get_time[0m
[90m[TRACE] kernel:pid[3] sys_get_time[0m
[90m[TRACE] kernel:pid[3] sys_get_time[0m
[90m[TRACE] kernel:pid[3] sys_get_time[0m
[90m[TRACE] kernel:pid[3] sys_get_time[0m
[90m[TRACE] kernel:pid[3] sys_get_time[0m
[90m[TRACE] kernel:pid[3] sys_get_time[0m
[90m[TRACE] kernel:pid[3] sys_get_time[0m
[90m[TRACE] kernel:pid[3] sys_get_time[0m
[90m[TRACE] kernel:pid[3] sys_get_time[0m
[90m[TRACE] kernel:pid[3] sys_get_time[0m
[90m[TRACE] kernel:pid[3] sys_get_time[0m
[90m[TRACE] kernel:pid[3] sys_get_time[0m
[90m[TRACE] kernel:pid[3] sys_get_time[0m
[90m[TRACE] kernel:pid[3] sys_get_time[0m
[90m[TRACE] kernel:pid[3] sys_get_time[0m
[90m[TRACE] kernel:pid[3] sys_get_time[0m
[90m[TRACE] kernel:pid[3] sys_get_time[0m
[90m[TRACE] kernel:pid[3] sys_get_time[0m
[90m[TRACE] kernel:pid[3] sys_get_time[0m
[90m[TRACE] kernel:pid[3] sys_get_time[0m
[90m[TRACE] kernel:pid[3] sys_get_time[0m
[90m[TRACE] kernel:pid[3] sys_get_time[0m
[90m[TRACE] kernel:pid[3] sys_get_time[0m
[90m[TRACE] kernel:pid[3] sys_get_time[0m
[90m[TRACE] kernel:pid[3] sys_get_time[0m
[90m[TRACE] kernel:pid[3] sys_get_time[0m
[90m[TRACE] kernel:pid[3] sys_get_time[0m
[90m[TRACE] kernel:pid[3] sys_get_time[0m
[90m[TRACE] kernel:pid[3] sys_get_time[0m
[90m[TRACE] kernel:pid[3] sys_get_time[0m
[90m[TRACE] kernel:pid[3] sys_get_time[0m
[90m[TRACE] kernel:pid[3] sys_get_time[0m
[90m[TRACE] kernel:pid[3] sys_get_time[0m
[90m[TRACE] kernel:pid[3] sys_get_time[0m
[90m[TRACE] kernel:pid[3] sys_get_time[0m
[90m[TRACE] kernel:pid[3] sys_get_time[0m
[90m[TRACE] kernel:pid[3] sys_get_time[0m
[90m[TRACE] kernel:pid[3] sys_get_time[0m
[90m[TRACE] kernel:pid[3] sys_get_time[0m
[90m[TRACE] kernel:pid[3] sys_get_time[0m
[90m[TRACE] kernel:pid[3] sys_get_time[0m
[90m[TRACE] kernel:pid[3] sys_get_time[0m
[90m[TRACE] kernel:pid[3] sys_get_time[0m
[90m[TRACE] kernel:pid[3] sys_get_time[0m
[90m[TRACE] kernel:pid[3] sys_get_time[0m
[90m[TRACE] kernel:pid[3] sys_get_time[0m
[90m[TRACE] kernel:pid[3] sys_get_time[0m
[90m[TRACE] kernel:pid[3] sys_get_time[0m
[90m[TRACE] kernel:pid[3] sys_get_time[0m
[90m[TRACE] kernel:pid[3] sys_get_time[0m
[90m[TRACE] kernel:pid[3] sys_get_time[0m
[90m[TRACE] kernel:pid[3] sys_get_time[0m
[90m[TRACE] kernel:pid[3] sys_get_time[0m
[90m[TRACE] kernel:pid[3] sys_get_time[0m
[90m[TRACE] kernel:pid[3] sys_get_time[0m
[90m[TRACE] kernel:pid[3] sys_get_time[0m
[90m[TRACE] kernel:pid[3] sys_get_time[0m
[90m[TRACE] kernel:pid[3] sys_get_time[0m
[90m[TRACE] kernel:pid[3] sys_get_time[0m
[90m[TRACE] kernel:pid[3] sys_get_time[0m
[90m[TRACE] kernel:pid[3] sys_get_time[0m
[90m[TRACE] kernel:pid[3] sys_get_time[0m
[90m[TRACE] kernel:pid[3] sys_get_time[0m
[90m[TRACE] kernel:pid[3] sys_get_time[0m
[90m[TRACE] kernel:pid[3] sys_get_time[0m
[90m[TRACE] kernel:pid[3] sys_get_time[0m
[90m[TRACE] kernel:pid[3] sys_get_time[0m
[90m[TRACE] kernel:pid[3] sys_get_time[0m
[90m[TRACE] kernel:pid[3] sys_get_time[0m
[90m[TRACE] kernel:pid[3] sys_get_time[0m
[90m[TRACE] kernel:pid[3] sys_get_time[0m
[90m[TRACE] kernel:pid[3] sys_get_time[0m
[90m[TRACE] kernel:pid[3] sys_get_time[0m
[90m[TRACE] kernel:pid[3] sys_get_time[0m
[90m[TRACE] kernel:pid[3] sys_get_time[0m
[90m[TRACE] kernel:pid[3] sys_get_time[0m
[90m[TRACE] kernel:pid[3] sys_get_time[0m
[90m[TRACE] kernel:pid[3] sys_get_time[0m
[90m[TRACE] kernel:pid[3] sys_get_time[0m
[90m[TRACE] kernel:pid[3] sys_get_time[0m
[90m[TRACE] kernel:pid[3] sys_get_time[0m
[90m[TRACE] kernel:pid[3] sys_get_time[0m
[90m[TRACE] kernel:pid[3] sys_get_time[0m
[90m[TRACE] kernel:pid[3] sys_get_time[0m
[90m[TRACE] kernel:pid[3] sys_get_time[0m
[90m[TRACE] kernel:pid[3] sys_get_time[0m
[90m[TRACE] kernel:pid[3] sys_get_time[0m
[90m[TRACE] kernel:pid[3] sys_get_time[0m
[90m[TRACE] kernel:pid[3] sys_get_time[0m
[90m[TRACE] kernel:pid[3] sys_get_time[0m
[90m[TRACE] kernel:pid[3] sys_get_time[0m
[90m[TRACE] kernel:pid[3] sys_get_time[0m
[90m[TRACE] kernel:pid[3] sys_get_time[0m
[90m[TRACE] kernel:pid[3] sys_get_time[0m
[90m[TRACE] kernel:pid[3] sys_get_time[0m
[90m[TRACE] kernel:pid[3] sys_get_time[0m
[90m[TRACE] kernel:pid[3] sys_get_time[0m
[90m[TRACE] kernel:pid[3] sys_get_time[0m
[90m[TRACE] kernel:pid[3] sys_get_time[0m
[90m[TRACE] kernel:pid[3] sys_get_time[0m
[90m[TRACE] kernel:pid[3] sys_get_time[0m
[90m[TRACE] kernel:pid[3] sys_get_time[0m
[90m[TRACE] kernel:pid[3] sys_get_time[0m
[90m[TRACE] kernel:pid[3] sys_get_time[0m
[90m[TRACE] kernel:pid[3] sys_get_time[0m
[90m[TRACE] kernel:pid[3] sys_get_time[0m
[90m[TRACE] kernel:pid[3] sys_get_time[0m
[90m[TRACE] kernel:pid[3] sys_get_time[0m
[90m[TRACE] kernel:pid[3] sys_get_time[0m
[90m[TRACE] kernel:pid[3] sys_get_time[0m
[90m[TRACE] kernel:pid[3] sys_get_time[0m
[90m[TRACE] kernel:pid[3] sys_get_time[0m
[90m[TRACE] kernel:pid[3] sys_get_time[0m
[90m[TRACE] kernel:pid[3] sys_get_time[0m
[90m[TRACE] kernel:pid[3] sys_get_time[0m
[90m[TRACE] kernel:pid[3] sys_get_time[0m
[90m[TRACE] kernel:pid[3] sys_get_time[0m
[90m[TRACE] kernel:pid[3] sys_get_time[0m
[90m[TRACE] kernel:pid[3] sys_get_time[0m
[90m[TRACE] kernel:pid[3] sys_get_time[0m
[90m[TRACE] kernel:pid[3] sys_get_time[0m
[90m[TRACE] kernel:pid[3] sys_get_time[0m
[90m[TRACE] kernel:pid[3] sys_get_time[0m
[90m[TRACE] kernel:pid[3] sys_get_time[0m
[90m[TRACE] kernel:pid[3] sys_get_time[0m
[90m[TRACE] kernel:pid[3] sys_get_time[0m
[90m[TRACE] kernel:pid[3] sys_get_time[0m
[90m[TRACE] kernel:pid[3] sys_get_time[0m
[90m[TRACE] kernel:pid[3] sys_get_time[0m
[90m[TRACE] kernel:pid[3] sys_get_time[0m
[90m[TRACE] kernel:pid[3] sys_get_time[0m
[90m[TRACE] kernel:pid[3] sys_get_time[0m
[90m[TRACE] kernel:pid[3] sys_get_time[0m
[90m[TRACE] kernel:pid[3] sys_get_time[0m
[90m[TRACE] kernel:pid[3] sys_get_time[0m
[90m[TRACE] kernel:pid[3] sys_get_time[0m
[90m[TRACE] kernel:pid[3] sys_get_time[0m
[90m[TRACE] kernel:pid[3] sys_get_time[0m
[90m[TRACE] kernel:pid[3] sys_get_time[0m
[90m[TRACE] kernel:pid[3] sys_get_time[0m
[90m[TRACE] kernel:pid[3] sys_get_time[0m
[90m[TRACE] kernel:pid[3] sys_get_time[0m
[90m[TRACE] kernel:pid[3] sys_get_time[0m
[90m[TRACE] kernel:pid[3] sys_get_time[0m
[90m[TRACE] kernel:pid[3] sys_get_time[0m
[90m[TRACE] kernel:pid[3] sys_get_time[0m
[90m[TRACE] kernel:pid[3] sys_get_time[0m
[90m[TRACE] kernel:pid[3] sys_get_time[0m
[90m[TRACE] kernel:pid[3] sys_get_time[0m
[90m[TRACE] kernel:pid[3] sys_get_time[0m
[90m[TRACE] kernel:pid[3] sys_get_time[0m
[90m[TRACE] kernel:pid[3] sys_get_time[0m
[90m[TRACE] kernel:pid[3] sys_get_time[0m
[90m[TRACE] kernel:pid[3] sys_get_time[0m
[90m[TRACE] kernel:pid[3] sys_get_time[0m
[90m[TRACE] kernel:pid[3] sys_get_time[0m
[90m[TRACE] kernel:pid[3] sys_get_time[0m
[90m[TRACE] kernel:pid[3] sys_get_time[0m
[90m[TRACE] kernel:pid[3] sys_get_time[0m
[90m[TRACE] kernel:pid[3] sys_get_time[0m
[90m[TRACE] kernel:pid[3] sys_get_time[0m
[90m[TRACE] kernel:pid[3] sys_get_time[0m
[90m[TRACE] kernel:pid[3] sys_get_time[0m
[90m[TRACE] kernel:pid[3] sys_get_time[0m
[90m[TRACE] kernel:pid[3] sys_get_time[0m
[90m[TRACE] kernel:pid[3] sys_get_time[0m
[90m[TRACE] kernel:pid[3] sys_get_time[0m
[90m[TRACE] kernel:pid[3] sys_get_time[0m
[90m[TRACE] kernel:pid[3] sys_get_time[0m
[90m[TRACE] kernel:pid[3] sys_get_time[0m
[90m[TRACE] kernel:pid[3] sys_get_time[0m
[90m[TRACE] kernel:pid[3] sys_get_time[0m
[90m[TRACE] kernel:pid[3] sys_get_time[0m
[90m[TRACE] kernel:pid[3] sys_get_time[0m
[90m[TRACE] kernel:pid[3] sys_get_time[0m
[90m[TRACE] kernel:pid[3] sys_get_time[0m
[90m[TRACE] kernel:pid[3] sys_get_time[0m
[90m[TRACE] kernel:pid[3] sys_get_time[0m
[90m[TRACE] kernel:pid[3] sys_get_time[0m
[90m[TRACE] kernel:pid[3] sys_get_time[0m
[90m[TRACE] kernel:pid[3] sys_get_time[0m
[90m[TRACE] kernel:pid[3] sys_get_time[0m
[90m[TRACE] kernel:pid[3] sys_get_time[0m
[90m[TRACE] kernel:pid[3] sys_get_time[0m
[90m[TRACE] kernel:pid[3] sys_get_time[0m
[90m[TRACE] kernel:pid[3] sys_get_time[0m
[90m[TRACE] kernel:pid[3] sys_get_time[0m
[90m[TRACE] kernel:pid[3] sys_get_time[0m
[90m[TRACE] kernel:pid[3] sys_get_time[0m
[90m[TRACE] kernel:pid[3] sys_get_time[0m
[90m[TRACE] kernel:pid[3] sys_get_time[0m
[90m[TRACE] kernel:pid[3] sys_get_time[0m
[90m[TRACE] kernel:pid[3] sys_get_time[0m
[90m[TRACE] kernel:pid[3] sys_get_time[0m
[90m[TRACE] kernel:pid[3] sys_get_time[0m
[90m[TRACE] kernel:pid[3] sys_get_time[0m
[90m[TRACE] kernel:pid[3] sys_get_time[0m
[90m[TRACE] kernel:pid[3] sys_get_time[0m
[90m[TRACE] kernel:pid[3] sys_get_time[0m
[90m[TRACE] kernel:pid[3] sys_get_time[0m
[90m[TRACE] kernel:pid[3] sys_get_time[0m
[90m[TRACE] kernel:pid[3] sys_get_time[0m
[90m[TRACE] kernel:pid[3] sys_get_time[0m
[90m[TRACE] kernel:pid[3] sys_get_time[0m
[90m[TRACE] kernel:pid[3] sys_get_time[0m
[90m[TRACE] kernel:pid[3] sys_get_time[0m
[90m[TRACE] kernel:pid[3] sys_get_time[0m
[90m[TRACE] kernel:pid[3] sys_get_time[0m
[90m[TRACE] kernel:pid[3] sys_get_time[0m
[90m[TRACE] kernel:pid[3] sys_get_time[0m
[90m[TRACE] kernel:pid[3] sys_get_time[0m
[90m[TRACE] kernel:pid[3] sys_get_time[0m
[90m[TRACE] kernel:pid[3] sys_get_time[0m
[90m[TRACE] kernel:pid[3] sys_get_time[0m
[90m[TRACE] kernel:pid[3] sys_get_time[0m
[90m[TRACE] kernel:pid[3] sys_get_time[0m
[90m[TRACE] kernel:pid[3] sys_get_time[0m
[90m[TRACE] kernel:pid[3] sys_get_time[0m
[90m[TRACE] kernel:pid[3] sys_get_time[0m
[90m[TRACE] kernel:pid[3] sys_get_time[0m
[90m[TRACE] kernel:pid[3] sys_get_time[0m
[90m[TRACE] kernel:pid[3] sys_get_time[0m
[90m[TRACE] kernel:pid[3] sys_get_time[0m
[90m[TRACE] kernel:pid[3] sys_get_time[0m
[90m[TRACE] kernel:pid[3] sys_get_time[0m
[90m[TRACE] kernel:pid[3] sys_get_time[0m
[90m[TRACE] kernel:pid[3] sys_get_time[0m
[90m[TRACE] kernel:pid[3] sys_get_time[0m
[90m[TRACE] kernel:pid[3] sys_get_time[0m
[90m[TRACE] kernel:pid[3] sys_get_time[0m
[90m[TRACE] kernel:pid[3] sys_get_time[0m
[90m[TRACE] kernel:pid[3] sys_get_time[0m
[90m[TRACE] kernel:pid[3] sys_get_time[0m
[90m[TRACE] kernel:pid[3] sys_get_time[0m
[90m[TRACE] kernel:pid[3] sys_get_time[0m
[90m[TRACE] kernel:pid[3] sys_get_time[0m
[90m[TRACE] kernel:pid[3] sys_get_time[0m
[90m[TRACE] kernel:pid[3] sys_get_time[0m
[90m[TRACE] kernel:pid[3] sys_get_time[0m
[90m[TRACE] kernel:pid[3] sys_get_time[0m
[90m[TRACE] kernel:pid[3] sys_get_time[0m
[90m[TRACE] kernel:pid[3] sys_get_time[0m
[90m[TRACE] kernel:pid[3] sys_get_time[0m
[90m[TRACE] kernel:pid[3] sys_get_time[0m
[90m[TRACE] kernel:pid[3] sys_get_time[0m
[90m[TRACE] kernel:pid[3] sys_get_time[0m
[90m[TRACE] kernel:pid[3] sys_get_time[0m
[90m[TRACE] kernel:pid[3] sys_get_time[0m
[90m[TRACE] kernel:pid[3] sys_get_time[0m
[90m[TRACE] kernel:pid[3] sys_get_time[0m
[90m[TRACE] kernel:pid[3] sys_get_time[0m
[90m[TRACE] kernel:pid[3] sys_get_time[0m
[90m[TRACE] kernel:pid[3] sys_get_time[0m
[90m[TRACE] kernel:pid[3] sys_get_time[0m
[90m[TRACE] kernel:pid[3] sys_get_time[0m
[90m[TRACE] kernel:pid[3] sys_get_time[0m
[90m[TRACE] kernel:pid[3] sys_get_time[0m
[90m[TRACE] kernel:pid[3] sys_get_time[0m
[90m[TRACE] kernel:pid[3] sys_get_time[0m
[90m[TRACE] kernel:pid[3] sys_get_time[0m
[90m[TRACE] kernel:pid[3] sys_get_time[0m
[90m[TRACE] kernel:pid[3] sys_get_time[0m
[90m[TRACE] kernel:pid[3] sys_get_time[0m
[90m[TRACE] kernel:pid[3] sys_get_time[0m
[90m[TRACE] kernel:pid[3] sys_get_time[0m
[90m[TRACE] kernel:pid[3] sys_get_time[0m
[90m[TRACE] kernel:pid[3] sys_get_time[0m
[90m[TRACE] kernel:pid[3] sys_get_time[0m
[90m[TRACE] kernel:pid[3] sys_get_time[0m
[90m[TRACE] kernel:pid[3] sys_get_time[0m
[90m[TRACE] kernel:pid[3] sys_get_time[0m
[90m[TRACE] kernel:pid[3] sys_get_time[0m
[90m[TRACE] kernel:pid[3] sys_get_time[0m
[90m[TRACE] kernel:pid[3] sys_get_time[0m
[90m[TRACE] kernel:pid[3] sys_get_time[0m
[90m[TRACE] kernel:pid[3] sys_get_time[0m
[90m[TRACE] kernel:pid[3] sys_get_time[0m
[90m[TRACE] kernel:pid[3] sys_get_time[0m
[90m[TRACE] kernel:pid[3] sys_get_time[0m
[90m[TRACE] kernel:pid[3] sys_get_time[0m
[90m[TRACE] kernel:pid[3] sys_get_time[0m
[90m[TRACE] kernel:pid[3] sys_get_time[0m
[90m[TRACE] kernel:pid[3] sys_get_time[0m
[90m[TRACE] kernel:pid[3] sys_get_time[0m
[90m[TRACE] kernel:pid[3] sys_get_time[0m
[90m[TRACE] kernel:pid[3] sys_get_time[0m
[90m[TRACE] kernel:pid[3] sys_get_time[0m
[90m[TRACE] kernel:pid[3] sys_get_time[0m
[90m[TRACE] kernel:pid[3] sys_get_time[0m
[90m[TRACE] kernel:pid[3] sys_get_time[0m
[90m[TRACE] kernel:pid[3] sys_get_time[0m
[90m[TRACE] kernel:pid[3] sys_get_time[0m
[90m[TRACE] kernel:pid[3] sys_get_time[0m
[90m[TRACE] kernel:pid[3] sys_get_time[0m
[90m[TRACE] kernel:pid[3] sys_get_time[0m
[90m[TRACE] kernel:pid[3] sys_get_time[0m
[90m[TRACE] kernel:pid[3] sys_get_time[0m
[90m[TRACE] kernel:pid[3] sys_get_time[0m
[90m[TRACE] kernel:pid[3] sys_get_time[0m
[90m[TRACE] kernel:pid[3] sys_get_time[0m
[90m[TRACE] kernel:pid[3] sys_get_time[0m
[90m[TRACE] kernel:pid[3] sys_get_time[0m
[90m[TRACE] kernel:pid[3] sys_get_time[0m
[90m[TRACE] kernel:pid[3] sys_get_time[0m
[90m[TRACE] kernel:pid[3] sys_get_time[0m
[90m[TRACE] kernel:pid[3] sys_get_time[0m
[90m[TRACE] kernel:pid[3] sys_get_time[0m
[90m[TRACE] kernel:pid[3] sys_get_time[0m
[90m[TRACE] kernel:pid[3] sys_get_time[0m
[90m[TRACE] kernel:pid[3] sys_get_time[0m
[90m[TRACE] kernel:pid[3] sys_get_time[0m
[90m[TRACE] kernel:pid[3] sys_get_time[0m
[90m[TRACE] kernel:pid[3] sys_get_time[0m
[90m[TRACE] kernel:pid[3] sys_get_time[0m
[90m[TRACE] kernel:pid[3] sys_get_time[0m
[90m[TRACE] kernel:pid[3] sys_get_time[0m
[90m[TRACE] kernel:pid[3] sys_get_time[0m
[90m[TRACE] kernel:pid[3] sys_get_time[0m
[90m[TRACE] kernel:pid[3] sys_get_time[0m
[90m[TRACE] kernel:pid[3] sys_get_time[0m
[90m[TRACE] kernel:pid[3] sys_get_time[0m
[90m[TRACE] kernel:pid[3] sys_get_time[0m
[90m[TRACE] kernel:pid[3] sys_get_time[0m
[90m[TRACE] kernel:pid[3] sys_get_time[0m
[90m[TRACE] kernel:pid[3] sys_get_time[0m
[90m[TRACE] kernel:pid[3] sys_get_time[0m
[90m[TRACE] kernel:pid[3] sys_get_time[0m
[90m[TRACE] kernel:pid[3] sys_get_time[0m
[90m[TRACE] kernel:pid[3] sys_get_time[0m
[90m[TRACE] kernel:pid[3] sys_get_time[0m
[90m[TRACE] kernel:pid[3] sys_get_time[0m
[90m[TRACE] kernel:pid[3] sys_get_time[0m
[90m[TRACE] kernel:pid[3] sys_get_time[0m
[90m[TRACE] kernel:pid[3] sys_get_time[0m
[90m[TRACE] kernel:pid[3] sys_get_time[0m
[90m[TRACE] kernel:pid[3] sys_get_time[0m
[90m[TRACE] kernel:pid[3] sys_get_time[0m
[90m[TRACE] kernel:pid[3] sys_get_time[0m
[90m[TRACE] kernel:pid[3] sys_get_time[0m
[90m[TRACE] kernel:pid[3] sys_get_time[0m
[90m[TRACE] kernel:pid[3] sys_get_time[0m
[90m[TRACE] kernel:pid[3] sys_get_time[0m
[90m[TRACE] kernel:pid[3] sys_get_time[0m
[90m[TRACE] kernel:pid[3] sys_get_time[0m
[90m[TRACE] kernel:pid[3] sys_get_time[0m
[90m[TRACE] kernel:pid[3] sys_get_time[0m
[90m[TRACE] kernel:pid[3] sys_get_time[0m
[90m[TRACE] kernel:pid[3] sys_get_time[0m
[90m[TRACE] kernel:pid[3] sys_get_time[0m
[90m[TRACE] kernel:pid[3] sys_get_time[0m
[90m[TRACE] kernel:pid[3] sys_get_time[0m
[90m[TRACE] kernel:pid[3] sys_get_time[0m
[90m[TRACE] kernel:pid[3] sys_get_time[0m
[90m[TRACE] kernel:pid[3] sys_get_time[0m
[90m[TRACE] kernel:pid[3] sys_get_time[0m
[90m[TRACE] kernel:pid[3] sys_get_time[0m
[90m[TRACE] kernel:pid[3] sys_get_time[0m
[90m[TRACE] kernel:pid[3] sys_get_time[0m
[90m[TRACE] kernel:pid[3] sys_get_time[0m
[90m[TRACE] kernel:pid[3] sys_get_time[0m
[90m[TRACE] kernel:pid[3] sys_get_time[0m
[90m[TRACE] kernel:pid[3] sys_get_time[0m
[90m[TRACE] kernel:pid[3] sys_get_time[0m
[90m[TRACE] kernel:pid[3] sys_get_time[0m
[90m[TRACE] kernel:pid[3] sys_get_time[0m
[90m[TRACE] kernel:pid[3] sys_get_time[0m
[90m[TRACE] kernel:pid[3] sys_get_time[0m
[90m[TRACE] kernel:pid[3] sys_get_time[0m
[90m[TRACE] kernel:pid[3] sys_get_time[0m
[90m[TRACE] kernel:pid[3] sys_get_time[0m
[90m[TRACE] kernel:pid[3] sys_get_time[0m
[90m[TRACE] kernel:pid[3] sys_get_time[0m
[90m[TRACE] kernel:pid[3] sys_get_time[0m
[90m[TRACE] kernel:pid[3] sys_get_time[0m
[90m[TRACE] kernel:pid[3] sys_get_time[0m
[90m[TRACE] kernel:pid[3] sys_get_time[0m
[90m[TRACE] kernel:pid[3] sys_get_time[0m
[90m[TRACE] kernel:pid[3] sys_get_time[0m
[90m[TRACE] kernel:pid[3] sys_get_time[0m
[90m[TRACE] kernel:pid[3] sys_get_time[0m
[90m[TRACE] kernel:pid[3] sys_get_time[0m
[90m[TRACE] kernel:pid[3] sys_get_time[0m
[90m[TRACE] kernel:pid[3] sys_get_time[0m
[90m[TRACE] kernel:pid[3] sys_get_time[0m
[90m[TRACE] kernel:pid[3] sys_get_time[0m
[90m[TRACE] kernel:pid[3] sys_get_time[0m
[90m[TRACE] kernel:pid[3] sys_get_time[0m
[90m[TRACE] kernel:pid[3] sys_get_time[0m
[90m[TRACE] kernel:pid[3] sys_get_time[0m
[90m[TRACE] kernel:pid[3] sys_get_time[0m
[90m[TRACE] kernel:pid[3] sys_get_time[0m
[90m[TRACE] kernel:pid[3] sys_get_time[0m
[90m[TRACE] kernel:pid[3] sys_get_time[0m
[90m[TRACE] kernel:pid[3] sys_get_time[0m
[90m[TRACE] kernel:pid[3] sys_get_time[0m
[90m[TRACE] kernel:pid[3] sys_get_time[0m
[90m[TRACE] kernel:pid[3] sys_get_time[0m
[90m[TRACE] kernel:pid[3] sys_get_time[0m
[90m[TRACE] kernel:pid[3] sys_get_time[0m
[90m[TRACE] kernel:pid[3] sys_get_time[0m
[90m[TRACE] kernel:pid[3] sys_get_time[0m
[90m[TRACE] kernel:pid[3] sys_get_time[0m
[90m[TRACE] kernel:pid[3] sys_get_time[0m
[90m[TRACE] kernel:pid[3] sys_get_time[0m
[90m[TRACE] kernel:pid[3] sys_get_time[0m
[90m[TRACE] kernel:pid[3] sys_get_time[0m
[90m[TRACE] kernel:pid[3] sys_get_time[0m
[90m[TRACE] kernel:pid[3] sys_get_time[0m
[90m[TRACE] kernel:pid[3] sys_get_time[0m
[90m[TRACE] kernel:pid[3] sys_get_time[0m
[90m[TRACE] kernel:pid[3] sys_get_time[0m
[90m[TRACE] kernel:pid[3] sys_get_time[0m
[90m[TRACE] kernel:pid[3] sys_get_time[0m
[90m[TRACE] kernel:pid[3] sys_get_time[0m
[90m[TRACE] kernel:pid[3] sys_get_time[0m
[90m[TRACE] kernel:pid[3] sys_get_time[0m
[90m[TRACE] kernel:pid[3] sys_get_time[0m
[90m[TRACE] kernel:pid[3] sys_get_time[0m
[90m[TRACE] kernel:pid[3] sys_get_time[0m
[90m[TRACE] kernel:pid[3] sys_get_time[0m
[90m[TRACE] kernel:pid[3] sys_get_time[0m
[90m[TRACE] kernel:pid[3] sys_get_time[0m
[90m[TRACE] kernel:pid[3] sys_get_time[0m
[90m[TRACE] kernel:pid[3] sys_get_time[0m
[90m[TRACE] kernel:pid[3] sys_get_time[0m
[90m[TRACE] kernel:pid[3] sys_get_time[0m
[90m[TRACE] kernel:pid[3] sys_get_time[0m
[90m[TRACE] kernel:pid[3] sys_get_time[0m
[90m[TRACE] kernel:pid[3] sys_get_time[0m
[90m[TRACE] kernel:pid[3] sys_get_time[0m
[90m[TRACE] kernel:pid[3] sys_get_time[0m
[90m[TRACE] kernel:pid[3] sys_get_time[0m
[90m[TRACE] kernel:pid[3] sys_get_time[0m
[90m[TRACE] kernel:pid[3] sys_get_time[0m
[90m[TRACE] kernel:pid[3] sys_get_time[0m
[90m[TRACE] kernel:pid[3] sys_get_time[0m
[90m[TRACE] kernel:pid[3] sys_get_time[0m
[90m[TRACE] kernel:pid[3] sys_get_time[0m
[90m[TRACE] kernel:pid[3] sys_get_time[0m
[90m[TRACE] kernel:pid[3] sys_get_time[0m
[90m[TRACE] kernel:pid[3] sys_get_time[0m
[90m[TRACE] kernel:pid[3] sys_get_time[0m
[90m[TRACE] kernel:pid[3] sys_get_time[0m
[90m[TRACE] kernel:pid[3] sys_get_time[0m
[90m[TRACE] kernel:pid[3] sys_get_time[0m
[90m[TRACE] kernel:pid[3] sys_get_time[0m
[90m[TRACE] kernel:pid[3] sys_get_time[0m
[90m[TRACE] kernel:pid[3] sys_get_time[0m
[90m[TRACE] kernel:pid[3] sys_get_time[0m
[90m[TRACE] kernel:pid[3] sys_get_time[0m
[90m[TRACE] kernel:pid[3] sys_get_time[0m
[90m[TRACE] kernel:pid[3] sys_get_time[0m
[90m[TRACE] kernel:pid[3] sys_get_time[0m
[90m[TRACE] kernel:pid[3] sys_get_time[0m
[90m[TRACE] kernel:pid[3] sys_get_time[0m
[90m[TRACE] kernel:pid[3] sys_get_time[0m
[90m[TRACE] kernel:pid[3] sys_get_time[0m
[90m[TRACE] kernel:pid[3] sys_get_time[0m
[90m[TRACE] kernel:pid[3] sys_get_time[0m
[90m[TRACE] kernel:pid[3] sys_get_time[0m
[90m[TRACE] kernel:pid[3] sys_get_time[0m
[90m[TRACE] kernel:pid[3] sys_get_time[0m
[90m[TRACE] kernel:pid[3] sys_get_time[0m
[90m[TRACE] kernel:pid[3] sys_get_time[0m
[90m[TRACE] kernel:pid[3] sys_get_time[0m
[90m[TRACE] kernel:pid[3] sys_get_time[0m
[90m[TRACE] kernel:pid[3] sys_get_time[0m
[90m[TRACE] kernel:pid[3] sys_get_time[0m
[90m[TRACE] kernel:pid[3] sys_get_time[0m
[90m[TRACE] kernel:pid[3] sys_get_time[0m
[90m[TRACE] kernel:pid[3] sys_get_time[0m
[90m[TRACE] kernel:pid[3] sys_get_time[0m
[90m[TRACE] kernel:pid[3] sys_get_time[0m
[90m[TRACE] kernel:pid[3] sys_get_time[0m
[90m[TRACE] kernel:pid[3] sys_get_time[0m
[90m[TRACE] kernel:pid[3] sys_get_time[0m
[90m[TRACE] kernel:pid[3] sys_get_time[0m
[90m[TRACE] kernel:pid[3] sys_get_time[0m
[90m[TRACE] kernel:pid[3] sys_get_time[0m
[90m[TRACE] kernel:pid[3] sys_get_time[0m
[90m[TRACE] kernel:pid[3] sys_get_time[0m
[90m[TRACE] kernel:pid[3] sys_get_time[0m
[90m[TRACE] kernel:pid[3] sys_get_time[0m
[90m[TRACE] kernel:pid[3] sys_get_time[0m
[90m[TRACE] kernel:pid[3] sys_get_time[0m
[90m[TRACE] kernel:pid[3] sys_get_time[0m
[90m[TRACE] kernel:pid[3] sys_get_time[0m
[90m[TRACE] kernel:pid[3] sys_get_time[0m
[90m[TRACE] kernel:pid[3] sys_get_time[0m
[90m[TRACE] kernel:pid[3] sys_get_time[0m
[90m[TRACE] kernel:pid[3] sys_get_time[0m
[90m[TRACE] kernel:pid[3] sys_get_time[0m
[90m[TRACE] kernel:pid[3] sys_get_time[0m
[90m[TRACE] kernel:pid[3] sys_get_time[0m
[90m[TRACE] kernel:pid[3] sys_get_time[0m
[90m[TRACE] kernel:pid[3] sys_get_time[0m
[90m[TRACE] kernel:pid[3] sys_get_time[0m
[90m[TRACE] kernel:pid[3] sys_get_time[0m
[90m[TRACE] kernel:pid[3] sys_get_time[0m
[90m[TRACE] kernel:pid[3] sys_get_time[0m
[90m[TRACE] kernel:pid[3] sys_get_time[0m
[90m[TRACE] kernel:pid[3] sys_get_time[0m
[90m[TRACE] kernel:pid[3] sys_get_time[0m
[90m[TRACE] kernel:pid[3] sys_get_time[0m
[90m[TRACE] kernel:pid[3] sys_get_time[0m
[90m[TRACE] kernel:pid[3] sys_get_time[0m
[90m[TRACE] kernel:pid[3] sys_get_time[0m
[90m[TRACE] kernel:pid[3] sys_get_time[0m
[90m[TRACE] kernel:pid[3] sys_get_time[0m
[90m[TRACE] kernel:pid[3] sys_get_time[0m
[90m[TRACE] kernel:pid[3] sys_get_time[0m
[90m[TRACE] kernel:pid[3] sys_get_time[0m
[90m[TRACE] kernel:pid[3] sys_get_time[0m
[90m[TRACE] kernel:pid[3] sys_get_time[0m
[90m[TRACE] kernel:pid[3] sys_get_time[0m
[90m[TRACE] kernel:pid[3] sys_get_time[0m
[90m[TRACE] kernel:pid[3] sys_get_time[0m
[90m[TRACE] kernel:pid[3] sys_get_time[0m
[90m[TRACE] kernel:pid[3] sys_get_time[0m
[90m[TRACE] kernel:pid[3] sys_get_time[0m
[90m[TRACE] kernel:pid[3] sys_get_time[0m
[90m[TRACE] kernel:pid[3] sys_get_time[0m
[90m[TRACE] kernel:pid[3] sys_get_time[0m
[90m[TRACE] kernel:pid[3] sys_get_time[0m
[90m[TRACE] kernel:pid[3] sys_get_time[0m
[90m[TRACE] kernel:pid[3] sys_get_time[0m
[90m[TRACE] kernel:pid[3] sys_get_time[0m
[90m[TRACE] kernel:pid[3] sys_get_time[0m
[90m[TRACE] kernel:pid[3] sys_get_time[0m
[90m[TRACE] kernel:pid[3] sys_get_time[0m
[90m[TRACE] kernel:pid[3] sys_get_time[0m
[90m[TRACE] kernel:pid[3] sys_get_time[0m
[90m[TRACE] kernel:pid[3] sys_get_time[0m
[90m[TRACE] kernel:pid[3] sys_get_time[0m
[90m[TRACE] kernel:pid[3] sys_get_time[0m
[90m[TRACE] kernel:pid[3] sys_get_time[0m
[90m[TRACE] kernel:pid[3] sys_get_time[0m
[90m[TRACE] kernel:pid[3] sys_get_time[0m
[90m[TRACE] kernel:pid[3] sys_get_time[0m
[90m[TRACE] kernel:pid[3] sys_get_time[0m
[90m[TRACE] kernel:pid[3] sys_get_time[0m
[90m[TRACE] kernel:pid[3] sys_get_time[0m
[90m[TRACE] kernel:pid[3] sys_get_time[0m
[90m[TRACE] kernel:pid[3] sys_get_time[0m
[90m[TRACE] kernel:pid[3] sys_get_time[0m
[90m[TRACE] kernel:pid[3] sys_get_time[0m
[90m[TRACE] kernel:pid[3] sys_get_time[0m
[90m[TRACE] kernel:pid[3] sys_get_time[0m
[90m[TRACE] kernel:pid[3] sys_get_time[0m
[90m[TRACE] kernel:pid[3] sys_get_time[0m
[90m[TRACE] kernel:pid[3] sys_get_time[0m
[90m[TRACE] kernel:pid[3] sys_get_time[0m
[90m[TRACE] kernel:pid[3] sys_get_time[0m
[90m[TRACE] kernel:pid[3] sys_get_time[0m
[90m[TRACE] kernel:pid[3] sys_get_time[0m
[90m[TRACE] kernel:pid[3] sys_get_time[0m
[90m[TRACE] kernel:pid[3] sys_get_time[0m
[90m[TRACE] kernel:pid[3] sys_get_time[0m
[90m[TRACE] kernel:pid[3] sys_get_time[0m
[90m[TRACE] kernel:pid[3] sys_get_time[0m
[90m[TRACE] kernel:pid[3] sys_get_time[0m
[90m[TRACE] kernel:pid[3] sys_get_time[0m
[90m[TRACE] kernel:pid[3] sys_get_time[0m
[90m[TRACE] kernel:pid[3] sys_get_time[0m
[90m[TRACE] kernel:pid[3] sys_get_time[0m
[90m[TRACE] kernel:pid[3] sys_get_time[0m
[90m[TRACE] kernel:pid[3] sys_get_time[0m
[90m[TRACE] kernel:pid[3] sys_get_time[0m
[90m[TRACE] kernel:pid[3] sys_get_time[0m
[90m[TRACE] kernel:pid[3] sys_get_time[0m
[90m[TRACE] kernel:pid[3] sys_get_time[0m
[90m[TRACE] kernel:pid[3] sys_get_time[0m
[90m[TRACE] kernel:pid[3] sys_get_time[0m
[90m[TRACE] kernel:pid[3] sys_get_time[0m
[90m[TRACE] kernel:pid[3] sys_get_time[0m
[90m[TRACE] kernel:pid[3] sys_get_time[0m
[90m[TRACE] kernel:pid[3] sys_get_time[0m
[90m[TRACE] kernel:pid[3] sys_get_time[0m
[90m[TRACE] kernel:pid[3] sys_get_time[0m
[90m[TRACE] kernel:pid[3] sys_get_time[0m
[90m[TRACE] kernel:pid[3] sys_get_time[0m
[90m[TRACE] kernel:pid[3] sys_get_time[0m
[90m[TRACE] kernel:pid[3] sys_get_time[0m
[90m[TRACE] kernel:pid[3] sys_get_time[0m
[90m[TRACE] kernel:pid[3] sys_get_time[0m
[90m[TRACE] kernel:pid[3] sys_get_time[0m
[90m[TRACE] kernel:pid[3] sys_get_time[0m
[90m[TRACE] kernel:pid[3] sys_get_time[0m
[90m[TRACE] kernel:pid[3] sys_get_time[0m
[90m[TRACE] kernel:pid[3] sys_get_time[0m
[90m[TRACE] kernel:pid[3] sys_get_time[0m
[90m[TRACE] kernel:pid[3] sys_get_time[0m
[90m[TRACE] kernel:pid[3] sys_get_time[0m
[90m[TRACE] kernel:pid[3] sys_get_time[0m
[90m[TRACE] kernel:pid[3] sys_get_time[0m
[90m[TRACE] kernel:pid[3] sys_get_time[0m
[90m[TRACE] kernel:pid[3] sys_get_time[0m
[90m[TRACE] kernel:pid[3] sys_get_time[0m
[90m[TRACE] kernel:pid[3] sys_get_time[0m
[90m[TRACE] kernel:pid[3] sys_get_time[0m
[90m[TRACE] kernel:pid[3] sys_get_time[0m
[90m[TRACE] kernel:pid[3] sys_get_time[0m
[90m[TRACE] kernel:pid[3] sys_get_time[0m
[90m[TRACE] kernel:pid[3] sys_get_time[0m
[90m[TRACE] kernel:pid[3] sys_get_time[0m
[90m[TRACE] kernel:pid[3] sys_get_time[0m
[90m[TRACE] kernel:pid[3] sys_get_time[0m
[90m[TRACE] kernel:pid[3] sys_get_time[0m
[90m[TRACE] kernel:pid[3] sys_get_time[0m
[90m[TRACE] kernel:pid[3] sys_get_time[0m
[90m[TRACE] kernel:pid[3] sys_get_time[0m
[90m[TRACE] kernel:pid[3] sys_get_time[0m
[90m[TRACE] kernel:pid[3] sys_get_time[0m
[90m[TRACE] kernel:pid[3] sys_get_time[0m
[90m[TRACE] kernel:pid[3] sys_get_time[0m
[90m[TRACE] kernel:pid[3] sys_get_time[0m
[90m[TRACE] kernel:pid[3] sys_get_time[0m
[90m[TRACE] kernel:pid[3] sys_get_time[0m
[90m[TRACE] kernel:pid[3] sys_get_time[0m
[90m[TRACE] kernel:pid[3] sys_get_time[0m
[90m[TRACE] kernel:pid[3] sys_get_time[0m
[90m[TRACE] kernel:pid[3] sys_get_time[0m
[90m[TRACE] kernel:pid[3] sys_get_time[0m
[90m[TRACE] kernel:pid[3] sys_get_time[0m
[90m[TRACE] kernel:pid[3] sys_get_time[0m
[90m[TRACE] kernel:pid[3] sys_get_time[0m
[90m[TRACE] kernel:pid[3] sys_get_time[0m
[90m[TRACE] kernel:pid[3] sys_get_time[0m
[90m[TRACE] kernel:pid[3] sys_get_time[0m
[90m[TRACE] kernel:pid[3] sys_get_time[0m
[90m[TRACE] kernel:pid[3] sys_get_time[0m
[90m[TRACE] kernel:pid[3] sys_get_time[0m
[90m[TRACE] kernel:pid[3] sys_get_time[0m
[90m[TRACE] kernel:pid[3] sys_get_time[0m
[90m[TRACE] kernel:pid[3] sys_get_time[0m
[90m[TRACE] kernel:pid[3] sys_get_time[0m
[90m[TRACE] kernel:pid[3] sys_get_time[0m
[90m[TRACE] kernel:pid[3] sys_get_time[0m
[90m[TRACE] kernel:pid[3] sys_get_time[0m
[90m[TRACE] kernel:pid[3] sys_get_time[0m
[90m[TRACE] kernel:pid[3] sys_get_time[0m
[90m[TRACE] kernel:pid[3] sys_get_time[0m
[90m[TRACE] kernel:pid[3] sys_get_time[0m
[90m[TRACE] kernel:pid[3] sys_get_time[0m
[90m[TRACE] kernel:pid[3] sys_get_time[0m
[90m[TRACE] kernel:pid[3] sys_get_time[0m
[90m[TRACE] kernel:pid[3] sys_get_time[0m
[90m[TRACE] kernel:pid[3] sys_get_time[0m
[90m[TRACE] kernel:pid[3] sys_get_time[0m
[90m[TRACE] kernel:pid[3] sys_get_time[0m
[90m[TRACE] kernel:pid[3] sys_get_time[0m
[90m[TRACE] kernel:pid[3] sys_get_time[0m
[90m[TRACE] kernel:pid[3] sys_get_time[0m
[90m[TRACE] kernel:pid[3] sys_get_time[0m
[90m[TRACE] kernel:pid[3] sys_get_time[0m
[90m[TRACE] kernel:pid[3] sys_get_time[0m
[90m[TRACE] kernel:pid[3] sys_get_time[0m
[90m[TRACE] kernel:pid[3] sys_get_time[0m
[90m[TRACE] kernel:pid[3] sys_get_time[0m
[90m[TRACE] kernel:pid[3] sys_get_time[0m
[90m[TRACE] kernel:pid[3] sys_get_time[0m
[90m[TRACE] kernel:pid[3] sys_get_time[0m
[90m[TRACE] kernel:pid[3] sys_get_time[0m
[90m[TRACE] kernel:pid[3] sys_get_time[0m
[90m[TRACE] kernel:pid[3] sys_get_time[0m
[90m[TRACE] kernel:pid[3] sys_get_time[0m
[90m[TRACE] kernel:pid[3] sys_get_time[0m
[90m[TRACE] kernel:pid[3] sys_get_time[0m
[90m[TRACE] kernel:pid[3] sys_get_time[0m
[90m[TRACE] kernel:pid[3] sys_get_time[0m
[90m[TRACE] kernel:pid[3] sys_get_time[0m
[90m[TRACE] kernel:pid[3] sys_get_time[0m
[90m[TRACE] kernel:pid[3] sys_get_time[0m
[90m[TRACE] kernel:pid[3] sys_get_time[0m
[90m[TRACE] kernel:pid[3] sys_get_time[0m
[90m[TRACE] kernel:pid[3] sys_get_time[0m
[90m[TRACE] kernel:pid[3] sys_get_time[0m
[90m[TRACE] kernel:pid[3] sys_get_time[0m
[90m[TRACE] kernel:pid[3] sys_get_time[0m
[90m[TRACE] kernel:pid[3] sys_get_time[0m
[90m[TRACE] kernel:pid[3] sys_get_time[0m
[90m[TRACE] kernel:pid[3] sys_get_time[0m
[90m[TRACE] kernel:pid[3] sys_get_time[0m
[90m[TRACE] kernel:pid[3] sys_get_time[0m
[90m[TRACE] kernel:pid[3] sys_get_time[0m
[90m[TRACE] kernel:pid[3] sys_get_time[0m
[90m[TRACE] kernel:pid[3] sys_get_time[0m
[90m[TRACE] kernel:pid[3] sys_get_time[0m
[90m[TRACE] kernel:pid[3] sys_get_time[0m
[90m[TRACE] kernel:pid[3] sys_get_time[0m
[90m[TRACE] kernel:pid[3] sys_get_time[0m
[90m[TRACE] kernel:pid[3] sys_get_time[0m
[90m[TRACE] kernel:pid[3] sys_get_time[0m
[90m[TRACE] kernel:pid[3] sys_get_time[0m
[90m[TRACE] kernel:pid[3] sys_get_time[0m
[90m[TRACE] kernel:pid[3] sys_get_time[0m
[90m[TRACE] kernel:pid[3] sys_get_time[0m
[90m[TRACE] kernel:pid[3] sys_get_time[0m
[90m[TRACE] kernel:pid[3] sys_get_time[0m
[90m[TRACE] kernel:pid[3] sys_get_time[0m
[90m[TRACE] kernel:pid[3] sys_get_time[0m
[90m[TRACE] kernel:pid[3] sys_get_time[0m
[90m[TRACE] kernel:pid[3] sys_get_time[0m
[90m[TRACE] kernel:pid[3] sys_get_time[0m
[90m[TRACE] kernel:pid[3] sys_get_time[0m
[90m[TRACE] kernel:pid[3] sys_get_time[0m
[90m[TRACE] kernel:pid[3] sys_get_time[0m
[90m[TRACE] kernel:pid[3] sys_get_time[0m
[90m[TRACE] kernel:pid[3] sys_get_time[0m
[90m[TRACE] kernel:pid[3] sys_get_time[0m
[90m[TRACE] kernel:pid[3] sys_get_time[0m
[90m[TRACE] kernel:pid[3] sys_get_time[0m
[90m[TRACE] kernel:pid[3] sys_get_time[0m
[90m[TRACE] kernel:pid[3] sys_get_time[0m
[90m[TRACE] kernel:pid[3] sys_get_time[0m
[90m[TRACE] kernel:pid[3] sys_get_time[0m
[90m[TRACE] kernel:pid[3] sys_get_time[0m
[90m[TRACE] kernel:pid[3] sys_get_time[0m
[90m[TRACE] kernel:pid[3] sys_get_time[0m
[90m[TRACE] kernel:pid[3] sys_get_time[0m
[90m[TRACE] kernel:pid[3] sys_get_time[0m
[90m[TRACE] kernel:pid[3] sys_get_time[0m
[90m[TRACE] kernel:pid[3] sys_get_time[0m
[90m[TRACE] kernel:pid[3] sys_get_time[0m
[90m[TRACE] kernel:pid[3] sys_get_time[0m
[90m[TRACE] kernel:pid[3] sys_get_time[0m
[90m[TRACE] kernel:pid[3] sys_get_time[0m
[90m[TRACE] kernel:pid[3] sys_get_time[0m
[90m[TRACE] kernel:pid[3] sys_get_time[0m
[90m[TRACE] kernel:pid[3] sys_get_time[0m
[90m[TRACE] kernel:pid[3] sys_get_time[0m
[90m[TRACE] kernel:pid[3] sys_get_time[0m
[90m[TRACE] kernel:pid[3] sys_get_time[0m
[90m[TRACE] kernel:pid[3] sys_get_time[0m
[90m[TRACE] kernel:pid[3] sys_get_time[0m
[90m[TRACE] kernel:pid[3] sys_get_time[0m
[90m[TRACE] kernel:pid[3] sys_get_time[0m
[90m[TRACE] kernel:pid[3] sys_get_time[0m
[90m[TRACE] kernel:pid[3] sys_get_time[0m
[90m[TRACE] kernel:pid[3] sys_get_time[0m
[90m[TRACE] kernel:pid[3] sys_get_time[0m
[90m[TRACE] kernel:pid[3] sys_get_time[0m
[90m[TRACE] kernel:pid[3] sys_get_time[0m
[90m[TRACE] kernel:pid[3] sys_get_time[0m
[90m[TRACE] kernel:pid[3] sys_get_time[0m
[90m[TRACE] kernel:pid[3] sys_get_time[0m
[90m[TRACE] kernel:pid[3] sys_get_time[0m
[90m[TRACE] kernel:pid[3] sys_get_time[0m
[90m[TRACE] kernel:pid[3] sys_get_time[0m
[90m[TRACE] kernel:pid[3] sys_get_time[0m
[90m[TRACE] kernel:pid[3] sys_get_time[0m
[90m[TRACE] kernel:pid[3] sys_get_time[0m
[90m[TRACE] kernel:pid[3] sys_get_time[0m
[90m[TRACE] kernel:pid[3] sys_get_time[0m
[90m[TRACE] kernel:pid[3] sys_get_time[0m
[90m[TRACE] kernel:pid[3] sys_get_time[0m
[90m[TRACE] kernel:pid[3] sys_get_time[0m
[90m[TRACE] kernel:pid[3] sys_get_time[0m
[90m[TRACE] kernel:pid[3] sys_get_time[0m
[90m[TRACE] kernel:pid[3] sys_get_time[0m
[90m[TRACE] kernel:pid[3] sys_get_time[0m
[90m[TRACE] kernel:pid[3] sys_get_time[0m
[90m[TRACE] kernel:pid[3] sys_get_time[0m
[90m[TRACE] kernel:pid[3] sys_get_time[0m
[90m[TRACE] kernel:pid[3] sys_get_time[0m
[90m[TRACE] kernel:pid[3] sys_get_time[0m
[90m[TRACE] kernel:pid[3] sys_get_time[0m
[90m[TRACE] kernel:pid[3] sys_get_time[0m
[90m[TRACE] kernel:pid[3] sys_get_time[0m
[90m[TRACE] kernel:pid[3] sys_get_time[0m
[90m[TRACE] kernel:pid[3] sys_get_time[0m
[90m[TRACE] kernel:pid[3] sys_get_time[0m
[90m[TRACE] kernel:pid[3] sys_get_time[0m
[90m[TRACE] kernel:pid[3] sys_get_time[0m
[90m[TRACE] kernel:pid[3] sys_get_time[0m
[90m[TRACE] kernel:pid[3] sys_get_time[0m
[90m[TRACE] kernel:pid[3] sys_get_time[0m
[90m[TRACE] kernel:pid[3] sys_get_time[0m
[90m[TRACE] kernel:pid[3] sys_get_time[0m
[90m[TRACE] kernel:pid[3] sys_get_time[0m
[90m[TRACE] kernel:pid[3] sys_get_time[0m
[90m[TRACE] kernel:pid[3] sys_get_time[0m
[90m[TRACE] kernel:pid[3] sys_get_time[0m
[90m[TRACE] kernel:pid[3] sys_get_time[0m
[90m[TRACE] kernel:pid[3] sys_get_time[0m
[90m[TRACE] kernel:pid[3] sys_get_time[0m
[90m[TRACE] kernel:pid[3] sys_get_time[0m
[90m[TRACE] kernel:pid[3] sys_get_time[0m
[90m[TRACE] kernel:pid[3] sys_get_time[0m
[90m[TRACE] kernel:pid[3] sys_get_time[0m
[90m[TRACE] kernel:pid[3] sys_get_time[0m
[90m[TRACE] kernel:pid[3] sys_get_time[0m
[90m[TRACE] kernel:pid[3] sys_get_time[0m
[90m[TRACE] kernel:pid[3] sys_get_time[0m
[90m[TRACE] kernel:pid[3] sys_get_time[0m
[90m[TRACE] kernel:pid[3] sys_get_time[0m
[90m[TRACE] kernel:pid[3] sys_get_time[0m
[90m[TRACE] kernel:pid[3] sys_get_time[0m
[90m[TRACE] kernel:pid[3] sys_get_time[0m
[90m[TRACE] kernel:pid[3] sys_get_time[0m
[90m[TRACE] kernel:pid[3] sys_get_time[0m
[90m[TRACE] kernel:pid[3] sys_get_time[0m
[90m[TRACE] kernel:pid[3] sys_get_time[0m
[90m[TRACE] kernel:pid[3] sys_get_time[0m
[90m[TRACE] kernel:pid[3] sys_get_time[0m
[90m[TRACE] kernel:pid[3] sys_get_time[0m
[90m[TRACE] kernel:pid[3] sys_get_time[0m
[90m[TRACE] kernel:pid[3] sys_get_time[0m
[90m[TRACE] kernel:pid[3] sys_get_time[0m
[90m[TRACE] kernel:pid[3] sys_get_time[0m
[90m[TRACE] kernel:pid[3] sys_get_time[0m
[90m[TRACE] kernel:pid[3] sys_get_time[0m
[90m[TRACE] kernel:pid[3] sys_get_time[0m
[90m[TRACE] kernel:pid[3] sys_get_time[0m
[90m[TRACE] kernel:pid[3] sys_get_time[0m
[90m[TRACE] kernel:pid[3] sys_get_time[0m
[90m[TRACE] kernel:pid[3] sys_get_time[0m
[90m[TRACE] kernel:pid[3] sys_get_time[0m
[90m[TRACE] kernel:pid[3] sys_get_time[0m
[90m[TRACE] kernel:pid[3] sys_get_time[0m
[90m[TRACE] kernel:pid[3] sys_get_time[0m
[90m[TRACE] kernel:pid[3] sys_get_time[0m
[90m[TRACE] kernel:pid[3] sys_get_time[0m
[90m[TRACE] kernel:pid[3] sys_get_time[0m
[90m[TRACE] kernel:pid[3] sys_get_time[0m
[90m[TRACE] kernel:pid[3] sys_get_time[0m
[90m[TRACE] kernel:pid[3] sys_get_time[0m
[90m[TRACE] kernel:pid[3] sys_get_time[0m
[90m[TRACE] kernel:pid[3] sys_get_time[0m
[90m[TRACE] kernel:pid[3] sys_get_time[0m
[90m[TRACE] kernel:pid[3] sys_get_time[0m
[90m[TRACE] kernel:pid[3] sys_get_time[0m
[90m[TRACE] kernel:pid[3] sys_get_time[0m
[90m[TRACE] kernel:pid[3] sys_get_time[0m
[90m[TRACE] kernel:pid[3] sys_get_time[0m
[90m[TRACE] kernel:pid[3] sys_get_time[0m
[90m[TRACE] kernel:pid[3] sys_get_time[0m
[90m[TRACE] kernel:pid[3] sys_get_time[0m
[90m[TRACE] kernel:pid[3] sys_get_time[0m
[90m[TRACE] kernel:pid[3] sys_get_time[0m
[90m[TRACE] kernel:pid[3] sys_get_time[0m
[90m[TRACE] kernel:pid[3] sys_get_time[0m
[90m[TRACE] kernel:pid[3] sys_get_time[0m
[90m[TRACE] kernel:pid[3] sys_get_time[0m
[90m[TRACE] kernel:pid[3] sys_get_time[0m
[90m[TRACE] kernel:pid[3] sys_get_time[0m
[90m[TRACE] kernel:pid[3] sys_get_time[0m
[90m[TRACE] kernel:pid[3] sys_get_time[0m
[90m[TRACE] kernel:pid[3] sys_get_time[0m
[90m[TRACE] kernel:pid[3] sys_get_time[0m
[90m[TRACE] kernel:pid[3] sys_get_time[0m
[90m[TRACE] kernel:pid[3] sys_get_time[0m
[90m[TRACE] kernel:pid[3] sys_get_time[0m
[90m[TRACE] kernel:pid[3] sys_get_time[0m
[90m[TRACE] kernel:pid[3] sys_get_time[0m
[90m[TRACE] kernel:pid[3] sys_get_time[0m
[90m[TRACE] kernel:pid[3] sys_get_time[0m
[90m[TRACE] kernel:pid[3] sys_get_time[0m
[90m[TRACE] kernel:pid[3] sys_get_time[0m
[90m[TRACE] kernel:pid[3] sys_get_time[0m
[90m[TRACE] kernel:pid[3] sys_get_time[0m
[90m[TRACE] kernel:pid[3] sys_get_time[0m
[90m[TRACE] kernel:pid[3] sys_get_time[0m
[90m[TRACE] kernel:pid[3] sys_get_time[0m
[90m[TRACE] kernel:pid[3] sys_get_time[0m
[90m[TRACE] kernel:pid[3] sys_get_time[0m
[90m[TRACE] kernel:pid[3] sys_get_time[0m
[90m[TRACE] kernel:pid[3] sys_get_time[0m
[90m[TRACE] kernel:pid[3] sys_get_time[0m
[90m[TRACE] kernel:pid[3] sys_get_time[0m
[90m[TRACE] kernel:pid[3] sys_get_time[0m
[90m[TRACE] kernel:pid[3] sys_get_time[0m
[90m[TRACE] kernel:pid[3] sys_get_time[0m
[90m[TRACE] kernel:pid[3] sys_get_time[0m
[90m[TRACE] kernel:pid[3] sys_get_time[0m
[90m[TRACE] kernel:pid[3] sys_get_time[0m
[90m[TRACE] kernel:pid[3] sys_get_time[0m
[90m[TRACE] kernel:pid[3] sys_get_time[0m
[90m[TRACE] kernel:pid[3] sys_get_time[0m
[90m[TRACE] kernel:pid[3] sys_get_time[0m
[90m[TRACE] kernel:pid[3] sys_get_time[0m
[90m[TRACE] kernel:pid[3] sys_get_time[0m
[90m[TRACE] kernel:pid[3] sys_get_time[0m
[90m[TRACE] kernel:pid[3] sys_get_time[0m
[90m[TRACE] kernel:pid[3] sys_get_time[0m
[90m[TRACE] kernel:pid[3] sys_get_time[0m
[90m[TRACE] kernel:pid[3] sys_get_time[0m
[90m[TRACE] kernel:pid[3] sys_get_time[0m
[90m[TRACE] kernel:pid[3] sys_get_time[0m
[90m[TRACE] kernel:pid[3] sys_get_time[0m
[90m[TRACE] kernel:pid[3] sys_get_time[0m
[90m[TRACE] kernel:pid[3] sys_get_time[0m
[90m[TRACE] kernel:pid[3] sys_get_time[0m
[90m[TRACE] kernel:pid[3] sys_get_time[0m
[90m[TRACE] kernel:pid[3] sys_get_time[0m
[90m[TRACE] kernel:pid[3] sys_get_time[0m
[90m[TRACE] kernel:pid[3] sys_get_time[0m
[90m[TRACE] kernel:pid[3] sys_get_time[0m
[90m[TRACE] kernel:pid[3] sys_get_time[0m
[90m[TRACE] kernel:pid[3] sys_get_time[0m
[90m[TRACE] kernel:pid[3] sys_get_time[0m
[90m[TRACE] kernel:pid[3] sys_get_time[0m
[90m[TRACE] kernel:pid[3] sys_get_time[0m
[90m[TRACE] kernel:pid[3] sys_get_time[0m
[90m[TRACE] kernel:pid[3] sys_get_time[0m
[90m[TRACE] kernel:pid[3] sys_get_time[0m
[90m[TRACE] kernel:pid[3] sys_get_time[0m
[90m[TRACE] kernel:pid[3] sys_get_time[0m
[90m[TRACE] kernel:pid[3] sys_get_time[0m
[90m[TRACE] kernel:pid[3] sys_get_time[0m
[90m[TRACE] kernel:pid[3] sys_get_time[0m
[90m[TRACE] kernel:pid[3] sys_get_time[0m
[90m[TRACE] kernel:pid[3] sys_get_time[0m
[90m[TRACE] kernel:pid[3] sys_get_time[0m
[90m[TRACE] kernel:pid[3] sys_get_time[0m
[90m[TRACE] kernel:pid[3] sys_get_time[0m
[90m[TRACE] kernel:pid[3] sys_get_time[0m
[90m[TRACE] kernel:pid[3] sys_get_time[0m
[90m[TRACE] kernel:pid[3] sys_get_time[0m
[90m[TRACE] kernel:pid[3] sys_get_time[0m
[90m[TRACE] kernel:pid[3] sys_get_time[0m
[90m[TRACE] kernel:pid[3] sys_get_time[0m
[90m[TRACE] kernel:pid[3] sys_get_time[0m
[90m[TRACE] kernel:pid[3] sys_get_time[0m
[90m[TRACE] kernel:pid[3] sys_get_time[0m
[90m[TRACE] kernel:pid[3] sys_get_time[0m
[90m[TRACE] kernel:pid[3] sys_get_time[0m
[90m[TRACE] kernel:pid[3] sys_get_time[0m
[90m[TRACE] kernel:pid[3] sys_get_time[0m
[90m[TRACE] kernel:pid[3] sys_get_time[0m
[90m[TRACE] kernel:pid[3] sys_get_time[0m
[90m[TRACE] kernel:pid[3] sys_get_time[0m
[90m[TRACE] kernel:pid[3] sys_get_time[0m
[90m[TRACE] kernel:pid[3] sys_get_time[0m
[90m[TRACE] kernel:pid[3] sys_get_time[0m
[90m[TRACE] kernel:pid[3] sys_get_time[0m
[90m[TRACE] kernel:pid[3] sys_get_time[0m
[90m[TRACE] kernel:pid[3] sys_get_time[0m
[90m[TRACE] kernel:pid[3] sys_get_time[0m
[90m[TRACE] kernel:pid[3] sys_get_time[0m
[90m[TRACE] kernel:pid[3] sys_get_time[0m
[90m[TRACE] kernel:pid[3] sys_get_time[0m
[90m[TRACE] kernel:pid[3] sys_get_time[0m
[90m[TRACE] kernel:pid[3] sys_get_time[0m
[90m[TRACE] kernel:pid[3] sys_get_time[0m
[90m[TRACE] kernel:pid[3] sys_get_time[0m
[90m[TRACE] kernel:pid[3] sys_get_time[0m
[90m[TRACE] kernel:pid[3] sys_get_time[0m
[90m[TRACE] kernel:pid[3] sys_get_time[0m
[90m[TRACE] kernel:pid[3] sys_get_time[0m
[90m[TRACE] kernel:pid[3] sys_get_time[0m
[90m[TRACE] kernel:pid[3] sys_get_time[0m
[90m[TRACE] kernel:pid[3] sys_get_time[0m
[90m[TRACE] kernel:pid[3] sys_get_time[0m
[90m[TRACE] kernel:pid[3] sys_get_time[0m
[90m[TRACE] kernel:pid[3] sys_get_time[0m
[90m[TRACE] kernel:pid[3] sys_get_time[0m
[90m[TRACE] kernel:pid[3] sys_get_time[0m
[90m[TRACE] kernel:pid[3] sys_get_time[0m
[90m[TRACE] kernel:pid[3] sys_get_time[0m
[90m[TRACE] kernel:pid[3] sys_get_time[0m
[90m[TRACE] kernel:pid[3] sys_get_time[0m
[90m[TRACE] kernel:pid[3] sys_get_time[0m
[90m[TRACE] kernel:pid[3] sys_get_time[0m
[90m[TRACE] kernel:pid[3] sys_get_time[0m
[90m[TRACE] kernel:pid[3] sys_get_time[0m
[90m[TRACE] kernel:pid[3] sys_get_time[0m
[90m[TRACE] kernel:pid[3] sys_get_time[0m
[90m[TRACE] kernel:pid[3] sys_get_time[0m
[90m[TRACE] kernel:pid[3] sys_get_time[0m
[90m[TRACE] kernel:pid[3] sys_get_time[0m
[90m[TRACE] kernel:pid[3] sys_get_time[0m
[90m[TRACE] kernel:pid[3] sys_get_time[0m
[90m[TRACE] kernel:pid[3] sys_get_time[0m
[90m[TRACE] kernel:pid[3] sys_get_time[0m
[90m[TRACE] kernel:pid[3] sys_get_time[0m
[90m[TRACE] kernel:pid[3] sys_get_time[0m
[90m[TRACE] kernel:pid[3] sys_get_time[0m
[90m[TRACE] kernel:pid[3] sys_get_time[0m
[90m[TRACE] kernel:pid[3] sys_get_time[0m
[90m[TRACE] kernel:pid[3] sys_get_time[0m
[90m[TRACE] kernel:pid[3] sys_get_time[0m
[90m[TRACE] kernel:pid[3] sys_get_time[0m
[90m[TRACE] kernel:pid[3] sys_get_time[0m
[90m[TRACE] kernel:pid[3] sys_get_time[0m
[90m[TRACE] kernel:pid[3] sys_get_time[0m
[90m[TRACE] kernel:pid[3] sys_get_time[0m
[90m[TRACE] kernel:pid[3] sys_get_time[0m
[90m[TRACE] kernel:pid[3] sys_get_time[0m
[90m[TRACE] kernel:pid[3] sys_get_time[0m
[90m[TRACE] kernel:pid[3] sys_get_time[0m
[90m[TRACE] kernel:pid[3] sys_get_time[0m
[90m[TRACE] kernel:pid[3] sys_get_time[0m
[90m[TRACE] kernel:pid[3] sys_get_time[0m
[90m[TRACE] kernel:pid[3] sys_get_time[0m
[90m[TRACE] kernel:pid[3] sys_get_time[0m
[90m[TRACE] kernel:pid[3] sys_get_time[0m
[90m[TRACE] kernel:pid[3] sys_get_time[0m
[90m[TRACE] kernel:pid[3] sys_get_time[0m
[90m[TRACE] kernel:pid[3] sys_get_time[0m
[90m[TRACE] kernel:pid[3] sys_get_time[0m
[90m[TRACE] kernel:pid[3] sys_get_time[0m
[90m[TRACE] kernel:pid[3] sys_get_time[0m
[90m[TRACE] kernel:pid[3] sys_get_time[0m
[90m[TRACE] kernel:pid[3] sys_get_time[0m
[90m[TRACE] kernel:pid[3] sys_get_time[0m
[90m[TRACE] kernel:pid[3] sys_get_time[0m
[90m[TRACE] kernel:pid[3] sys_get_time[0m
[90m[TRACE] kernel:pid[3] sys_get_time[0m
[90m[TRACE] kernel:pid[3] sys_get_time[0m
[90m[TRACE] kernel:pid[3] sys_get_time[0m
[90m[TRACE] kernel:pid[3] sys_get_time[0m
[90m[TRACE] kernel:pid[3] sys_get_time[0m
[90m[TRACE] kernel:pid[3] sys_get_time[0m
[90m[TRACE] kernel:pid[3] sys_get_time[0m
[90m[TRACE] kernel:pid[3] sys_get_time[0m
[90m[TRACE] kernel:pid[3] sys_get_time[0m
[90m[TRACE] kernel:pid[3] sys_get_time[0m
[90m[TRACE] kernel:pid[3] sys_get_time[0m
[90m[TRACE] kernel:pid[3] sys_get_time[0m
[90m[TRACE] kernel:pid[3] sys_get_time[0m
[90m[TRACE] kernel:pid[3] sys_get_time[0m
[90m[TRACE] kernel:pid[3] sys_get_time[0m
[90m[TRACE] kernel:pid[3] sys_get_time[0m
[90m[TRACE] kernel:pid[3] sys_get_time[0m
[90m[TRACE] kernel:pid[3] sys_get_time[0m
[90m[TRACE] kernel:pid[3] sys_get_time[0m
[90m[TRACE] kernel:pid[3] sys_get_time[0m
[90m[TRACE] kernel:pid[3] sys_get_time[0m
[90m[TRACE] kernel:pid[3] sys_get_time[0m
[90m[TRACE] kernel:pid[3] sys_get_time[0m
[90m[TRACE] kernel:pid[3] sys_get_time[0m
[90m[TRACE] kernel:pid[3] sys_get_time[0m
[90m[TRACE] kernel:pid[3] sys_get_time[0m
[90m[TRACE] kernel:pid[3] sys_get_time[0m
[90m[TRACE] kernel:pid[3] sys_get_time[0m
[90m[TRACE] kernel:pid[3] sys_get_time[0m
[90m[TRACE] kernel:pid[3] sys_get_time[0m
[90m[TRACE] kernel:pid[3] sys_get_time[0m
[90m[TRACE] kernel:pid[3] sys_get_time[0m
[90m[TRACE] kernel:pid[3] sys_get_time[0m
[90m[TRACE] kernel:pid[3] sys_get_time[0m
[90m[TRACE] kernel:pid[3] sys_get_time[0m
[90m[TRACE] kernel:pid[3] sys_get_time[0m
[90m[TRACE] kernel:pid[3] sys_get_time[0m
[90m[TRACE] kernel:pid[3] sys_get_time[0m
[90m[TRACE] kernel:pid[3] sys_get_time[0m
[90m[TRACE] kernel:pid[3] sys_get_time[0m
[90m[TRACE] kernel:pid[3] sys_get_time[0m
[90m[TRACE] kernel:pid[3] sys_get_time[0m
[90m[TRACE] kernel:pid[3] sys_get_time[0m
[90m[TRACE] kernel:pid[3] sys_get_time[0m
[90m[TRACE] kernel:pid[3] sys_get_time[0m
[90m[TRACE] kernel:pid[3] sys_get_time[0m
[90m[TRACE] kernel:pid[3] sys_get_time[0m
[90m[TRACE] kernel:pid[3] sys_get_time[0m
[90m[TRACE] kernel:pid[3] sys_get_time[0m
[90m[TRACE] kernel:pid[3] sys_get_time[0m
[90m[TRACE] kernel:pid[3] sys_get_time[0m
[90m[TRACE] kernel:pid[3] sys_get_time[0m
[90m[TRACE] kernel:pid[3] sys_get_time[0m
[90m[TRACE] kernel:pid[3] sys_get_time[0m
[90m[TRACE] kernel:pid[3] sys_get_time[0m
[90m[TRACE] kernel:pid[3] sys_get_time[0m
[90m[TRACE] kernel:pid[3] sys_get_time[0m
[90m[TRACE] kernel:pid[3] sys_get_time[0m
[90m[TRACE] kernel:pid[3] sys_get_time[0m
[90m[TRACE] kernel:pid[3] sys_get_time[0m
[90m[TRACE] kernel:pid[3] sys_get_time[0m
[90m[TRACE] kernel:pid[3] sys_get_time[0m
[90m[TRACE] kernel:pid[3] sys_get_time[0m
[90m[TRACE] kernel:pid[3] sys_get_time[0m
[90m[TRACE] kernel:pid[3] sys_get_time[0m
[90m[TRACE] kernel:pid[3] sys_get_time[0m
[90m[TRACE] kernel:pid[3] sys_get_time[0m
[90m[TRACE] kernel:pid[3] sys_get_time[0m
[90m[TRACE] kernel:pid[3] sys_get_time[0m
[90m[TRACE] kernel:pid[3] sys_get_time[0m
[90m[TRACE] kernel:pid[3] sys_get_time[0m
[90m[TRACE] kernel:pid[3] sys_get_time[0m
[90m[TRACE] kernel:pid[3] sys_get_time[0m
[90m[TRACE] kernel:pid[3] sys_get_time[0m
[90m[TRACE] kernel:pid[3] sys_get_time[0m
[90m[TRACE] kernel:pid[3] sys_get_time[0m
[90m[TRACE] kernel:pid[3] sys_get_time[0m
[90m[TRACE] kernel:pid[3] sys_get_time[0m
[90m[TRACE] kernel:pid[3] sys_get_time[0m
[90m[TRACE] kernel:pid[3] sys_get_time[0m
[90m[TRACE] kernel:pid[3] sys_get_time[0m
[90m[TRACE] kernel:pid[3] sys_get_time[0m
[90m[TRACE] kernel:pid[3] sys_get_time[0m
[90m[TRACE] kernel:pid[3] sys_get_time[0m
[90m[TRACE] kernel:pid[3] sys_get_time[0m
[90m[TRACE] kernel:pid[3] sys_get_time[0m
[90m[TRACE] kernel:pid[3] sys_get_time[0m
[90m[TRACE] kernel:pid[3] sys_get_time[0m
[90m[TRACE] kernel:pid[3] sys_get_time[0m
[90m[TRACE] kernel:pid[3] sys_get_time[0m
[90m[TRACE] kernel:pid[3] sys_get_time[0m
[90m[TRACE] kernel:pid[3] sys_get_time[0m
[90m[TRACE] kernel:pid[3] sys_get_time[0m
[90m[TRACE] kernel:pid[3] sys_get_time[0m
[90m[TRACE] kernel:pid[3] sys_get_time[0m
[90m[TRACE] kernel:pid[3] sys_get_time[0m
[90m[TRACE] kernel:pid[3] sys_get_time[0m
[90m[TRACE] kernel:pid[3] sys_get_time[0m
[90m[TRACE] kernel:pid[3] sys_get_time[0m
[90m[TRACE] kernel:pid[3] sys_get_time[0m
[90m[TRACE] kernel:pid[3] sys_get_time[0m
[90m[TRACE] kernel:pid[3] sys_get_time[0m
[90m[TRACE] kernel:pid[3] sys_get_time[0m
[90m[TRACE] kernel:pid[3] sys_get_time[0m
[90m[TRACE] kernel:pid[3] sys_get_time[0m
[90m[TRACE] kernel:pid[3] sys_get_time[0m
[90m[TRACE] kernel:pid[3] sys_get_time[0m
[90m[TRACE] kernel:pid[3] sys_get_time[0m
[90m[TRACE] kernel:pid[3] sys_get_time[0m
[90m[TRACE] kernel:pid[3] sys_get_time[0m
[90m[TRACE] kernel:pid[3] sys_get_time[0m
[90m[TRACE] kernel:pid[3] sys_get_time[0m
[90m[TRACE] kernel:pid[3] sys_get_time[0m
[90m[TRACE] kernel:pid[3] sys_get_time[0m
[90m[TRACE] kernel:pid[3] sys_get_time[0m
[90m[TRACE] kernel:pid[3] sys_get_time[0m
[90m[TRACE] kernel:pid[3] sys_get_time[0m
[90m[TRACE] kernel:pid[3] sys_get_time[0m
[90m[TRACE] kernel:pid[3] sys_get_time[0m
[90m[TRACE] kernel:pid[3] sys_get_time[0m
[90m[TRACE] kernel:pid[3] sys_get_time[0m
[90m[TRACE] kernel:pid[3] sys_get_time[0m
[90m[TRACE] kernel:pid[3] sys_get_time[0m
[90m[TRACE] kernel:pid[3] sys_get_time[0m
[90m[TRACE] kernel:pid[3] sys_get_time[0m
[90m[TRACE] kernel:pid[3] sys_get_time[0m
[90m[TRACE] kernel:pid[3] sys_get_time[0m
[90m[TRACE] kernel:pid[3] sys_get_time[0m
[90m[TRACE] kernel:pid[3] sys_get_time[0m
[90m[TRACE] kernel:pid[3] sys_get_time[0m
[90m[TRACE] kernel:pid[3] sys_get_time[0m
[90m[TRACE] kernel:pid[3] sys_get_time[0m
[90m[TRACE] kernel:pid[3] sys_get_time[0m
[90m[TRACE] kernel:pid[3] sys_get_time[0m
[90m[TRACE] kernel:pid[3] sys_get_time[0m
[90m[TRACE] kernel:pid[3] sys_get_time[0m
[90m[TRACE] kernel:pid[3] sys_get_time[0m
[90m[TRACE] kernel:pid[3] sys_get_time[0m
[90m[TRACE] kernel:pid[3] sys_get_time[0m
[90m[TRACE] kernel:pid[3] sys_get_time[0m
[90m[TRACE] kernel:pid[3] sys_get_time[0m
[90m[TRACE] kernel:pid[3] sys_get_time[0m
[90m[TRACE] kernel:pid[3] sys_get_time[0m
[90m[TRACE] kernel:pid[3] sys_get_time[0m
[90m[TRACE] kernel:pid[3] sys_get_time[0m
[90m[TRACE] kernel:pid[3] sys_get_time[0m
[90m[TRACE] kernel:pid[3] sys_get_time[0m
[90m[TRACE] kernel:pid[3] sys_get_time[0m
[90m[TRACE] kernel:pid[3] sys_get_time[0m
[90m[TRACE] kernel:pid[3] sys_get_time[0m
[90m[TRACE] kernel:pid[3] sys_get_time[0m
[90m[TRACE] kernel:pid[3] sys_get_time[0m
[90m[TRACE] kernel:pid[3] sys_get_time[0m
[90m[TRACE] kernel:pid[3] sys_get_time[0m
[90m[TRACE] kernel:pid[3] sys_get_time[0m
[90m[TRACE] kernel:pid[3] sys_get_time[0m
[90m[TRACE] kernel:pid[3] sys_get_time[0m
[90m[TRACE] kernel:pid[3] sys_get_time[0m
[90m[TRACE] kernel:pid[3] sys_get_time[0m
[90m[TRACE] kernel:pid[3] sys_get_time[0m
[90m[TRACE] kernel:pid[3] sys_get_time[0m
[90m[TRACE] kernel:pid[3] sys_get_time[0m
[90m[TRACE] kernel:pid[3] sys_get_time[0m
[90m[TRACE] kernel:pid[3] sys_get_time[0m
[90m[TRACE] kernel:pid[3] sys_get_time[0m
[90m[TRACE] kernel:pid[3] sys_get_time[0m
[90m[TRACE] kernel:pid[3] sys_get_time[0m
[90m[TRACE] kernel:pid[3] sys_get_time[0m
[90m[TRACE] kernel:pid[3] sys_get_time[0m
[90m[TRACE] kernel:pid[3] sys_get_time[0m
[90m[TRACE] kernel:pid[3] sys_get_time[0m
[90m[TRACE] kernel:pid[3] sys_get_time[0m
[90m[TRACE] kernel:pid[3] sys_get_time[0m
[90m[TRACE] kernel:pid[3] sys_get_time[0m
[90m[TRACE] kernel:pid[3] sys_get_time[0m
[90m[TRACE] kernel:pid[3] sys_get_time[0m
[90m[TRACE] kernel:pid[3] sys_get_time[0m
[90m[TRACE] kernel:pid[3] sys_get_time[0m
[90m[TRACE] kernel:pid[3] sys_get_time[0m
[90m[TRACE] kernel:pid[3] sys_get_time[0m
[90m[TRACE] kernel:pid[3] sys_get_time[0m
[90m[TRACE] kernel:pid[3] sys_get_time[0m
[90m[TRACE] kernel:pid[3] sys_get_time[0m
[90m[TRACE] kernel:pid[3] sys_get_time[0m
[90m[TRACE] kernel:pid[3] sys_get_time[0m
[90m[TRACE] kernel:pid[3] sys_get_time[0m
[90m[TRACE] kernel:pid[3] sys_get_time[0m
[90m[TRACE] kernel:pid[3] sys_get_time[0m
[90m[TRACE] kernel:pid[3] sys_get_time[0m
[90m[TRACE] kernel:pid[3] sys_get_time[0m
[90m[TRACE] kernel:pid[3] sys_get_time[0m
[90m[TRACE] kernel:pid[3] sys_get_time[0m
[90m[TRACE] kernel:pid[3] sys_get_time[0m
[90m[TRACE] kernel:pid[3] sys_get_time[0m
[90m[TRACE] kernel:pid[3] sys_get_time[0m
[90m[TRACE] kernel:pid[3] sys_get_time[0m
[90m[TRACE] kernel:pid[3] sys_get_time[0m
[90m[TRACE] kernel:pid[3] sys_get_time[0m
[90m[TRACE] kernel:pid[3] sys_get_time[0m
[90m[TRACE] kernel:pid[3] sys_get_time[0m
[90m[TRACE] kernel:pid[3] sys_get_time[0m
[90m[TRACE] kernel:pid[3] sys_get_time[0m
[90m[TRACE] kernel:pid[3] sys_get_time[0m
[90m[TRACE] kernel:pid[3] sys_get_time[0m
[90m[TRACE] kernel:pid[3] sys_get_time[0m
[90m[TRACE] kernel:pid[3] sys_get_time[0m
[90m[TRACE] kernel:pid[3] sys_get_time[0m
[90m[TRACE] kernel:pid[3] sys_get_time[0m
[90m[TRACE] kernel:pid[3] sys_get_time[0m
[90m[TRACE] kernel:pid[3] sys_get_time[0m
[90m[TRACE] kernel:pid[3] sys_get_time[0m
[90m[TRACE] kernel:pid[3] sys_get_time[0m
[90m[TRACE] kernel:pid[3] sys_get_time[0m
[90m[TRACE] kernel:pid[3] sys_get_time[0m
[90m[TRACE] kernel:pid[3] sys_get_time[0m
[90m[TRACE] kernel:pid[3] sys_get_time[0m
[90m[TRACE] kernel:pid[3] sys_get_time[0m
[90m[TRACE] kernel:pid[3] sys_get_time[0m
[90m[TRACE] kernel:pid[3] sys_get_time[0m
[90m[TRACE] kernel:pid[3] sys_get_time[0m
[90m[TRACE] kernel:pid[3] sys_get_time[0m
[90m[TRACE] kernel:pid[3] sys_get_time[0m
[90m[TRACE] kernel:pid[3] sys_get_time[0m
[90m[TRACE] kernel:pid[3] sys_get_time[0m
[90m[TRACE] kernel:pid[3] sys_get_time[0m
[90m[TRACE] kernel:pid[3] sys_get_time[0m
[90m[TRACE] kernel:pid[3] sys_get_time[0m
[90m[TRACE] kernel:pid[3] sys_get_time[0m
[90m[TRACE] kernel:pid[3] sys_get_time[0m
[90m[TRACE] kernel:pid[3] sys_get_time[0m
[90m[TRACE] kernel:pid[3] sys_get_time[0m
[90m[TRACE] kernel:pid[3] sys_get_time[0m
[90m[TRACE] kernel:pid[3] sys_get_time[0m
[90m[TRACE] kernel:pid[3] sys_get_time[0m
[90m[TRACE] kernel:pid[3] sys_get_time[0m
[90m[TRACE] kernel:pid[3] sys_get_time[0m
[90m[TRACE] kernel:pid[3] sys_get_time[0m
[90m[TRACE] kernel:pid[3] sys_get_time[0m
[90m[TRACE] kernel:pid[3] sys_get_time[0m
[90m[TRACE] kernel:pid[3] sys_get_time[0m
[90m[TRACE] kernel:pid[3] sys_get_time[0m
[90m[TRACE] kernel:pid[3] sys_get_time[0m
[90m[TRACE] kernel:pid[3] sys_get_time[0m
[90m[TRACE] kernel:pid[3] sys_get_time[0m
[90m[TRACE] kernel:pid[3] sys_get_time[0m
[90m[TRACE] kernel:pid[3] sys_get_time[0m
[90m[TRACE] kernel:pid[3] sys_get_time[0m
[90m[TRACE] kernel:pid[3] sys_get_time[0m
[90m[TRACE] kernel:pid[3] sys_get_time[0m
[90m[TRACE] kernel:pid[3] sys_get_time[0m
[90m[TRACE] kernel:pid[3] sys_get_time[0m
[90m[TRACE] kernel:pid[3] sys_get_time[0m
[90m[TRACE] kernel:pid[3] sys_get_time[0m
[90m[TRACE] kernel:pid[3] sys_get_time[0m
[90m[TRACE] kernel:pid[3] sys_get_time[0m
[90m[TRACE] kernel:pid[3] sys_get_time[0m
[90m[TRACE] kernel:pid[3] sys_get_time[0m
[90m[TRACE] kernel:pid[3] sys_get_time[0m
[90m[TRACE] kernel:pid[3] sys_get_time[0m
[90m[TRACE] kernel:pid[3] sys_get_time[0m
[90m[TRACE] kernel:pid[3] sys_get_time[0m
[90m[TRACE] kernel:pid[3] sys_get_time[0m
[90m[TRACE] kernel:pid[3] sys_get_time[0m
[90m[TRACE] kernel:pid[3] sys_get_time[0m
[90m[TRACE] kernel:pid[3] sys_get_time[0m
[90m[TRACE] kernel:pid[3] sys_get_time[0m
[90m[TRACE] kernel:pid[3] sys_get_time[0m
[90m[TRACE] kernel:pid[3] sys_get_time[0m
[90m[TRACE] kernel:pid[3] sys_get_time[0m
[90m[TRACE] kernel:pid[3] sys_get_time[0m
[90m[TRACE] kernel:pid[3] sys_get_time[0m
[90m[TRACE] kernel:pid[3] sys_get_time[0m
[90m[TRACE] kernel:pid[3] sys_get_time[0m
[90m[TRACE] kernel:pid[3] sys_get_time[0m
[90m[TRACE] kernel:pid[3] sys_get_time[0m
[90m[TRACE] kernel:pid[3] sys_get_time[0m
[90m[TRACE] kernel:pid[3] sys_get_time[0m
[90m[TRACE] kernel:pid[3] sys_get_time[0m
[90m[TRACE] kernel:pid[3] sys_get_time[0m
[90m[TRACE] kernel:pid[3] sys_get_time[0m
[90m[TRACE] kernel:pid[3] sys_get_time[0m
[90m[TRACE] kernel:pid[3] sys_get_time[0m
[90m[TRACE] kernel:pid[3] sys_get_time[0m
[90m[TRACE] kernel:pid[3] sys_get_time[0m
[90m[TRACE] kernel:pid[3] sys_get_time[0m
[90m[TRACE] kernel:pid[3] sys_get_time[0m
[90m[TRACE] kernel:pid[3] sys_get_time[0m
[90m[TRACE] kernel:pid[3] sys_get_time[0m
[90m[TRACE] kernel:pid[3] sys_get_time[0m
[90m[TRACE] kernel:pid[3] sys_get_time[0m
[90m[TRACE] kernel:pid[3] sys_get_time[0m
[90m[TRACE] kernel:pid[3] sys_get_time[0m
[90m[TRACE] kernel:pid[3] sys_get_time[0m
[90m[TRACE] kernel:pid[3] sys_get_time[0m
[90m[TRACE] kernel:pid[3] sys_get_time[0m
[90m[TRACE] kernel:pid[3] sys_get_time[0m
[90m[TRACE] kernel:pid[3] sys_get_time[0m
[90m[TRACE] kernel:pid[3] sys_get_time[0m
[90m[TRACE] kernel:pid[3] sys_get_time[0m
[90m[TRACE] kernel:pid[3] sys_get_time[0m
[90m[TRACE] kernel:pid[3] sys_get_time[0m
[90m[TRACE] kernel:pid[3] sys_get_time[0m
[90m[TRACE] kernel:pid[3] sys_get_time[0m
[90m[TRACE] kernel:pid[3] sys_get_time[0m
[90m[TRACE] kernel:pid[3] sys_get_time[0m
[90m[TRACE] kernel:pid[3] sys_get_time[0m
[90m[TRACE] kernel:pid[3] sys_get_time[0m
[90m[TRACE] kernel:pid[3] sys_get_time[0m
[90m[TRACE] kernel:pid[3] sys_get_time[0m
[90m[TRACE] kernel:pid[3] sys_get_time[0m
[90m[TRACE] kernel:pid[3] sys_get_time[0m
[90m[TRACE] kernel:pid[3] sys_get_time[0m
[90m[TRACE] kernel:pid[3] sys_get_time[0m
[90m[TRACE] kernel:pid[3] sys_get_time[0m
[90m[TRACE] kernel:pid[3] sys_get_time[0m
[90m[TRACE] kernel:pid[3] sys_get_time[0m
[90m[TRACE] kernel:pid[3] sys_get_time[0m
[90m[TRACE] kernel:pid[3] sys_get_time[0m
[90m[TRACE] kernel:pid[3] sys_get_time[0m
[90m[TRACE] kernel:pid[3] sys_get_time[0m
[90m[TRACE] kernel:pid[3] sys_get_time[0m
[90m[TRACE] kernel:pid[3] sys_get_time[0m
[90m[TRACE] kernel:pid[3] sys_get_time[0m
[90m[TRACE] kernel:pid[3] sys_get_time[0m
[90m[TRACE] kernel:pid[3] sys_get_time[0m
[90m[TRACE] kernel:pid[3] sys_get_time[0m
[90m[TRACE] kernel:pid[3] sys_get_time[0m
[90m[TRACE] kernel:pid[3] sys_get_time[0m
[90m[TRACE] kernel:pid[3] sys_get_time[0m
[90m[TRACE] kernel:pid[3] sys_get_time[0m
[90m[TRACE] kernel:pid[3] sys_get_time[0m
[90m[TRACE] kernel:pid[3] sys_get_time[0m
[90m[TRACE] kernel:pid[3] sys_get_time[0m
[90m[TRACE] kernel:pid[3] sys_get_time[0m
[90m[TRACE] kernel:pid[3] sys_get_time[0m
[90m[TRACE] kernel:pid[3] sys_get_time[0m
[90m[TRACE] kernel:pid[3] sys_get_time[0m
[90m[TRACE] kernel:pid[3] sys_get_time[0m
[90m[TRACE] kernel:pid[3] sys_get_time[0m
[90m[TRACE] kernel:pid[3] sys_get_time[0m
[90m[TRACE] kernel:pid[3] sys_get_time[0m
[90m[TRACE] kernel:pid[3] sys_get_time[0m
[90m[TRACE] kernel:pid[3] sys_get_time[0m
[90m[TRACE] kernel:pid[3] sys_get_time[0m
[90m[TRACE] kernel:pid[3] sys_get_time[0m
[90m[TRACE] kernel:pid[3] sys_get_time[0m
[90m[TRACE] kernel:pid[3] sys_get_time[0m
[90m[TRACE] kernel:pid[3] sys_get_time[0m
[90m[TRACE] kernel:pid[3] sys_get_time[0m
[90m[TRACE] kernel:pid[3] sys_get_time[0m
[90m[TRACE] kernel:pid[3] sys_get_time[0m
[90m[TRACE] kernel:pid[3] sys_get_time[0m
[90m[TRACE] kernel:pid[3] sys_get_time[0m
[90m[TRACE] kernel:pid[3] sys_get_time[0m
[90m[TRACE] kernel:pid[3] sys_get_time[0m
[90m[TRACE] kernel:pid[3] sys_get_time[0m
[90m[TRACE] kernel:pid[3] sys_get_time[0m
[90m[TRACE] kernel:pid[3] sys_get_time[0m
[90m[TRACE] kernel:pid[3] sys_get_time[0m
[90m[TRACE] kernel:pid[3] sys_get_time[0m
[90m[TRACE] kernel:pid[3] sys_get_time[0m
[90m[TRACE] kernel:pid[3] sys_get_time[0m
[90m[TRACE] kernel:pid[3] sys_get_time[0m
[90m[TRACE] kernel:pid[3] sys_get_time[0m
[90m[TRACE] kernel:pid[3] sys_get_time[0m
[90m[TRACE] kernel:pid[3] sys_get_time[0m
[90m[TRACE] kernel:pid[3] sys_get_time[0m
[90m[TRACE] kernel:pid[3] sys_get_time[0m
[90m[TRACE] kernel:pid[3] sys_get_time[0m
[90m[TRACE] kernel:pid[3] sys_get_time[0m
[90m[TRACE] kernel:pid[3] sys_get_time[0m
[90m[TRACE] kernel:pid[3] sys_get_time[0m
[90m[TRACE] kernel:pid[3] sys_get_time[0m
[90m[TRACE] kernel:pid[3] sys_get_time[0m
[90m[TRACE] kernel:pid[3] sys_get_time[0m
[90m[TRACE] kernel:pid[3] sys_get_time[0m
[90m[TRACE] kernel:pid[3] sys_get_time[0m
[90m[TRACE] kernel:pid[3] sys_get_time[0m
[90m[TRACE] kernel:pid[3] sys_get_time[0m
[90m[TRACE] kernel:pid[3] sys_get_time[0m
[90m[TRACE] kernel:pid[3] sys_get_time[0m
[90m[TRACE] kernel:pid[3] sys_get_time[0m
[90m[TRACE] kernel:pid[3] sys_get_time[0m
[90m[TRACE] kernel:pid[3] sys_get_time[0m
[90m[TRACE] kernel:pid[3] sys_get_time[0m
[90m[TRACE] kernel:pid[3] sys_get_time[0m
[90m[TRACE] kernel:pid[3] sys_get_time[0m
[90m[TRACE] kernel:pid[3] sys_get_time[0m
[90m[TRACE] kernel:pid[3] sys_get_time[0m
[90m[TRACE] kernel:pid[3] sys_get_time[0m
[90m[TRACE] kernel:pid[3] sys_get_time[0m
[90m[TRACE] kernel:pid[3] sys_get_time[0m
[90m[TRACE] kernel:pid[3] sys_get_time[0m
[90m[TRACE] kernel:pid[3] sys_get_time[0m
[90m[TRACE] kernel:pid[3] sys_get_time[0m
[90m[TRACE] kernel:pid[3] sys_get_time[0m
[90m[TRACE] kernel:pid[3] sys_get_time[0m
[90m[TRACE] kernel:pid[3] sys_get_time[0m
[90m[TRACE] kernel:pid[3] sys_get_time[0m
[90m[TRACE] kernel:pid[3] sys_get_time[0m
[90m[TRACE] kernel:pid[3] sys_get_time[0m
[90m[TRACE] kernel:pid[3] sys_get_time[0m
[90m[TRACE] kernel:pid[3] sys_get_time[0m
[90m[TRACE] kernel:pid[3] sys_get_time[0m
[90m[TRACE] kernel:pid[3] sys_get_time[0m
[90m[TRACE] kernel:pid[3] sys_get_time[0m
[90m[TRACE] kernel:pid[3] sys_get_time[0m
[90m[TRACE] kernel:pid[3] sys_get_time[0m
[90m[TRACE] kernel:pid[3] sys_get_time[0m
[90m[TRACE] kernel:pid[3] sys_get_time[0m
[90m[TRACE] kernel:pid[3] sys_get_time[0m
[90m[TRACE] kernel:pid[3] sys_get_time[0m
[90m[TRACE] kernel:pid[3] sys_get_time[0m
[90m[TRACE] kernel:pid[3] sys_get_time[0m
[90m[TRACE] kernel:pid[3] sys_get_time[0m
[90m[TRACE] kernel:pid[3] sys_get_time[0m
[90m[TRACE] kernel:pid[3] sys_get_time[0m
[90m[TRACE] kernel:pid[3] sys_get_time[0m
[90m[TRACE] kernel:pid[3] sys_get_time[0m
[90m[TRACE] kernel:pid[3] sys_get_time[0m
[90m[TRACE] kernel:pid[3] sys_get_time[0m
[90m[TRACE] kernel:pid[3] sys_get_time[0m
[90m[TRACE] kernel:pid[3] sys_get_time[0m
[90m[TRACE] kernel:pid[3] sys_get_time[0m
[90m[TRACE] kernel:pid[3] sys_get_time[0m
[90m[TRACE] kernel:pid[3] sys_get_time[0m
[90m[TRACE] kernel:pid[3] sys_get_time[0m
[90m[TRACE] kernel:pid[3] sys_get_time[0m
[90m[TRACE] kernel:pid[3] sys_get_time[0m
[90m[TRACE] kernel:pid[3] sys_get_time[0m
[90m[TRACE] kernel:pid[3] sys_get_time[0m
[90m[TRACE] kernel:pid[3] sys_get_time[0m
[90m[TRACE] kernel:pid[3] sys_get_time[0m
[90m[TRACE] kernel:pid[3] sys_get_time[0m
[90m[TRACE] kernel:pid[3] sys_get_time[0m
[90m[TRACE] kernel:pid[3] sys_get_time[0m
[90m[TRACE] kernel:pid[3] sys_get_time[0m
[90m[TRACE] kernel:pid[3] sys_get_time[0m
[90m[TRACE] kernel:pid[3] sys_get_time[0m
[90m[TRACE] kernel:pid[3] sys_get_time[0m
[90m[TRACE] kernel:pid[3] sys_get_time[0m
[90m[TRACE] kernel:pid[3] sys_get_time[0m
[90m[TRACE] kernel:pid[3] sys_get_time[0m
[90m[TRACE] kernel:pid[3] sys_get_time[0m
[90m[TRACE] kernel:pid[3] sys_get_time[0m
[90m[TRACE] kernel:pid[3] sys_get_time[0m
[90m[TRACE] kernel:pid[3] sys_get_time[0m
[90m[TRACE] kernel:pid[3] sys_get_time[0m
[90m[TRACE] kernel:pid[3] sys_get_time[0m
[90m[TRACE] kernel:pid[3] sys_get_time[0m
[90m[TRACE] kernel:pid[3] sys_get_time[0m
[90m[TRACE] kernel:pid[3] sys_get_time[0m
[90m[TRACE] kernel:pid[3] sys_get_time[0m
[90m[TRACE] kernel:pid[3] sys_get_time[0m
[90m[TRACE] kernel:pid[3] sys_get_time[0m
[90m[TRACE] kernel:pid[3] sys_get_time[0m
[90m[TRACE] kernel:pid[3] sys_get_time[0m
[90m[TRACE] kernel:pid[3] sys_get_time[0m
[90m[TRACE] kernel:pid[3] sys_get_time[0m
[90m[TRACE] kernel:pid[3] sys_get_time[0m
[90m[TRACE] kernel:pid[3] sys_get_time[0m
[90m[TRACE] kernel:pid[3] sys_get_time[0m
[90m[TRACE] kernel:pid[3] sys_get_time[0m
[90m[TRACE] kernel:pid[3] sys_get_time[0m
[90m[TRACE] kernel:pid[3] sys_get_time[0m
[90m[TRACE] kernel:pid[3] sys_get_time[0m
[90m[TRACE] kernel:pid[3] sys_get_time[0m
[90m[TRACE] kernel:pid[3] sys_get_time[0m
[90m[TRACE] kernel:pid[3] sys_get_time[0m
[90m[TRACE] kernel:pid[3] sys_get_time[0m
[90m[TRACE] kernel:pid[3] sys_get_time[0m
[90m[TRACE] kernel:pid[3] sys_get_time[0m
[90m[TRACE] kernel:pid[3] sys_get_time[0m
[90m[TRACE] kernel:pid[3] sys_get_time[0m
[90m[TRACE] kernel:pid[3] sys_get_time[0m
[90m[TRACE] kernel:pid[3] sys_get_time[0m
[90m[TRACE] kernel:pid[3] sys_get_time[0m
[90m[TRACE] kernel:pid[3] sys_get_time[0m
[90m[TRACE] kernel:pid[3] sys_get_time[0m
[90m[TRACE] kernel:pid[3] sys_get_time[0m
[90m[TRACE] kernel:pid[3] sys_get_time[0m
[90m[TRACE] kernel:pid[3] sys_get_time[0m
[90m[TRACE] kernel:pid[3] sys_get_time[0m
[90m[TRACE] kernel:pid[3] sys_get_time[0m
[90m[TRACE] kernel:pid[3] sys_get_time[0m
[90m[TRACE] kernel:pid[3] sys_get_time[0m
[90m[TRACE] kernel:pid[3] sys_get_time[0m
[90m[TRACE] kernel:pid[3] sys_get_time[0m
[90m[TRACE] kernel:pid[3] sys_get_time[0m
[90m[TRACE] kernel:pid[3] sys_get_time[0m
[90m[TRACE] kernel:pid[3] sys_get_time[0m
[90m[TRACE] kernel:pid[3] sys_get_time[0m
[90m[TRACE] kernel:pid[3] sys_get_time[0m
[90m[TRACE] kernel:pid[3] sys_get_time[0m
[90m[TRACE] kernel:pid[3] sys_get_time[0m
[90m[TRACE] kernel:pid[3] sys_get_time[0m
[90m[TRACE] kernel:pid[3] sys_get_time[0m
[90m[TRACE] kernel:pid[3] sys_get_time[0m
[90m[TRACE] kernel:pid[3] sys_get_time[0m
[90m[TRACE] kernel:pid[3] sys_get_time[0m
[90m[TRACE] kernel:pid[3] sys_get_time[0m
[90m[TRACE] kernel:pid[3] sys_get_time[0m
[90m[TRACE] kernel:pid[3] sys_get_time[0m
[90m[TRACE] kernel:pid[3] sys_get_time[0m
[90m[TRACE] kernel:pid[3] sys_get_time[0m
[90m[TRACE] kernel:pid[3] sys_get_time[0m
[90m[TRACE] kernel:pid[3] sys_get_time[0m
[90m[TRACE] kernel:pid[3] sys_get_time[0m
[90m[TRACE] kernel:pid[3] sys_get_time[0m
[90m[TRACE] kernel:pid[3] sys_get_time[0m
[90m[TRACE] kernel:pid[3] sys_get_time[0m
[90m[TRACE] kernel:pid[3] sys_get_time[0m
[90m[TRACE] kernel:pid[3] sys_get_time[0m
[90m[TRACE] kernel:pid[3] sys_get_time[0m
[90m[TRACE] kernel:pid[3] sys_get_time[0m
[90m[TRACE] kernel:pid[3] sys_get_time[0m
[90m[TRACE] kernel:pid[3] sys_get_time[0m
[90m[TRACE] kernel:pid[3] sys_get_time[0m
[90m[TRACE] kernel:pid[3] sys_get_time[0m
[90m[TRACE] kernel:pid[3] sys_get_time[0m
[90m[TRACE] kernel:pid[3] sys_get_time[0m
[90m[TRACE] kernel:pid[3] sys_get_time[0m
[90m[TRACE] kernel:pid[3] sys_get_time[0m
[90m[TRACE] kernel:pid[3] sys_get_time[0m
[90m[TRACE] kernel:pid[3] sys_get_time[0m
[90m[TRACE] kernel:pid[3] sys_get_time[0m
[90m[TRACE] kernel:pid[3] sys_get_time[0m
[90m[TRACE] kernel:pid[3] sys_get_time[0m
[90m[TRACE] kernel:pid[3] sys_get_time[0m
[90m[TRACE] kernel:pid[3] sys_get_time[0m
[90m[TRACE] kernel:pid[3] sys_get_time[0m
[90m[TRACE] kernel:pid[3] sys_get_time[0m
[90m[TRACE] kernel:pid[3] sys_get_time[0m
[90m[TRACE] kernel:pid[3] sys_get_time[0m
[90m[TRACE] kernel:pid[3] sys_get_time[0m
[90m[TRACE] kernel:pid[3] sys_get_time[0m
[90m[TRACE] kernel:pid[3] sys_get_time[0m
[90m[TRACE] kernel:pid[3] sys_get_time[0m
[90m[TRACE] kernel:pid[3] sys_get_time[0m
[90m[TRACE] kernel:pid[3] sys_get_time[0m
[90m[TRACE] kernel:pid[3] sys_get_time[0m
[90m[TRACE] kernel:pid[3] sys_get_time[0m
[90m[TRACE] kernel:pid[3] sys_get_time[0m
[90m[TRACE] kernel:pid[3] sys_get_time[0m
[90m[TRACE] kernel:pid[3] sys_get_time[0m
[90m[TRACE] kernel:pid[3] sys_get_time[0m
[90m[TRACE] kernel:pid[3] sys_get_time[0m
[90m[TRACE] kernel:pid[3] sys_get_time[0m
[90m[TRACE] kernel:pid[3] sys_get_time[0m
[90m[TRACE] kernel:pid[3] sys_get_time[0m
[90m[TRACE] kernel:pid[3] sys_get_time[0m
[90m[TRACE] kernel:pid[3] sys_get_time[0m
[90m[TRACE] kernel:pid[3] sys_get_time[0m
[90m[TRACE] kernel:pid[3] sys_get_time[0m
[90m[TRACE] kernel:pid[3] sys_get_time[0m
[90m[TRACE] kernel:pid[3] sys_get_time[0m
[90m[TRACE] kernel:pid[3] sys_get_time[0m
[90m[TRACE] kernel:pid[3] sys_get_time[0m
[90m[TRACE] kernel:pid[3] sys_get_time[0m
[90m[TRACE] kernel:pid[3] sys_get_time[0m
[90m[TRACE] kernel:pid[3] sys_get_time[0m
[90m[TRACE] kernel:pid[3] sys_get_time[0m
[90m[TRACE] kernel:pid[3] sys_get_time[0m
[90m[TRACE] kernel:pid[3] sys_get_time[0m
[90m[TRACE] kernel:pid[3] sys_get_time[0m
[90m[TRACE] kernel:pid[3] sys_get_time[0m
[90m[TRACE] kernel:pid[3] sys_get_time[0m
[90m[TRACE] kernel:pid[3] sys_get_time[0m
[90m[TRACE] kernel:pid[3] sys_get_time[0m
[90m[TRACE] kernel:pid[3] sys_get_time[0m
[90m[TRACE] kernel:pid[3] sys_get_time[0m
[90m[TRACE] kernel:pid[3] sys_get_time[0m
[90m[TRACE] kernel:pid[3] sys_get_time[0m
[90m[TRACE] kernel:pid[3] sys_get_time[0m
[90m[TRACE] kernel:pid[3] sys_get_time[0m
[90m[TRACE] kernel:pid[3] sys_get_time[0m
[90m[TRACE] kernel:pid[3] sys_get_time[0m
[90m[TRACE] kernel:pid[3] sys_get_time[0m
[90m[TRACE] kernel:pid[3] sys_get_time[0m
[90m[TRACE] kernel:pid[3] sys_get_time[0m
[90m[TRACE] kernel:pid[3] sys_get_time[0m
[90m[TRACE] kernel:pid[3] sys_get_time[0m
[90m[TRACE] kernel:pid[3] sys_get_time[0m
[90m[TRACE] kernel:pid[3] sys_get_time[0m
[90m[TRACE] kernel:pid[3] sys_get_time[0m
[90m[TRACE] kernel:pid[3] sys_get_time[0m
[90m[TRACE] kernel:pid[3] sys_get_time[0m
[90m[TRACE] kernel:pid[3] sys_get_time[0m
[90m[TRACE] kernel:pid[3] sys_get_time[0m
[90m[TRACE] kernel:pid[3] sys_get_time[0m
[90m[TRACE] kernel:pid[3] sys_get_time[0m
[90m[TRACE] kernel:pid[3] sys_get_time[0m
[90m[TRACE] kernel:pid[3] sys_get_time[0m
[90m[TRACE] kernel:pid[3] sys_get_time[0m
[90m[TRACE] kernel:pid[3] sys_get_time[0m
[90m[TRACE] kernel:pid[3] sys_get_time[0m
[90m[TRACE] kernel:pid[3] sys_get_time[0m
[90m[TRACE] kernel:pid[3] sys_get_time[0m
[90m[TRACE] kernel:pid[3] sys_get_time[0m
[90m[TRACE] kernel:pid[3] sys_get_time[0m
[90m[TRACE] kernel:pid[3] sys_get_time[0m
[90m[TRACE] kernel:pid[3] sys_get_time[0m
[90m[TRACE] kernel:pid[3] sys_get_time[0m
[90m[TRACE] kernel:pid[3] sys_get_time[0m
[90m[TRACE] kernel:pid[3] sys_get_time[0m
[90m[TRACE] kernel:pid[3] sys_get_time[0m
[90m[TRACE] kernel:pid[3] sys_get_time[0m
[90m[TRACE] kernel:pid[3] sys_get_time[0m
[90m[TRACE] kernel:pid[3] sys_get_time[0m
[90m[TRACE] kernel:pid[3] sys_get_time[0m
[90m[TRACE] kernel:pid[3] sys_get_time[0m
[90m[TRACE] kernel:pid[3] sys_get_time[0m
[90m[TRACE] kernel:pid[3] sys_get_time[0m
[90m[TRACE] kernel:pid[3] sys_get_time[0m
[90m[TRACE] kernel:pid[3] sys_get_time[0m
[90m[TRACE] kernel:pid[3] sys_get_time[0m
[90m[TRACE] kernel:pid[3] sys_get_time[0m
[90m[TRACE] kernel:pid[3] sys_get_time[0m
[90m[TRACE] kernel:pid[3] sys_get_time[0m
[90m[TRACE] kernel:pid[3] sys_get_time[0m
[90m[TRACE] kernel:pid[3] sys_get_time[0m
[90m[TRACE] kernel:pid[3] sys_get_time[0m
[90m[TRACE] kernel:pid[3] sys_get_time[0m
[90m[TRACE] kernel:pid[3] sys_get_time[0m
[90m[TRACE] kernel:pid[3] sys_get_time[0m
[90m[TRACE] kernel:pid[3] sys_get_time[0m
[90m[TRACE] kernel:pid[3] sys_get_time[0m
[90m[TRACE] kernel:pid[3] sys_get_time[0m
[90m[TRACE] kernel:pid[3] sys_get_time[0m
[90m[TRACE] kernel:pid[3] sys_get_time[0m
[90m[TRACE] kernel:pid[3] sys_get_time[0m
[90m[TRACE] kernel:pid[3] sys_get_time[0m
[90m[TRACE] kernel:pid[3] sys_get_time[0m
[90m[TRACE] kernel:pid[3] sys_get_time[0m
[90m[TRACE] kernel:pid[3] sys_get_time[0m
[90m[TRACE] kernel:pid[3] sys_get_time[0m
[90m[TRACE] kernel:pid[3] sys_get_time[0m
[90m[TRACE] kernel:pid[3] sys_get_time[0m
[90m[TRACE] kernel:pid[3] sys_get_time[0m
[90m[TRACE] kernel:pid[3] sys_get_time[0m
[90m[TRACE] kernel:pid[3] sys_get_time[0m
[90m[TRACE] kernel:pid[3] sys_get_time[0m
[90m[TRACE] kernel:pid[3] sys_get_time[0m
[90m[TRACE] kernel:pid[3] sys_get_time[0m
[90m[TRACE] kernel:pid[3] sys_get_time[0m
[90m[TRACE] kernel:pid[3] sys_get_time[0m
[90m[TRACE] kernel:pid[3] sys_get_time[0m
[90m[TRACE] kernel:pid[3] sys_get_time[0m
[90m[TRACE] kernel:pid[3] sys_get_time[0m
[90m[TRACE] kernel:pid[3] sys_get_time[0m
[90m[TRACE] kernel:pid[3] sys_get_time[0m
[90m[TRACE] kernel:pid[3] sys_get_time[0m
[90m[TRACE] kernel:pid[3] sys_get_time[0m
[90m[TRACE] kernel:pid[3] sys_get_time[0m
[90m[TRACE] kernel:pid[3] sys_get_time[0m
[90m[TRACE] kernel:pid[3] sys_get_time[0m
[90m[TRACE] kernel:pid[3] sys_get_time[0m
[90m[TRACE] kernel:pid[3] sys_get_time[0m
[90m[TRACE] kernel:pid[3] sys_get_time[0m
[90m[TRACE] kernel:pid[3] sys_get_time[0m
[90m[TRACE] kernel:pid[3] sys_get_time[0m
[90m[TRACE] kernel:pid[3] sys_get_time[0m
[90m[TRACE] kernel:pid[3] sys_get_time[0m
[90m[TRACE] kernel:pid[3] sys_get_time[0m
[90m[TRACE] kernel:pid[3] sys_get_time[0m
[90m[TRACE] kernel:pid[3] sys_get_time[0m
[90m[TRACE] kernel:pid[3] sys_get_time[0m
[90m[TRACE] kernel:pid[3] sys_get_time[0m
[90m[TRACE] kernel:pid[3] sys_get_time[0m
[90m[TRACE] kernel:pid[3] sys_get_time[0m
[90m[TRACE] kernel:pid[3] sys_get_time[0m
[90m[TRACE] kernel:pid[3] sys_get_time[0m
[90m[TRACE] kernel:pid[3] sys_get_time[0m
[90m[TRACE] kernel:pid[3] sys_get_time[0m
[90m[TRACE] kernel:pid[3] sys_get_time[0m
[90m[TRACE] kernel:pid[3] sys_get_time[0m
[90m[TRACE] kernel:pid[3] sys_get_time[0m
[90m[TRACE] kernel:pid[3] sys_get_time[0m
[90m[TRACE] kernel:pid[3] sys_get_time[0m
[90m[TRACE] kernel:pid[3] sys_get_time[0m
[90m[TRACE] kernel:pid[3] sys_get_time[0m
[90m[TRACE] kernel:pid[3] sys_get_time[0m
[90m[TRACE] kernel:pid[3] sys_get_time[0m
[90m[TRACE] kernel:pid[3] sys_get_time[0m
[90m[TRACE] kernel:pid[3] sys_get_time[0m
[90m[TRACE] kernel:pid[3] sys_get_time[0m
[90m[TRACE] kernel:pid[3] sys_get_time[0m
[90m[TRACE] kernel:pid[3] sys_get_time[0m
[90m[TRACE] kernel:pid[3] sys_get_time[0m
[90m[TRACE] kernel:pid[3] sys_get_time[0m
[90m[TRACE] kernel:pid[3] sys_get_time[0m
[90m[TRACE] kernel:pid[3] sys_get_time[0m
[90m[TRACE] kernel:pid[3] sys_get_time[0m
[90m[TRACE] kernel:pid[3] sys_get_time[0m
[90m[TRACE] kernel:pid[3] sys_get_time[0m
[90m[TRACE] kernel:pid[3] sys_get_time[0m
[90m[TRACE] kernel:pid[3] sys_get_time[0m
[90m[TRACE] kernel:pid[3] sys_get_time[0m
[90m[TRACE] kernel:pid[3] sys_get_time[0m
[90m[TRACE] kernel:pid[3] sys_get_time[0m
[90m[TRACE] kernel:pid[3] sys_get_time[0m
[90m[TRACE] kernel:pid[3] sys_get_time[0m
[90m[TRACE] kernel:pid[3] sys_get_time[0m
[90m[TRACE] kernel:pid[3] sys_get_time[0m
[90m[TRACE] kernel:pid[3] sys_get_time[0m
[90m[TRACE] kernel:pid[3] sys_get_time[0m
[90m[TRACE] kernel:pid[3] sys_get_time[0m
[90m[TRACE] kernel:pid[3] sys_get_time[0m
[90m[TRACE] kernel:pid[3] sys_get_time[0m
[90m[TRACE] kernel:pid[3] sys_get_time[0m
[90m[TRACE] kernel:pid[3] sys_get_time[0m
[90m[TRACE] kernel:pid[3] sys_get_time[0m
[90m[TRACE] kernel:pid[3] sys_get_time[0m
[90m[TRACE] kernel:pid[3] sys_get_time[0m
[90m[TRACE] kernel:pid[3] sys_get_time[0m
[90m[TRACE] kernel:pid[3] sys_get_time[0m
[90m[TRACE] kernel:pid[3] sys_get_time[0m
[90m[TRACE] kernel:pid[3] sys_get_time[0m
[90m[TRACE] kernel:pid[3] sys_get_time[0m
[90m[TRACE] kernel:pid[3] sys_get_time[0m
[90m[TRACE] kernel:pid[3] sys_get_time[0m
[90m[TRACE] kernel:pid[3] sys_get_time[0m
[90m[TRACE] kernel:pid[3] sys_get_time[0m
[90m[TRACE] kernel:pid[3] sys_get_time[0m
[90m[TRACE] kernel:pid[3] sys_get_time[0m
[90m[TRACE] kernel:pid[3] sys_get_time[0m
[90m[TRACE] kernel:pid[3] sys_get_time[0m
[90m[TRACE] kernel:pid[3] sys_get_time[0m
[90m[TRACE] kernel:pid[3] sys_get_time[0m
[90m[TRACE] kernel:pid[3] sys_get_time[0m
[90m[TRACE] kernel:pid[3] sys_get_time[0m
[90m[TRACE] kernel:pid[3] sys_get_time[0m
[90m[TRACE] kernel:pid[3] sys_get_time[0m
[90m[TRACE] kernel:pid[3] sys_get_time[0m
[90m[TRACE] kernel:pid[3] sys_get_time[0m
[90m[TRACE] kernel:pid[3] sys_get_time[0m
[90m[TRACE] kernel:pid[3] sys_get_time[0m
[90m[TRACE] kernel:pid[3] sys_get_time[0m
[90m[TRACE] kernel:pid[3] sys_get_time[0m
[90m[TRACE] kernel:pid[3] sys_get_time[0m
[90m[TRACE] kernel:pid[3] sys_get_time[0m
[90m[TRACE] kernel:pid[3] sys_get_time[0m
[90m[TRACE] kernel:pid[3] sys_get_time[0m
[90m[TRACE] kernel:pid[3] sys_get_time[0m
[90m[TRACE] kernel:pid[3] sys_get_time[0m
[90m[TRACE] kernel:pid[3] sys_get_time[0m
[90m[TRACE] kernel:pid[3] sys_get_time[0m
[90m[TRACE] kernel:pid[3] sys_get_time[0m
[90m[TRACE] kernel:pid[3] sys_get_time[0m
[90m[TRACE] kernel:pid[3] sys_get_time[0m
[90m[TRACE] kernel:pid[3] sys_get_time[0m
[90m[TRACE] kernel:pid[3] sys_get_time[0m
[90m[TRACE] kernel:pid[3] sys_get_time[0m
[90m[TRACE] kernel:pid[3] sys_get_time[0m
[90m[TRACE] kernel:pid[3] sys_get_time[0m
[90m[TRACE] kernel:pid[3] sys_get_time[0m
[90m[TRACE] kernel:pid[3] sys_get_time[0m
[90m[TRACE] kernel:pid[3] sys_get_time[0m
[90m[TRACE] kernel:pid[3] sys_get_time[0m
[90m[TRACE] kernel:pid[3] sys_get_time[0m
[90m[TRACE] kernel:pid[3] sys_get_time[0m
[90m[TRACE] kernel:pid[3] sys_get_time[0m
[90m[TRACE] kernel:pid[3] sys_get_time[0m
[90m[TRACE] kernel:pid[3] sys_get_time[0m
[90m[TRACE] kernel:pid[3] sys_get_time[0m
[90m[TRACE] kernel:pid[3] sys_get_time[0m
[90m[TRACE] kernel:pid[3] sys_get_time[0m
[90m[TRACE] kernel:pid[3] sys_get_time[0m
[90m[TRACE] kernel:pid[3] sys_get_time[0m
[90m[TRACE] kernel:pid[3] sys_get_time[0m
[90m[TRACE] kernel:pid[3] sys_get_time[0m
[90m[TRACE] kernel:pid[3] sys_get_time[0m
[90m[TRACE] kernel:pid[3] sys_get_time[0m
[90m[TRACE] kernel:pid[3] sys_get_time[0m
[90m[TRACE] kernel:pid[3] sys_get_time[0m
[90m[TRACE] kernel:pid[3] sys_get_time[0m
[90m[TRACE] kernel:pid[3] sys_get_time[0m
[90m[TRACE] kernel:pid[3] sys_get_time[0m
[90m[TRACE] kernel:pid[3] sys_get_time[0m
[90m[TRACE] kernel:pid[3] sys_get_time[0m
[90m[TRACE] kernel:pid[3] sys_get_time[0m
[90m[TRACE] kernel:pid[3] sys_get_time[0m
[90m[TRACE] kernel:pid[3] sys_get_time[0m
[90m[TRACE] kernel:pid[3] sys_get_time[0m
[90m[TRACE] kernel:pid[3] sys_get_time[0m
[90m[TRACE] kernel:pid[3] sys_get_time[0m
[90m[TRACE] kernel:pid[3] sys_get_time[0m
[90m[TRACE] kernel:pid[3] sys_get_time[0m
[90m[TRACE] kernel:pid[3] sys_get_time[0m
[90m[TRACE] kernel:pid[3] sys_get_time[0m
[90m[TRACE] kernel:pid[3] sys_get_time[0m
[90m[TRACE] kernel:pid[3] sys_get_time[0m
[90m[TRACE] kernel:pid[3] sys_get_time[0m
[90m[TRACE] kernel:pid[3] sys_get_time[0m
[90m[TRACE] kernel:pid[3] sys_get_time[0m
[90m[TRACE] kernel:pid[3] sys_get_time[0m
[90m[TRACE] kernel:pid[3] sys_get_time[0m
[90m[TRACE] kernel:pid[3] sys_get_time[0m
[90m[TRACE] kernel:pid[3] sys_get_time[0m
[90m[TRACE] kernel:pid[3] sys_get_time[0m
[90m[TRACE] kernel:pid[3] sys_get_time[0m
[90m[TRACE] kernel:pid[3] sys_get_time[0m
[90m[TRACE] kernel:pid[3] sys_get_time[0m
[90m[TRACE] kernel:pid[3] sys_get_time[0m
[90m[TRACE] kernel:pid[3] sys_get_time[0m
[90m[TRACE] kernel:pid[3] sys_get_time[0m
[90m[TRACE] kernel:pid[3] sys_get_time[0m
[90m[TRACE] kernel:pid[3] sys_get_time[0m
[90m[TRACE] kernel:pid[3] sys_get_time[0m
[90m[TRACE] kernel:pid[3] sys_get_time[0m
[90m[TRACE] kernel:pid[3] sys_get_time[0m
[90m[TRACE] kernel:pid[3] sys_get_time[0m
[90m[TRACE] kernel:pid[3] sys_get_time[0m
[90m[TRACE] kernel:pid[3] sys_get_time[0m
[90m[TRACE] kernel:pid[3] sys_get_time[0m
[90m[TRACE] kernel:pid[3] sys_get_time[0m
[90m[TRACE] kernel:pid[3] sys_get_time[0m
[90m[TRACE] kernel:pid[3] sys_get_time[0m
[90m[TRACE] kernel:pid[3] sys_get_time[0m
[90m[TRACE] kernel:pid[3] sys_get_time[0m
[90m[TRACE] kernel:pid[3] sys_get_time[0m
[90m[TRACE] kernel:pid[3] sys_get_time[0m
[90m[TRACE] kernel:pid[3] sys_get_time[0m
[90m[TRACE] kernel:pid[3] sys_get_time[0m
[90m[TRACE] kernel:pid[3] sys_get_time[0m
[90m[TRACE] kernel:pid[3] sys_get_time[0m
[90m[TRACE] kernel:pid[3] sys_get_time[0m
[90m[TRACE] kernel:pid[3] sys_get_time[0m
[90m[TRACE] kernel:pid[3] sys_get_time[0m
[90m[TRACE] kernel:pid[3] sys_get_time[0m
[90m[TRACE] kernel:pid[3] sys_get_time[0m
[90m[TRACE] kernel:pid[3] sys_get_time[0m
[90m[TRACE] kernel:pid[3] sys_get_time[0m
[90m[TRACE] kernel:pid[3] sys_get_time[0m
[90m[TRACE] kernel:pid[3] sys_get_time[0m
[90m[TRACE] kernel:pid[3] sys_get_time[0m
[90m[TRACE] kernel:pid[3] sys_get_time[0m
[90m[TRACE] kernel:pid[3] sys_get_time[0m
[90m[TRACE] kernel:pid[3] sys_get_time[0m
[90m[TRACE] kernel:pid[3] sys_get_time[0m
[90m[TRACE] kernel:pid[3] sys_get_time[0m
[90m[TRACE] kernel:pid[3] sys_get_time[0m
[90m[TRACE] kernel:pid[3] sys_get_time[0m
[90m[TRACE] kernel:pid[3] sys_get_time[0m
[90m[TRACE] kernel:pid[3] sys_get_time[0m
[90m[TRACE] kernel:pid[3] sys_get_time[0m
[90m[TRACE] kernel:pid[3] sys_get_time[0m
[90m[TRACE] kernel:pid[3] sys_get_time[0m
[90m[TRACE] kernel:pid[3] sys_get_time[0m
[90m[TRACE] kernel:pid[3] sys_get_time[0m
[90m[TRACE] kernel:pid[3] sys_get_time[0m
[90m[TRACE] kernel:pid[3] sys_get_time[0m
[90m[TRACE] kernel:pid[3] sys_get_time[0m
[90m[TRACE] kernel:pid[3] sys_get_time[0m
[90m[TRACE] kernel:pid[3] sys_get_time[0m
[90m[TRACE] kernel:pid[3] sys_get_time[0m
[90m[TRACE] kernel:pid[3] sys_get_time[0m
[90m[TRACE] kernel:pid[3] sys_get_time[0m
[90m[TRACE] kernel:pid[3] sys_get_time[0m
[90m[TRACE] kernel:pid[3] sys_get_time[0m
[90m[TRACE] kernel:pid[3] sys_get_time[0m
[90m[TRACE] kernel:pid[3] sys_get_time[0m
[90m[TRACE] kernel:pid[3] sys_get_time[0m
[90m[TRACE] kernel:pid[3] sys_get_time[0m
[90m[TRACE] kernel:pid[3] sys_get_time[0m
[90m[TRACE] kernel:pid[3] sys_get_time[0m
[90m[TRACE] kernel:pid[3] sys_get_time[0m
[90m[TRACE] kernel:pid[3] sys_get_time[0m
[90m[TRACE] kernel:pid[3] sys_get_time[0m
[90m[TRACE] kernel:pid[3] sys_get_time[0m
[90m[TRACE] kernel:pid[3] sys_get_time[0m
[90m[TRACE] kernel:pid[3] sys_get_time[0m
[90m[TRACE] kernel:pid[3] sys_get_time[0m
[90m[TRACE] kernel:pid[3] sys_get_time[0m
[90m[TRACE] kernel:pid[3] sys_get_time[0m
[90m[TRACE] kernel:pid[3] sys_get_time[0m
[90m[TRACE] kernel:pid[3] sys_get_time[0m
[90m[TRACE] kernel:pid[3] sys_get_time[0m
[90m[TRACE] kernel:pid[3] sys_get_time[0m
[90m[TRACE] kernel:pid[3] sys_get_time[0m
[90m[TRACE] kernel:pid[3] sys_get_time[0m
[90m[TRACE] kernel:pid[3] sys_get_time[0m
[90m[TRACE] kernel:pid[3] sys_get_time[0m
[90m[TRACE] kernel:pid[3] sys_get_time[0m
[90m[TRACE] kernel:pid[3] sys_get_time[0m
[90m[TRACE] kernel:pid[3] sys_get_time[0m
[90m[TRACE] kernel:pid[3] sys_get_time[0m
[90m[TRACE] kernel:pid[3] sys_get_time[0m
[90m[TRACE] kernel:pid[3] sys_get_time[0m
[90m[TRACE] kernel:pid[3] sys_get_time[0m
[90m[TRACE] kernel:pid[3] sys_get_time[0m
[90m[TRACE] kernel:pid[3] sys_get_time[0m
[90m[TRACE] kernel:pid[3] sys_get_time[0m
[90m[TRACE] kernel:pid[3] sys_get_time[0m
[90m[TRACE] kernel:pid[3] sys_get_time[0m
[90m[TRACE] kernel:pid[3] sys_get_time[0m
[90m[TRACE] kernel:pid[3] sys_get_time[0m
[90m[TRACE] kernel:pid[3] sys_get_time[0m
[90m[TRACE] kernel:pid[3] sys_get_time[0m
[90m[TRACE] kernel:pid[3] sys_get_time[0m
[90m[TRACE] kernel:pid[3] sys_get_time[0m
[90m[TRACE] kernel:pid[3] sys_get_time[0m
[90m[TRACE] kernel:pid[3] sys_get_time[0m
[90m[TRACE] kernel:pid[3] sys_get_time[0m
[90m[TRACE] kernel:pid[3] sys_get_time[0m
[90m[TRACE] kernel:pid[3] sys_get_time[0m
[90m[TRACE] kernel:pid[3] sys_get_time[0m
[90m[TRACE] kernel:pid[3] sys_get_time[0m
[90m[TRACE] kernel:pid[3] sys_get_time[0m
[90m[TRACE] kernel:pid[3] sys_get_time[0m
[90m[TRACE] kernel:pid[3] sys_get_time[0m
[90m[TRACE] kernel:pid[3] sys_get_time[0m
[90m[TRACE] kernel:pid[3] sys_get_time[0m
[90m[TRACE] kernel:pid[3] sys_get_time[0m
[90m[TRACE] kernel:pid[3] sys_get_time[0m
[90m[TRACE] kernel:pid[3] sys_get_time[0m
[90m[TRACE] kernel:pid[3] sys_get_time[0m
[90m[TRACE] kernel:pid[3] sys_get_time[0m
[90m[TRACE] kernel:pid[3] sys_get_time[0m
[90m[TRACE] kernel:pid[3] sys_get_time[0m
[90m[TRACE] kernel:pid[3] sys_get_time[0m
[90m[TRACE] kernel:pid[3] sys_get_time[0m
[90m[TRACE] kernel:pid[3] sys_get_time[0m
[90m[TRACE] kernel:pid[3] sys_get_time[0m
[90m[TRACE] kernel:pid[3] sys_get_time[0m
[90m[TRACE] kernel:pid[3] sys_get_time[0m
[90m[TRACE] kernel:pid[3] sys_get_time[0m
[90m[TRACE] kernel:pid[3] sys_get_time[0m
[90m[TRACE] kernel:pid[3] sys_get_time[0m
[90m[TRACE] kernel:pid[3] sys_get_time[0m
[90m[TRACE] kernel:pid[3] sys_get_time[0m
[90m[TRACE] kernel:pid[3] sys_get_time[0m
[90m[TRACE] kernel:pid[3] sys_get_time[0m
[90m[TRACE] kernel:pid[3] sys_get_time[0m
[90m[TRACE] kernel:pid[3] sys_get_time[0m
[90m[TRACE] kernel:pid[3] sys_get_time[0m
[90m[TRACE] kernel:pid[3] sys_get_time[0m
[90m[TRACE] kernel:pid[3] sys_get_time[0m
[90m[TRACE] kernel:pid[3] sys_get_time[0m
[90m[TRACE] kernel:pid[3] sys_get_time[0m
[90m[TRACE] kernel:pid[3] sys_get_time[0m
[90m[TRACE] kernel:pid[3] sys_get_time[0m
[90m[TRACE] kernel:pid[3] sys_get_time[0m
[90m[TRACE] kernel:pid[3] sys_get_time[0m
[90m[TRACE] kernel:pid[3] sys_get_time[0m
[90m[TRACE] kernel:pid[3] sys_get_time[0m
[90m[TRACE] kernel:pid[3] sys_get_time[0m
[90m[TRACE] kernel:pid[3] sys_get_time[0m
[90m[TRACE] kernel:pid[3] sys_get_time[0m
[90m[TRACE] kernel:pid[3] sys_get_time[0m
[90m[TRACE] kernel:pid[3] sys_get_time[0m
[90m[TRACE] kernel:pid[3] sys_get_time[0m
[90m[TRACE] kernel:pid[3] sys_get_time[0m
[90m[TRACE] kernel:pid[3] sys_get_time[0m
[90m[TRACE] kernel:pid[3] sys_get_time[0m
[90m[TRACE] kernel:pid[3] sys_get_time[0m
[90m[TRACE] kernel:pid[3] sys_get_time[0m
[90m[TRACE] kernel:pid[3] sys_get_time[0m
[90m[TRACE] kernel:pid[3] sys_get_time[0m
[90m[TRACE] kernel:pid[3] sys_get_time[0m
[90m[TRACE] kernel:pid[3] sys_get_time[0m
[90m[TRACE] kernel:pid[3] sys_get_time[0m
[90m[TRACE] kernel:pid[3] sys_get_time[0m
[90m[TRACE] kernel:pid[3] sys_get_time[0m
[90m[TRACE] kernel:pid[3] sys_get_time[0m
[90m[TRACE] kernel:pid[3] sys_get_time[0m
[90m[TRACE] kernel:pid[3] sys_get_time[0m
[90m[TRACE] kernel:pid[3] sys_get_time[0m
[90m[TRACE] kernel:pid[3] sys_get_time[0m
[90m[TRACE] kernel:pid[3] sys_get_time[0m
[90m[TRACE] kernel:pid[3] sys_get_time[0m
[90m[TRACE] kernel:pid[3] sys_get_time[0m
[90m[TRACE] kernel:pid[3] sys_get_time[0m
[90m[TRACE] kernel:pid[3] sys_get_time[0m
[90m[TRACE] kernel:pid[3] sys_get_time[0m
[90m[TRACE] kernel:pid[3] sys_get_time[0m
[90m[TRACE] kernel:pid[3] sys_get_time[0m
[90m[TRACE] kernel:pid[3] sys_get_time[0m
[90m[TRACE] kernel:pid[3] sys_get_time[0m
[90m[TRACE] kernel:pid[3] sys_get_time[0m
[90m[TRACE] kernel:pid[3] sys_get_time[0m
[90m[TRACE] kernel:pid[3] sys_get_time[0m
[90m[TRACE] kernel:pid[3] sys_get_time[0m
[90m[TRACE] kernel:pid[3] sys_get_time[0m
[90m[TRACE] kernel:pid[3] sys_get_time[0m
[90m[TRACE] kernel:pid[3] sys_get_time[0m
[90m[TRACE] kernel:pid[3] sys_get_time[0m
[90m[TRACE] kernel:pid[3] sys_get_time[0m
[90m[TRACE] kernel:pid[3] sys_get_time[0m
[90m[TRACE] kernel:pid[3] sys_get_time[0m
[90m[TRACE] kernel:pid[3] sys_get_time[0m
[90m[TRACE] kernel:pid[3] sys_get_time[0m
[90m[TRACE] kernel:pid[3] sys_get_time[0m
[90m[TRACE] kernel:pid[3] sys_get_time[0m
[90m[TRACE] kernel:pid[3] sys_get_time[0m
[90m[TRACE] kernel:pid[3] sys_get_time[0m
[90m[TRACE] kernel:pid[3] sys_get_time[0m
[90m[TRACE] kernel:pid[3] sys_get_time[0m
[90m[TRACE] kernel:pid[3] sys_get_time[0m
[90m[TRACE] kernel:pid[3] sys_get_time[0m
[90m[TRACE] kernel:pid[3] sys_get_time[0m
[90m[TRACE] kernel:pid[3] sys_get_time[0m
[90m[TRACE] kernel:pid[3] sys_get_time[0m
[90m[TRACE] kernel:pid[3] sys_get_time[0m
[90m[TRACE] kernel:pid[3] sys_get_time[0m
[90m[TRACE] kernel:pid[3] sys_get_time[0m
[90m[TRACE] kernel:pid[3] sys_get_time[0m
[90m[TRACE] kernel:pid[3] sys_get_time[0m
[90m[TRACE] kernel:pid[3] sys_get_time[0m
[90m[TRACE] kernel:pid[3] sys_get_time[0m
[90m[TRACE] kernel:pid[3] sys_get_time[0m
[90m[TRACE] kernel:pid[3] sys_get_time[0m
[90m[TRACE] kernel:pid[3] sys_get_time[0m
[90m[TRACE] kernel:pid[3] sys_get_time[0m
[90m[TRACE] kernel:pid[3] sys_get_time[0m
[90m[TRACE] kernel:pid[3] sys_get_time[0m
[90m[TRACE] kernel:pid[3] sys_get_time[0m
[90m[TRACE] kernel:pid[3] sys_get_time[0m
[90m[TRACE] kernel:pid[3] sys_get_time[0m
[90m[TRACE] kernel:pid[3] sys_get_time[0m
[90m[TRACE] kernel:pid[3] sys_get_time[0m
[90m[TRACE] kernel:pid[3] sys_get_time[0m
[90m[TRACE] kernel:pid[3] sys_get_time[0m
[90m[TRACE] kernel:pid[3] sys_get_time[0m
[90m[TRACE] kernel:pid[3] sys_get_time[0m
[90m[TRACE] kernel:pid[3] sys_get_time[0m
[90m[TRACE] kernel:pid[3] sys_get_time[0m
[90m[TRACE] kernel:pid[3] sys_get_time[0m
[90m[TRACE] kernel:pid[3] sys_get_time[0m
[90m[TRACE] kernel:pid[3] sys_get_time[0m
[90m[TRACE] kernel:pid[3] sys_get_time[0m
[90m[TRACE] kernel:pid[3] sys_get_time[0m
[90m[TRACE] kernel:pid[3] sys_get_time[0m
[90m[TRACE] kernel:pid[3] sys_get_time[0m
[90m[TRACE] kernel:pid[3] sys_get_time[0m
[90m[TRACE] kernel:pid[3] sys_get_time[0m
[90m[TRACE] kernel:pid[3] sys_get_time[0m
[90m[TRACE] kernel:pid[3] sys_get_time[0m
[90m[TRACE] kernel:pid[3] sys_get_time[0m
[90m[TRACE] kernel:pid[3] sys_get_time[0m
[90m[TRACE] kernel:pid[3] sys_get_time[0m
[90m[TRACE] kernel:pid[3] sys_get_time[0m
[90m[TRACE] kernel:pid[3] sys_get_time[0m
[90m[TRACE] kernel:pid[3] sys_get_time[0m
[90m[TRACE] kernel:pid[3] sys_get_time[0m
[90m[TRACE] kernel:pid[3] sys_get_time[0m
[90m[TRACE] kernel:pid[3] sys_get_time[0m
[90m[TRACE] kernel:pid[3] sys_get_time[0m
[90m[TRACE] kernel:pid[3] sys_get_time[0m
[90m[TRACE] kernel:pid[3] sys_get_time[0m
[90m[TRACE] kernel:pid[3] sys_get_time[0m
[90m[TRACE] kernel:pid[3] sys_get_time[0m
[90m[TRACE] kernel:pid[3] sys_get_time[0m
[90m[TRACE] kernel:pid[3] sys_get_time[0m
[90m[TRACE] kernel:pid[3] sys_get_time[0m
[90m[TRACE] kernel:pid[3] sys_get_time[0m
[90m[TRACE] kernel:pid[3] sys_get_time[0m
[90m[TRACE] kernel:pid[3] sys_get_time[0m
[90m[TRACE] kernel:pid[3] sys_get_time[0m
[90m[TRACE] kernel:pid[3] sys_get_time[0m
[90m[TRACE] kernel:pid[3] sys_get_time[0m
[90m[TRACE] kernel:pid[3] sys_get_time[0m
[90m[TRACE] kernel:pid[3] sys_get_time[0m
[90m[TRACE] kernel:pid[3] sys_get_time[0m
[90m[TRACE] kernel:pid[3] sys_get_time[0m
[90m[TRACE] kernel:pid[3] sys_get_time[0m
[90m[TRACE] kernel:pid[3] sys_get_time[0m
[90m[TRACE] kernel:pid[3] sys_get_time[0m
[90m[TRACE] kernel:pid[3] sys_get_time[0m
[90m[TRACE] kernel:pid[3] sys_get_time[0m
[90m[TRACE] kernel:pid[3] sys_get_time[0m
[90m[TRACE] kernel:pid[3] sys_get_time[0m
[90m[TRACE] kernel:pid[3] sys_get_time[0m
[90m[TRACE] kernel:pid[3] sys_get_time[0m
[90m[TRACE] kernel:pid[3] sys_get_time[0m
[90m[TRACE] kernel:pid[3] sys_get_time[0m
[90m[TRACE] kernel:pid[3] sys_get_time[0m
[90m[TRACE] kernel:pid[3] sys_get_time[0m
[90m[TRACE] kernel:pid[3] sys_get_time[0m
[90m[TRACE] kernel:pid[3] sys_get_time[0m
[90m[TRACE] kernel:pid[3] sys_get_time[0m
[90m[TRACE] kernel:pid[3] sys_get_time[0m
[90m[TRACE] kernel:pid[3] sys_get_time[0m
[90m[TRACE] kernel:pid[3] sys_get_time[0m
[90m[TRACE] kernel:pid[3] sys_get_time[0m
[90m[TRACE] kernel:pid[3] sys_get_time[0m
[90m[TRACE] kernel:pid[3] sys_get_time[0m
[90m[TRACE] kernel:pid[3] sys_get_time[0m
[90m[TRACE] kernel:pid[3] sys_get_time[0m
[90m[TRACE] kernel:pid[3] sys_get_time[0m
[90m[TRACE] kernel:pid[3] sys_get_time[0m
[90m[TRACE] kernel:pid[3] sys_get_time[0m
[90m[TRACE] kernel:pid[3] sys_get_time[0m
[90m[TRACE] kernel:pid[3] sys_get_time[0m
[90m[TRACE] kernel:pid[3] sys_get_time[0m
[90m[TRACE] kernel:pid[3] sys_get_time[0m
[90m[TRACE] kernel:pid[3] sys_get_time[0m
[90m[TRACE] kernel:pid[3] sys_get_time[0m
[90m[TRACE] kernel:pid[3] sys_get_time[0m
[90m[TRACE] kernel:pid[3] sys_get_time[0m
[90m[TRACE] kernel:pid[3] sys_get_time[0m
[90m[TRACE] kernel:pid[3] sys_get_time[0m
[90m[TRACE] kernel:pid[3] sys_get_time[0m
[90m[TRACE] kernel:pid[3] sys_get_time[0m
[90m[TRACE] kernel:pid[3] sys_get_time[0m
[90m[TRACE] kernel:pid[3] sys_get_time[0m
[90m[TRACE] kernel:pid[3] sys_get_time[0m
[90m[TRACE] kernel:pid[3] sys_get_time[0m
[90m[TRACE] kernel:pid[3] sys_get_time[0m
[90m[TRACE] kernel:pid[3] sys_get_time[0m
[90m[TRACE] kernel:pid[3] sys_get_time[0m
[90m[TRACE] kernel:pid[3] sys_get_time[0m
[90m[TRACE] kernel:pid[3] sys_get_time[0m
[90m[TRACE] kernel:pid[3] sys_get_time[0m
[90m[TRACE] kernel:pid[3] sys_get_time[0m
[90m[TRACE] kernel:pid[3] sys_get_time[0m
[90m[TRACE] kernel:pid[3] sys_get_time[0m
[90m[TRACE] kernel:pid[3] sys_get_time[0m
[90m[TRACE] kernel:pid[3] sys_get_time[0m
[90m[TRACE] kernel:pid[3] sys_get_time[0m
[90m[TRACE] kernel:pid[3] sys_get_time[0m
[90m[TRACE] kernel:pid[3] sys_get_time[0m
[90m[TRACE] kernel:pid[3] sys_get_time[0m
[90m[TRACE] kernel:pid[3] sys_get_time[0m
[90m[TRACE] kernel:pid[3] sys_get_time[0m
[90m[TRACE] kernel:pid[3] sys_get_time[0m
[90m[TRACE] kernel:pid[3] sys_get_time[0m
[90m[TRACE] kernel:pid[3] sys_get_time[0m
[90m[TRACE] kernel:pid[3] sys_get_time[0m
[90m[TRACE] kernel:pid[3] sys_get_time[0m
[90m[TRACE] kernel:pid[3] sys_get_time[0m
[90m[TRACE] kernel:pid[3] sys_get_time[0m
[90m[TRACE] kernel:pid[3] sys_get_time[0m
[90m[TRACE] kernel:pid[3] sys_get_time[0m
[90m[TRACE] kernel:pid[3] sys_get_time[0m
[90m[TRACE] kernel:pid[3] sys_get_time[0m
[90m[TRACE] kernel:pid[3] sys_get_time[0m
[90m[TRACE] kernel:pid[3] sys_get_time[0m
[90m[TRACE] kernel:pid[3] sys_get_time[0m
[90m[TRACE] kernel:pid[3] sys_get_time[0m
[90m[TRACE] kernel:pid[3] sys_get_time[0m
[90m[TRACE] kernel:pid[3] sys_get_time[0m
[90m[TRACE] kernel:pid[3] sys_get_time[0m
[90m[TRACE] kernel:pid[3] sys_get_time[0m
[90m[TRACE] kernel:pid[3] sys_get_time[0m
[90m[TRACE] kernel:pid[3] sys_get_time[0m
[90m[TRACE] kernel:pid[3] sys_get_time[0m
[90m[TRACE] kernel:pid[3] sys_get_time[0m
[90m[TRACE] kernel:pid[3] sys_get_time[0m
[90m[TRACE] kernel:pid[3] sys_get_time[0m
[90m[TRACE] kernel:pid[3] sys_get_time[0m
[90m[TRACE] kernel:pid[3] sys_get_time[0m
[90m[TRACE] kernel:pid[3] sys_get_time[0m
[90m[TRACE] kernel:pid[3] sys_get_time[0m
[90m[TRACE] kernel:pid[3] sys_get_time[0m
[90m[TRACE] kernel:pid[3] sys_get_time[0m
[90m[TRACE] kernel:pid[3] sys_get_time[0m
[90m[TRACE] kernel:pid[3] sys_get_time[0m
[90m[TRACE] kernel:pid[3] sys_get_time[0m
[90m[TRACE] kernel:pid[3] sys_get_time[0m
[90m[TRACE] kernel:pid[3] sys_get_time[0m
[90m[TRACE] kernel:pid[3] sys_get_time[0m
[90m[TRACE] kernel:pid[3] sys_get_time[0m
[90m[TRACE] kernel:pid[3] sys_get_time[0m
[90m[TRACE] kernel:pid[3] sys_get_time[0m
[90m[TRACE] kernel:pid[3] sys_get_time[0m
[90m[TRACE] kernel:pid[3] sys_get_time[0m
[90m[TRACE] kernel:pid[3] sys_get_time[0m
[90m[TRACE] kernel:pid[3] sys_get_time[0m
[90m[TRACE] kernel:pid[3] sys_get_time[0m
[90m[TRACE] kernel:pid[3] sys_get_time[0m
[90m[TRACE] kernel:pid[3] sys_get_time[0m
[90m[TRACE] kernel:pid[3] sys_get_time[0m
[90m[TRACE] kernel:pid[3] sys_get_time[0m
[90m[TRACE] kernel:pid[3] sys_get_time[0m
[90m[TRACE] kernel:pid[3] sys_get_time[0m
[90m[TRACE] kernel:pid[3] sys_get_time[0m
[90m[TRACE] kernel:pid[3] sys_get_time[0m
[90m[TRACE] kernel:pid[3] sys_get_time[0m
[90m[TRACE] kernel:pid[3] sys_get_time[0m
[90m[TRACE] kernel:pid[3] sys_get_time[0m
[90m[TRACE] kernel:pid[3] sys_get_time[0m
[90m[TRACE] kernel:pid[3] sys_get_time[0m
[90m[TRACE] kernel:pid[3] sys_get_time[0m
[90m[TRACE] kernel:pid[3] sys_get_time[0m
[90m[TRACE] kernel:pid[3] sys_get_time[0m
[90m[TRACE] kernel:pid[3] sys_get_time[0m
[90m[TRACE] kernel:pid[3] sys_get_time[0m
[90m[TRACE] kernel:pid[3] sys_get_time[0m
[90m[TRACE] kernel:pid[3] sys_get_time[0m
[90m[TRACE] kernel:pid[3] sys_get_time[0m
[90m[TRACE] kernel:pid[3] sys_get_time[0m
[90m[TRACE] kernel:pid[3] sys_get_time[0m
[90m[TRACE] kernel:pid[3] sys_get_time[0m
[90m[TRACE] kernel:pid[3] sys_get_time[0m
[90m[TRACE] kernel:pid[3] sys_get_time[0m
[90m[TRACE] kernel:pid[3] sys_get_time[0m
[90m[TRACE] kernel:pid[3] sys_get_time[0m
[90m[TRACE] kernel:pid[3] sys_get_time[0m
[90m[TRACE] kernel:pid[3] sys_get_time[0m
[90m[TRACE] kernel:pid[3] sys_get_time[0m
[90m[TRACE] kernel:pid[3] sys_get_time[0m
[90m[TRACE] kernel:pid[3] sys_get_time[0m
[90m[TRACE] kernel:pid[3] sys_get_time[0m
[90m[TRACE] kernel:pid[3] sys_get_time[0m
[90m[TRACE] kernel:pid[3] sys_get_time[0m
[90m[TRACE] kernel:pid[3] sys_get_time[0m
[90m[TRACE] kernel:pid[3] sys_get_time[0m
[90m[TRACE] kernel:pid[3] sys_get_time[0m
[90m[TRACE] kernel:pid[3] sys_get_time[0m
[90m[TRACE] kernel:pid[3] sys_get_time[0m
[90m[TRACE] kernel:pid[3] sys_get_time[0m
[90m[TRACE] kernel:pid[3] sys_get_time[0m
[90m[TRACE] kernel:pid[3] sys_get_time[0m
[90m[TRACE] kernel:pid[3] sys_get_time[0m
[90m[TRACE] kernel:pid[3] sys_get_time[0m
[90m[TRACE] kernel:pid[3] sys_get_time[0m
[90m[TRACE] kernel:pid[3] sys_get_time[0m
[90m[TRACE] kernel:pid[3] sys_get_time[0m
[90m[TRACE] kernel:pid[3] sys_get_time[0m
[90m[TRACE] kernel:pid[3] sys_get_time[0m
[90m[TRACE] kernel:pid[3] sys_get_time[0m
[90m[TRACE] kernel:pid[3] sys_get_time[0m
[90m[TRACE] kernel:pid[3] sys_get_time[0m
[90m[TRACE] kernel:pid[3] sys_get_time[0m
[90m[TRACE] kernel:pid[3] sys_get_time[0m
[90m[TRACE] kernel:pid[3] sys_get_time[0m
[90m[TRACE] kernel:pid[3] sys_get_time[0m
[90m[TRACE] kernel:pid[3] sys_get_time[0m
[90m[TRACE] kernel:pid[3] sys_get_time[0m
[90m[TRACE] kernel:pid[3] sys_get_time[0m
[90m[TRACE] kernel:pid[3] sys_get_time[0m
[90m[TRACE] kernel:pid[3] sys_get_time[0m
[90m[TRACE] kernel:pid[3] sys_get_time[0m
[90m[TRACE] kernel:pid[3] sys_get_time[0m
[90m[TRACE] kernel:pid[3] sys_get_time[0m
[90m[TRACE] kernel:pid[3] sys_get_time[0m
[90m[TRACE] kernel:pid[3] sys_get_time[0m
[90m[TRACE] kernel:pid[3] sys_get_time[0m
[90m[TRACE] kernel:pid[3] sys_get_time[0m
[90m[TRACE] kernel:pid[3] sys_get_time[0m
[90m[TRACE] kernel:pid[3] sys_get_time[0m
[90m[TRACE] kernel:pid[3] sys_get_time[0m
[90m[TRACE] kernel:pid[3] sys_get_time[0m
[90m[TRACE] kernel:pid[3] sys_get_time[0m
[90m[TRACE] kernel:pid[3] sys_get_time[0m
[90m[TRACE] kernel:pid[3] sys_get_time[0m
[90m[TRACE] kernel:pid[3] sys_get_time[0m
[90m[TRACE] kernel:pid[3] sys_get_time[0m
[90m[TRACE] kernel:pid[3] sys_get_time[0m
[90m[TRACE] kernel:pid[3] sys_get_time[0m
[90m[TRACE] kernel:pid[3] sys_get_time[0m
[90m[TRACE] kernel:pid[3] sys_get_time[0m
[90m[TRACE] kernel:pid[3] sys_get_time[0m
[90m[TRACE] kernel:pid[3] sys_get_time[0m
[90m[TRACE] kernel:pid[3] sys_get_time[0m
[90m[TRACE] kernel:pid[3] sys_get_time[0m
[90m[TRACE] kernel:pid[3] sys_get_time[0m
[90m[TRACE] kernel:pid[3] sys_get_time[0m
[90m[TRACE] kernel:pid[3] sys_get_time[0m
[90m[TRACE] kernel:pid[3] sys_get_time[0m
[90m[TRACE] kernel:pid[3] sys_get_time[0m
[90m[TRACE] kernel:pid[3] sys_get_time[0m
[90m[TRACE] kernel:pid[3] sys_get_time[0m
[90m[TRACE] kernel:pid[3] sys_get_time[0m
[90m[TRACE] kernel:pid[3] sys_get_time[0m
[90m[TRACE] kernel:pid[3] sys_get_time[0m
[90m[TRACE] kernel:pid[3] sys_get_time[0m
[90m[TRACE] kernel:pid[3] sys_get_time[0m
[90m[TRACE] kernel:pid[3] sys_get_time[0m
[90m[TRACE] kernel:pid[3] sys_get_time[0m
[90m[TRACE] kernel:pid[3] sys_get_time[0m
[90m[TRACE] kernel:pid[3] sys_get_time[0m
[90m[TRACE] kernel:pid[3] sys_get_time[0m
[90m[TRACE] kernel:pid[3] sys_get_time[0m
[90m[TRACE] kernel:pid[3] sys_get_time[0m
[90m[TRACE] kernel:pid[3] sys_get_time[0m
[90m[TRACE] kernel:pid[3] sys_get_time[0m
[90m[TRACE] kernel:pid[3] sys_get_time[0m
[90m[TRACE] kernel:pid[3] sys_get_time[0m
[90m[TRACE] kernel:pid[3] sys_get_time[0m
[90m[TRACE] kernel:pid[3] sys_get_time[0m
[90m[TRACE] kernel:pid[3] sys_get_time[0m
[90m[TRACE] kernel:pid[3] sys_get_time[0m
[90m[TRACE] kernel:pid[3] sys_get_time[0m
[90m[TRACE] kernel:pid[3] sys_get_time[0m
[90m[TRACE] kernel:pid[3] sys_get_time[0m
[90m[TRACE] kernel:pid[3] sys_get_time[0m
[90m[TRACE] kernel:pid[3] sys_get_time[0m
[90m[TRACE] kernel:pid[3] sys_get_time[0m
[90m[TRACE] kernel:pid[3] sys_get_time[0m
[90m[TRACE] kernel:pid[3] sys_get_time[0m
[90m[TRACE] kernel:pid[3] sys_get_time[0m
[90m[TRACE] kernel:pid[3] sys_get_time[0m
[90m[TRACE] kernel:pid[3] sys_get_time[0m
[90m[TRACE] kernel:pid[3] sys_get_time[0m
[90m[TRACE] kernel:pid[3] sys_get_time[0m
[90m[TRACE] kernel:pid[3] sys_get_time[0m
[90m[TRACE] kernel:pid[3] sys_get_time[0m
[90m[TRACE] kernel:pid[3] sys_get_time[0m
[90m[TRACE] kernel:pid[3] sys_get_time[0m
[90m[TRACE] kernel:pid[3] sys_get_time[0m
[90m[TRACE] kernel:pid[3] sys_get_time[0m
[90m[TRACE] kernel:pid[3] sys_get_time[0m
[90m[TRACE] kernel:pid[3] sys_get_time[0m
[90m[TRACE] kernel:pid[3] sys_get_time[0m
[90m[TRACE] kernel:pid[3] sys_get_time[0m
[90m[TRACE] kernel:pid[3] sys_get_time[0m
[90m[TRACE] kernel:pid[3] sys_get_time[0m
[90m[TRACE] kernel:pid[3] sys_get_time[0m
[90m[TRACE] kernel:pid[3] sys_get_time[0m
[90m[TRACE] kernel:pid[3] sys_get_time[0m
[90m[TRACE] kernel:pid[3] sys_get_time[0m
[90m[TRACE] kernel:pid[3] sys_get_time[0m
[90m[TRACE] kernel:pid[3] sys_get_time[0m
[90m[TRACE] kernel:pid[3] sys_get_time[0m
[90m[TRACE] kernel:pid[3] sys_get_time[0m
[90m[TRACE] kernel:pid[3] sys_get_time[0m
[90m[TRACE] kernel:pid[3] sys_get_time[0m
[90m[TRACE] kernel:pid[3] sys_get_time[0m
[90m[TRACE] kernel:pid[3] sys_get_time[0m
[90m[TRACE] kernel:pid[3] sys_get_time[0m
[90m[TRACE] kernel:pid[3] sys_get_time[0m
[90m[TRACE] kernel:pid[3] sys_get_time[0m
[90m[TRACE] kernel:pid[3] sys_get_time[0m
[90m[TRACE] kernel:pid[3] sys_get_time[0m
[90m[TRACE] kernel:pid[3] sys_get_time[0m
[90m[TRACE] kernel:pid[3] sys_get_time[0m
[90m[TRACE] kernel:pid[3] sys_get_time[0m
[90m[TRACE] kernel:pid[3] sys_get_time[0m
[90m[TRACE] kernel:pid[3] sys_get_time[0m
[90m[TRACE] kernel:pid[3] sys_get_time[0m
[90m[TRACE] kernel:pid[3] sys_get_time[0m
[90m[TRACE] kernel:pid[3] sys_get_time[0m
[90m[TRACE] kernel:pid[3] sys_get_time[0m
[90m[TRACE] kernel:pid[3] sys_get_time[0m
[90m[TRACE] kernel:pid[3] sys_get_time[0m
[90m[TRACE] kernel:pid[3] sys_get_time[0m
[90m[TRACE] kernel:pid[3] sys_get_time[0m
[90m[TRACE] kernel:pid[3] sys_get_time[0m
[90m[TRACE] kernel:pid[3] sys_get_time[0m
[90m[TRACE] kernel:pid[3] sys_get_time[0m
[90m[TRACE] kernel:pid[3] sys_get_time[0m
[90m[TRACE] kernel:pid[3] sys_get_time[0m
[90m[TRACE] kernel:pid[3] sys_get_time[0m
[90m[TRACE] kernel:pid[3] sys_get_time[0m
[90m[TRACE] kernel:pid[3] sys_get_time[0m
[90m[TRACE] kernel:pid[3] sys_get_time[0m
[90m[TRACE] kernel:pid[3] sys_get_time[0m
[90m[TRACE] kernel:pid[3] sys_get_time[0m
[90m[TRACE] kernel:pid[3] sys_get_time[0m
[90m[TRACE] kernel:pid[3] sys_get_time[0m
[90m[TRACE] kernel:pid[3] sys_get_time[0m
[90m[TRACE] kernel:pid[3] sys_get_time[0m
[90m[TRACE] kernel:pid[3] sys_get_time[0m
[90m[TRACE] kernel:pid[3] sys_get_time[0m
[90m[TRACE] kernel:pid[3] sys_get_time[0m
[90m[TRACE] kernel:pid[3] sys_get_time[0m
[90m[TRACE] kernel:pid[3] sys_get_time[0m
[90m[TRACE] kernel:pid[3] sys_get_time[0m
[90m[TRACE] kernel:pid[3] sys_get_time[0m
[90m[TRACE] kernel:pid[3] sys_get_time[0m
[90m[TRACE] kernel:pid[3] sys_get_time[0m
[90m[TRACE] kernel:pid[3] sys_get_time[0m
[90m[TRACE] kernel:pid[3] sys_get_time[0m
[90m[TRACE] kernel:pid[3] sys_get_time[0m
[90m[TRACE] kernel:pid[3] sys_get_time[0m
[90m[TRACE] kernel:pid[3] sys_get_time[0m
[90m[TRACE] kernel:pid[3] sys_get_time[0m
[90m[TRACE] kernel:pid[3] sys_get_time[0m
[90m[TRACE] kernel:pid[3] sys_get_time[0m
[90m[TRACE] kernel:pid[3] sys_get_time[0m
[90m[TRACE] kernel:pid[3] sys_get_time[0m
[90m[TRACE] kernel:pid[3] sys_get_time[0m
[90m[TRACE] kernel:pid[3] sys_get_time[0m
[90m[TRACE] kernel:pid[3] sys_get_time[0m
[90m[TRACE] kernel:pid[3] sys_get_time[0m
[90m[TRACE] kernel:pid[3] sys_get_time[0m
[90m[TRACE] kernel:pid[3] sys_get_time[0m
[90m[TRACE] kernel:pid[3] sys_get_time[0m
[90m[TRACE] kernel:pid[3] sys_get_time[0m
[90m[TRACE] kernel:pid[3] sys_get_time[0m
[90m[TRACE] kernel:pid[3] sys_get_time[0m
[90m[TRACE] kernel:pid[3] sys_get_time[0m
[90m[TRACE] kernel:pid[3] sys_get_time[0m
[90m[TRACE] kernel:pid[3] sys_get_time[0m
[90m[TRACE] kernel:pid[3] sys_get_time[0m
[90m[TRACE] kernel:pid[3] sys_get_time[0m
[90m[TRACE] kernel:pid[3] sys_get_time[0m
[90m[TRACE] kernel:pid[3] sys_get_time[0m
[90m[TRACE] kernel:pid[3] sys_get_time[0m
[90m[TRACE] kernel:pid[3] sys_get_time[0m
[90m[TRACE] kernel:pid[3] sys_get_time[0m
[90m[TRACE] kernel:pid[3] sys_get_time[0m
[90m[TRACE] kernel:pid[3] sys_get_time[0m
[90m[TRACE] kernel:pid[3] sys_get_time[0m
[90m[TRACE] kernel:pid[3] sys_get_time[0m
[90m[TRACE] kernel:pid[3] sys_get_time[0m
[90m[TRACE] kernel:pid[3] sys_get_time[0m
[90m[TRACE] kernel:pid[3] sys_get_time[0m
[90m[TRACE] kernel:pid[3] sys_get_time[0m
[90m[TRACE] kernel:pid[3] sys_get_time[0m
[90m[TRACE] kernel:pid[3] sys_get_time[0m
[90m[TRACE] kernel:pid[3] sys_get_time[0m
[90m[TRACE] kernel:pid[3] sys_get_time[0m
[90m[TRACE] kernel:pid[3] sys_get_time[0m
[90m[TRACE] kernel:pid[3] sys_get_time[0m
[90m[TRACE] kernel:pid[3] sys_get_time[0m
[90m[TRACE] kernel:pid[3] sys_get_time[0m
[90m[TRACE] kernel:pid[3] sys_get_time[0m
[90m[TRACE] kernel:pid[3] sys_get_time[0m
[90m[TRACE] kernel:pid[3] sys_get_time[0m
[90m[TRACE] kernel:pid[3] sys_get_time[0m
[90m[TRACE] kernel:pid[3] sys_get_time[0m
[90m[TRACE] kernel:pid[3] sys_get_time[0m
[90m[TRACE] kernel:pid[3] sys_get_time[0m
[90m[TRACE] kernel:pid[3] sys_get_time[0m
[90m[TRACE] kernel:pid[3] sys_get_time[0m
[90m[TRACE] kernel:pid[3] sys_get_time[0m
[90m[TRACE] kernel:pid[3] sys_get_time[0m
[90m[TRACE] kernel:pid[3] sys_get_time[0m
[90m[TRACE] kernel:pid[3] sys_get_time[0m
[90m[TRACE] kernel:pid[3] sys_get_time[0m
[90m[TRACE] kernel:pid[3] sys_get_time[0m
[90m[TRACE] kernel:pid[3] sys_get_time[0m
[90m[TRACE] kernel:pid[3] sys_get_time[0m
[90m[TRACE] kernel:pid[3] sys_get_time[0m
[90m[TRACE] kernel:pid[3] sys_get_time[0m
[90m[TRACE] kernel:pid[3] sys_get_time[0m
[90m[TRACE] kernel:pid[3] sys_get_time[0m
[90m[TRACE] kernel:pid[3] sys_get_time[0m
[90m[TRACE] kernel:pid[3] sys_get_time[0m
[90m[TRACE] kernel:pid[3] sys_get_time[0m
[90m[TRACE] kernel:pid[3] sys_get_time[0m
[90m[TRACE] kernel:pid[3] sys_get_time[0m
[90m[TRACE] kernel:pid[3] sys_get_time[0m
[90m[TRACE] kernel:pid[3] sys_get_time[0m
[90m[TRACE] kernel:pid[3] sys_get_time[0m
[90m[TRACE] kernel:pid[3] sys_get_time[0m
[90m[TRACE] kernel:pid[3] sys_get_time[0m
[90m[TRACE] kernel:pid[3] sys_get_time[0m
[90m[TRACE] kernel:pid[3] sys_get_time[0m
[90m[TRACE] kernel:pid[3] sys_get_time[0m
[90m[TRACE] kernel:pid[3] sys_get_time[0m
[90m[TRACE] kernel:pid[3] sys_get_time[0m
[90m[TRACE] kernel:pid[3] sys_get_time[0m
[90m[TRACE] kernel:pid[3] sys_get_time[0m
[90m[TRACE] kernel:pid[3] sys_get_time[0m
[90m[TRACE] kernel:pid[3] sys_get_time[0m
[90m[TRACE] kernel:pid[3] sys_get_time[0m
[90m[TRACE] kernel:pid[3] sys_get_time[0m
[90m[TRACE] kernel:pid[3] sys_get_time[0m
[90m[TRACE] kernel:pid[3] sys_get_time[0m
[90m[TRACE] kernel:pid[3] sys_get_time[0m
[90m[TRACE] kernel:pid[3] sys_get_time[0m
[90m[TRACE] kernel:pid[3] sys_get_time[0m
[90m[TRACE] kernel:pid[3] sys_get_time[0m
[90m[TRACE] kernel:pid[3] sys_get_time[0m
[90m[TRACE] kernel:pid[3] sys_get_time[0m
[90m[TRACE] kernel:pid[3] sys_get_time[0m
[90m[TRACE] kernel:pid[3] sys_get_time[0m
[90m[TRACE] kernel:pid[3] sys_get_time[0m
[90m[TRACE] kernel:pid[3] sys_get_time[0m
[90m[TRACE] kernel:pid[3] sys_get_time[0m
[90m[TRACE] kernel:pid[3] sys_get_time[0m
[90m[TRACE] kernel:pid[3] sys_get_time[0m
[90m[TRACE] kernel:pid[3] sys_get_time[0m
[90m[TRACE] kernel:pid[3] sys_get_time[0m
[90m[TRACE] kernel:pid[3] sys_get_time[0m
[90m[TRACE] kernel:pid[3] sys_get_time[0m
[90m[TRACE] kernel:pid[3] sys_get_time[0m
[90m[TRACE] kernel:pid[3] sys_get_time[0m
[90m[TRACE] kernel:pid[3] sys_get_time[0m
[90m[TRACE] kernel:pid[3] sys_get_time[0m
[90m[TRACE] kernel:pid[3] sys_get_time[0m
[90m[TRACE] kernel:pid[3] sys_get_time[0m
[90m[TRACE] kernel:pid[3] sys_get_time[0m
[90m[TRACE] kernel:pid[3] sys_get_time[0m
[90m[TRACE] kernel:pid[3] sys_get_time[0m
[90m[TRACE] kernel:pid[3] sys_get_time[0m
[90m[TRACE] kernel:pid[3] sys_get_time[0m
[90m[TRACE] kernel:pid[3] sys_get_time[0m
[90m[TRACE] kernel:pid[3] sys_get_time[0m
[90m[TRACE] kernel:pid[3] sys_get_time[0m
[90m[TRACE] kernel:pid[3] sys_get_time[0m
[90m[TRACE] kernel:pid[3] sys_get_time[0m
[90m[TRACE] kernel:pid[3] sys_get_time[0m
[90m[TRACE] kernel:pid[3] sys_get_time[0m
[90m[TRACE] kernel:pid[3] sys_get_time[0m
[90m[TRACE] kernel:pid[3] sys_get_time[0m
[90m[TRACE] kernel:pid[3] sys_get_time[0m
[90m[TRACE] kernel:pid[3] sys_get_time[0m
[90m[TRACE] kernel:pid[3] sys_get_time[0m
[90m[TRACE] kernel:pid[3] sys_get_time[0m
[90m[TRACE] kernel:pid[3] sys_get_time[0m
[90m[TRACE] kernel:pid[3] sys_get_time[0m
[90m[TRACE] kernel:pid[3] sys_get_time[0m
[90m[TRACE] kernel:pid[3] sys_get_time[0m
[90m[TRACE] kernel:pid[3] sys_get_time[0m
[90m[TRACE] kernel:pid[3] sys_get_time[0m
[90m[TRACE] kernel:pid[3] sys_get_time[0m
[90m[TRACE] kernel:pid[3] sys_get_time[0m
[90m[TRACE] kernel:pid[3] sys_get_time[0m
[90m[TRACE] kernel:pid[3] sys_get_time[0m
[90m[TRACE] kernel:pid[3] sys_get_time[0m
[90m[TRACE] kernel:pid[3] sys_get_time[0m
[90m[TRACE] kernel:pid[3] sys_get_time[0m
[90m[TRACE] kernel:pid[3] sys_get_time[0m
[90m[TRACE] kernel:pid[3] sys_get_time[0m
[90m[TRACE] kernel:pid[3] sys_get_time[0m
[90m[TRACE] kernel:pid[3] sys_get_time[0m
[90m[TRACE] kernel:pid[3] sys_get_time[0m
[90m[TRACE] kernel:pid[3] sys_get_time[0m
[90m[TRACE] kernel:pid[3] sys_get_time[0m
[90m[TRACE] kernel:pid[3] sys_get_time[0m
[90m[TRACE] kernel:pid[3] sys_get_time[0m
[90m[TRACE] kernel:pid[3] sys_get_time[0m
[90m[TRACE] kernel:pid[3] sys_get_time[0m
[90m[TRACE] kernel:pid[3] sys_get_time[0m
[90m[TRACE] kernel:pid[3] sys_get_time[0m
[90m[TRACE] kernel:pid[3] sys_get_time[0m
[90m[TRACE] kernel:pid[3] sys_get_time[0m
[90m[TRACE] kernel:pid[3] sys_get_time[0m
[90m[TRACE] kernel:pid[3] sys_get_time[0m
[90m[TRACE] kernel:pid[3] sys_get_time[0m
[90m[TRACE] kernel:pid[3] sys_get_time[0m
[90m[TRACE] kernel:pid[3] sys_get_time[0m
[90m[TRACE] kernel:pid[3] sys_get_time[0m
[90m[TRACE] kernel:pid[3] sys_get_time[0m
[90m[TRACE] kernel:pid[3] sys_get_time[0m
[90m[TRACE] kernel:pid[3] sys_get_time[0m
[90m[TRACE] kernel:pid[3] sys_get_time[0m
[90m[TRACE] kernel:pid[3] sys_get_time[0m
[90m[TRACE] kernel:pid[3] sys_get_time[0m
[90m[TRACE] kernel:pid[3] sys_get_time[0m
[90m[TRACE] kernel:pid[3] sys_get_time[0m
[90m[TRACE] kernel:pid[3] sys_get_time[0m
[90m[TRACE] kernel:pid[3] sys_get_time[0m
[90m[TRACE] kernel:pid[3] sys_get_time[0m
[90m[TRACE] kernel:pid[3] sys_get_time[0m
[90m[TRACE] kernel:pid[3] sys_get_time[0m
[90m[TRACE] kernel:pid[3] sys_get_time[0m
[90m[TRACE] kernel:pid[3] sys_get_time[0m
[90m[TRACE] kernel:pid[3] sys_get_time[0m
[90m[TRACE] kernel:pid[3] sys_get_time[0m
[90m[TRACE] kernel:pid[3] sys_get_time[0m
[90m[TRACE] kernel:pid[3] sys_get_time[0m
[90m[TRACE] kernel:pid[3] sys_get_time[0m
[90m[TRACE] kernel:pid[3] sys_get_time[0m
[90m[TRACE] kernel:pid[3] sys_get_time[0m
[90m[TRACE] kernel:pid[3] sys_get_time[0m
[90m[TRACE] kernel:pid[3] sys_get_time[0m
[90m[TRACE] kernel:pid[3] sys_get_time[0m
[90m[TRACE] kernel:pid[3] sys_get_time[0m
[90m[TRACE] kernel:pid[3] sys_get_time[0m
[90m[TRACE] kernel:pid[3] sys_get_time[0m
[90m[TRACE] kernel:pid[3] sys_get_time[0m
[90m[TRACE] kernel:pid[3] sys_get_time[0m
[90m[TRACE] kernel:pid[3] sys_get_time[0m
[90m[TRACE] kernel:pid[3] sys_get_time[0m
[90m[TRACE] kernel:pid[3] sys_get_time[0m
[90m[TRACE] kernel:pid[3] sys_get_time[0m
[90m[TRACE] kernel:pid[3] sys_get_time[0m
[90m[TRACE] kernel:pid[3] sys_get_time[0m
[90m[TRACE] kernel:pid[3] sys_get_time[0m
[90m[TRACE] kernel:pid[3] sys_get_time[0m
[90m[TRACE] kernel:pid[3] sys_get_time[0m
[90m[TRACE] kernel:pid[3] sys_get_time[0m
[90m[TRACE] kernel:pid[3] sys_get_time[0m
[90m[TRACE] kernel:pid[3] sys_get_time[0m
[90m[TRACE] kernel:pid[3] sys_get_time[0m
[90m[TRACE] kernel:pid[3] sys_get_time[0m
[90m[TRACE] kernel:pid[3] sys_get_time[0m
[90m[TRACE] kernel:pid[3] sys_get_time[0m
[90m[TRACE] kernel:pid[3] sys_get_time[0m
[90m[TRACE] kernel:pid[3] sys_get_time[0m
[90m[TRACE] kernel:pid[3] sys_get_time[0m
[90m[TRACE] kernel:pid[3] sys_get_time[0m
[90m[TRACE] kernel:pid[3] sys_get_time[0m
[90m[TRACE] kernel:pid[3] sys_get_time[0m
[90m[TRACE] kernel:pid[3] sys_get_time[0m
[90m[TRACE] kernel:pid[3] sys_get_time[0m
[90m[TRACE] kernel:pid[3] sys_get_time[0m
[90m[TRACE] kernel:pid[3] sys_get_time[0m
[90m[TRACE] kernel:pid[3] sys_get_time[0m
[90m[TRACE] kernel:pid[3] sys_get_time[0m
[90m[TRACE] kernel:pid[3] sys_get_time[0m
[90m[TRACE] kernel:pid[3] sys_get_time[0m
[90m[TRACE] kernel:pid[3] sys_get_time[0m
[90m[TRACE] kernel:pid[3] sys_get_time[0m
[90m[TRACE] kernel:pid[3] sys_get_time[0m
[90m[TRACE] kernel:pid[3] sys_get_time[0m
[90m[TRACE] kernel:pid[3] sys_get_time[0m
[90m[TRACE] kernel:pid[3] sys_get_time[0m
[90m[TRACE] kernel:pid[3] sys_get_time[0m
[90m[TRACE] kernel:pid[3] sys_get_time[0m
[90m[TRACE] kernel:pid[3] sys_get_time[0m
[90m[TRACE] kernel:pid[3] sys_get_time[0m
[90m[TRACE] kernel:pid[3] sys_get_time[0m
[90m[TRACE] kernel:pid[3] sys_get_time[0m
[90m[TRACE] kernel:pid[3] sys_get_time[0m
[90m[TRACE] kernel:pid[3] sys_get_time[0m
[90m[TRACE] kernel:pid[3] sys_get_time[0m
[90m[TRACE] kernel:pid[3] sys_get_time[0m
[90m[TRACE] kernel:pid[3] sys_get_time[0m
[90m[TRACE] kernel:pid[3] sys_get_time[0m
[90m[TRACE] kernel:pid[3] sys_get_time[0m
[90m[TRACE] kernel:pid[3] sys_get_time[0m
[90m[TRACE] kernel:pid[3] sys_get_time[0m
[90m[TRACE] kernel:pid[3] sys_get_time[0m
[90m[TRACE] kernel:pid[3] sys_get_time[0m
[90m[TRACE] kernel:pid[3] sys_get_time[0m
[90m[TRACE] kernel:pid[3] sys_get_time[0m
[90m[TRACE] kernel:pid[3] sys_get_time[0m
[90m[TRACE] kernel:pid[3] sys_get_time[0m
[90m[TRACE] kernel:pid[3] sys_get_time[0m
[90m[TRACE] kernel:pid[3] sys_get_time[0m
[90m[TRACE] kernel:pid[3] sys_get_time[0m
[90m[TRACE] kernel:pid[3] sys_get_time[0m
[90m[TRACE] kernel:pid[3] sys_get_time[0m
[90m[TRACE] kernel:pid[3] sys_get_time[0m
[90m[TRACE] kernel:pid[3] sys_get_time[0m
[90m[TRACE] kernel:pid[3] sys_get_time[0m
[90m[TRACE] kernel:pid[3] sys_get_time[0m
[90m[TRACE] kernel:pid[3] sys_get_time[0m
[90m[TRACE] kernel:pid[3] sys_get_time[0m
[90m[TRACE] kernel:pid[3] sys_get_time[0m
[90m[TRACE] kernel:pid[3] sys_get_time[0m
[90m[TRACE] kernel:pid[3] sys_get_time[0m
[90m[TRACE] kernel:pid[3] sys_get_time[0m
[90m[TRACE] kernel:pid[3] sys_get_time[0m
[90m[TRACE] kernel:pid[3] sys_get_time[0m
[90m[TRACE] kernel:pid[3] sys_get_time[0m
[90m[TRACE] kernel:pid[3] sys_get_time[0m
[90m[TRACE] kernel:pid[3] sys_get_time[0m
[90m[TRACE] kernel:pid[3] sys_get_time[0m
[90m[TRACE] kernel:pid[3] sys_get_time[0m
[90m[TRACE] kernel:pid[3] sys_get_time[0m
[90m[TRACE] kernel:pid[3] sys_get_time[0m
[90m[TRACE] kernel:pid[3] sys_get_time[0m
[90m[TRACE] kernel:pid[3] sys_get_time[0m
[90m[TRACE] kernel:pid[3] sys_get_time[0m
[90m[TRACE] kernel:pid[3] sys_get_time[0m
[90m[TRACE] kernel:pid[3] sys_get_time[0m
[90m[TRACE] kernel:pid[3] sys_get_time[0m
[90m[TRACE] kernel:pid[3] sys_get_time[0m
[90m[TRACE] kernel:pid[3] sys_get_time[0m
[90m[TRACE] kernel:pid[3] sys_get_time[0m
[90m[TRACE] kernel:pid[3] sys_get_time[0m
[90m[TRACE] kernel:pid[3] sys_get_time[0m
[90m[TRACE] kernel:pid[3] sys_get_time[0m
[90m[TRACE] kernel:pid[3] sys_get_time[0m
[90m[TRACE] kernel:pid[3] sys_get_time[0m
[90m[TRACE] kernel:pid[3] sys_get_time[0m
[90m[TRACE] kernel:pid[3] sys_get_time[0m
[90m[TRACE] kernel:pid[3] sys_get_time[0m
[90m[TRACE] kernel:pid[3] sys_get_time[0m
[90m[TRACE] kernel:pid[3] sys_get_time[0m
[90m[TRACE] kernel:pid[3] sys_get_time[0m
[90m[TRACE] kernel:pid[3] sys_get_time[0m
[90m[TRACE] kernel:pid[3] sys_get_time[0m
[90m[TRACE] kernel:pid[3] sys_get_time[0m
[90m[TRACE] kernel:pid[3] sys_get_time[0m
[90m[TRACE] kernel:pid[3] sys_get_time[0m
[90m[TRACE] kernel:pid[3] sys_get_time[0m
[90m[TRACE] kernel:pid[3] sys_get_time[0m
[90m[TRACE] kernel:pid[3] sys_get_time[0m
[90m[TRACE] kernel:pid[3] sys_get_time[0m
[90m[TRACE] kernel:pid[3] sys_get_time[0m
[90m[TRACE] kernel:pid[3] sys_get_time[0m
[90m[TRACE] kernel:pid[3] sys_get_time[0m
[90m[TRACE] kernel:pid[3] sys_get_time[0m
[90m[TRACE] kernel:pid[3] sys_get_time[0m
[90m[TRACE] kernel:pid[3] sys_get_time[0m
[90m[TRACE] kernel:pid[3] sys_get_time[0m
[90m[TRACE] kernel:pid[3] sys_get_time[0m
[90m[TRACE] kernel:pid[3] sys_get_time[0m
[90m[TRACE] kernel:pid[3] sys_get_time[0m
[90m[TRACE] kernel:pid[3] sys_get_time[0m
[90m[TRACE] kernel:pid[3] sys_get_time[0m
[90m[TRACE] kernel:pid[3] sys_get_time[0m
[90m[TRACE] kernel:pid[3] sys_get_time[0m
[90m[TRACE] kernel:pid[3] sys_get_time[0m
[90m[TRACE] kernel:pid[3] sys_get_time[0m
[90m[TRACE] kernel:pid[3] sys_get_time[0m
[90m[TRACE] kernel:pid[3] sys_get_time[0m
[90m[TRACE] kernel:pid[3] sys_get_time[0m
[90m[TRACE] kernel:pid[3] sys_get_time[0m
[90m[TRACE] kernel:pid[3] sys_get_time[0m
[90m[TRACE] kernel:pid[3] sys_get_time[0m
[90m[TRACE] kernel:pid[3] sys_get_time[0m
[90m[TRACE] kernel:pid[3] sys_get_time[0m
[90m[TRACE] kernel:pid[3] sys_get_time[0m
[90m[TRACE] kernel:pid[3] sys_get_time[0m
[90m[TRACE] kernel:pid[3] sys_get_time[0m
[90m[TRACE] kernel:pid[3] sys_get_time[0m
[90m[TRACE] kernel:pid[3] sys_get_time[0m
[90m[TRACE] kernel:pid[3] sys_get_time[0m
[90m[TRACE] kernel:pid[3] sys_get_time[0m
[90m[TRACE] kernel:pid[3] sys_get_time[0m
[90m[TRACE] kernel:pid[3] sys_get_time[0m
[90m[TRACE] kernel:pid[3] sys_get_time[0m
[90m[TRACE] kernel:pid[3] sys_get_time[0m
[90m[TRACE] kernel:pid[3] sys_get_time[0m
[90m[TRACE] kernel:pid[3] sys_get_time[0m
[90m[TRACE] kernel:pid[3] sys_get_time[0m
[90m[TRACE] kernel:pid[3] sys_get_time[0m
[90m[TRACE] kernel:pid[3] sys_get_time[0m
[90m[TRACE] kernel:pid[3] sys_get_time[0m
[90m[TRACE] kernel:pid[3] sys_get_time[0m
[90m[TRACE] kernel:pid[3] sys_get_time[0m
[90m[TRACE] kernel:pid[3] sys_get_time[0m
[90m[TRACE] kernel:pid[3] sys_get_time[0m
[90m[TRACE] kernel:pid[3] sys_get_time[0m
[90m[TRACE] kernel:pid[3] sys_get_time[0m
[90m[TRACE] kernel:pid[3] sys_get_time[0m
[90m[TRACE] kernel:pid[3] sys_get_time[0m
[90m[TRACE] kernel:pid[3] sys_get_time[0m
[90m[TRACE] kernel:pid[3] sys_get_time[0m
[90m[TRACE] kernel:pid[3] sys_get_time[0m
[90m[TRACE] kernel:pid[3] sys_get_time[0m
[90m[TRACE] kernel:pid[3] sys_get_time[0m
[90m[TRACE] kernel:pid[3] sys_get_time[0m
[90m[TRACE] kernel:pid[3] sys_get_time[0m
[90m[TRACE] kernel:pid[3] sys_get_time[0m
[90m[TRACE] kernel:pid[3] sys_get_time[0m
[90m[TRACE] kernel:pid[3] sys_get_time[0m
[90m[TRACE] kernel:pid[3] sys_get_time[0m
[90m[TRACE] kernel:pid[3] sys_get_time[0m
[90m[TRACE] kernel:pid[3] sys_get_time[0m
[90m[TRACE] kernel:pid[3] sys_get_time[0m
[90m[TRACE] kernel:pid[3] sys_get_time[0m
[90m[TRACE] kernel:pid[3] sys_get_time[0m
[90m[TRACE] kernel:pid[3] sys_get_time[0m
[90m[TRACE] kernel:pid[3] sys_get_time[0m
[90m[TRACE] kernel:pid[3] sys_get_time[0m
[90m[TRACE] kernel:pid[3] sys_get_time[0m
[90m[TRACE] kernel:pid[3] sys_get_time[0m
[90m[TRACE] kernel:pid[3] sys_get_time[0m
[90m[TRACE] kernel:pid[3] sys_get_time[0m
[90m[TRACE] kernel:pid[3] sys_get_time[0m
[90m[TRACE] kernel:pid[3] sys_get_time[0m
[90m[TRACE] kernel:pid[3] sys_get_time[0m
[90m[TRACE] kernel:pid[3] sys_get_time[0m
[90m[TRACE] kernel:pid[3] sys_get_time[0m
[90m[TRACE] kernel:pid[3] sys_get_time[0m
[90m[TRACE] kernel:pid[3] sys_get_time[0m
[90m[TRACE] kernel:pid[3] sys_get_time[0m
[90m[TRACE] kernel:pid[3] sys_get_time[0m
[90m[TRACE] kernel:pid[3] sys_get_time[0m
[90m[TRACE] kernel:pid[3] sys_get_time[0m
[90m[TRACE] kernel:pid[3] sys_get_time[0m
[90m[TRACE] kernel:pid[3] sys_get_time[0m
[90m[TRACE] kernel:pid[3] sys_get_time[0m
[90m[TRACE] kernel:pid[3] sys_get_time[0m
[90m[TRACE] kernel:pid[3] sys_get_time[0m
[90m[TRACE] kernel:pid[3] sys_get_time[0m
[90m[TRACE] kernel:pid[3] sys_get_time[0m
[90m[TRACE] kernel:pid[3] sys_get_time[0m
[90m[TRACE] kernel:pid[3] sys_get_time[0m
[90m[TRACE] kernel:pid[3] sys_get_time[0m
[90m[TRACE] kernel:pid[3] sys_get_time[0m
[90m[TRACE] kernel:pid[3] sys_get_time[0m
[90m[TRACE] kernel:pid[3] sys_get_time[0m
[90m[TRACE] kernel:pid[3] sys_get_time[0m
[90m[TRACE] kernel:pid[3] sys_get_time[0m
[90m[TRACE] kernel:pid[3] sys_get_time[0m
[90m[TRACE] kernel:pid[3] sys_get_time[0m
[90m[TRACE] kernel:pid[3] sys_get_time[0m
[90m[TRACE] kernel:pid[3] sys_get_time[0m
[90m[TRACE] kernel:pid[3] sys_get_time[0m
[90m[TRACE] kernel:pid[3] sys_get_time[0m
[90m[TRACE] kernel:pid[3] sys_get_time[0m
[90m[TRACE] kernel:pid[3] sys_get_time[0m
[90m[TRACE] kernel:pid[3] sys_get_time[0m
[90m[TRACE] kernel:pid[3] sys_get_time[0m
[90m[TRACE] kernel:pid[3] sys_get_time[0m
[90m[TRACE] kernel:pid[3] sys_get_time[0m
[90m[TRACE] kernel:pid[3] sys_get_time[0m
[90m[TRACE] kernel:pid[3] sys_get_time[0m
[90m[TRACE] kernel:pid[3] sys_get_time[0m
[90m[TRACE] kernel:pid[3] sys_get_time[0m
[90m[TRACE] kernel:pid[3] sys_get_time[0m
[90m[TRACE] kernel:pid[3] sys_get_time[0m
[90m[TRACE] kernel:pid[3] sys_get_time[0m
[90m[TRACE] kernel:pid[3] sys_get_time[0m
[90m[TRACE] kernel:pid[3] sys_get_time[0m
[90m[TRACE] kernel:pid[3] sys_get_time[0m
[90m[TRACE] kernel:pid[3] sys_get_time[0m
[90m[TRACE] kernel:pid[3] sys_get_time[0m
[90m[TRACE] kernel:pid[3] sys_get_time[0m
[90m[TRACE] kernel:pid[3] sys_get_time[0m
[90m[TRACE] kernel:pid[3] sys_get_time[0m
[90m[TRACE] kernel:pid[3] sys_get_time[0m
[90m[TRACE] kernel:pid[3] sys_get_time[0m
[90m[TRACE] kernel:pid[3] sys_get_time[0m
[90m[TRACE] kernel:pid[3] sys_get_time[0m
[90m[TRACE] kernel:pid[3] sys_get_time[0m
[90m[TRACE] kernel:pid[3] sys_get_time[0m
[90m[TRACE] kernel:pid[3] sys_get_time[0m
[90m[TRACE] kernel:pid[3] sys_get_time[0m
[90m[TRACE] kernel:pid[3] sys_get_time[0m
[90m[TRACE] kernel:pid[3] sys_get_time[0m
[90m[TRACE] kernel:pid[3] sys_get_time[0m
[90m[TRACE] kernel:pid[3] sys_get_time[0m
[90m[TRACE] kernel:pid[3] sys_get_time[0m
[90m[TRACE] kernel:pid[3] sys_get_time[0m
[90m[TRACE] kernel:pid[3] sys_get_time[0m
[90m[TRACE] kernel:pid[3] sys_get_time[0m
[90m[TRACE] kernel:pid[3] sys_get_time[0m
[90m[TRACE] kernel:pid[3] sys_get_time[0m
[90m[TRACE] kernel:pid[3] sys_get_time[0m
[90m[TRACE] kernel:pid[3] sys_get_time[0m
[90m[TRACE] kernel:pid[3] sys_get_time[0m
[90m[TRACE] kernel:pid[3] sys_get_time[0m
[90m[TRACE] kernel:pid[3] sys_get_time[0m
[90m[TRACE] kernel:pid[3] sys_get_time[0m
[90m[TRACE] kernel:pid[3] sys_get_time[0m
[90m[TRACE] kernel:pid[3] sys_get_time[0m
[90m[TRACE] kernel:pid[3] sys_get_time[0m
[90m[TRACE] kernel:pid[3] sys_get_time[0m
[90m[TRACE] kernel:pid[3] sys_get_time[0m
[90m[TRACE] kernel:pid[3] sys_get_time[0m
[90m[TRACE] kernel:pid[3] sys_get_time[0m
[90m[TRACE] kernel:pid[3] sys_get_time[0m
[90m[TRACE] kernel:pid[3] sys_get_time[0m
[90m[TRACE] kernel:pid[3] sys_get_time[0m
[90m[TRACE] kernel:pid[3] sys_get_time[0m
[90m[TRACE] kernel:pid[3] sys_get_time[0m
[90m[TRACE] kernel:pid[3] sys_get_time[0m
[90m[TRACE] kernel:pid[3] sys_get_time[0m
[90m[TRACE] kernel:pid[3] sys_get_time[0m
[90m[TRACE] kernel:pid[3] sys_get_time[0m
[90m[TRACE] kernel:pid[3] sys_get_time[0m
[90m[TRACE] kernel:pid[3] sys_get_time[0m
[90m[TRACE] kernel:pid[3] sys_get_time[0m
[90m[TRACE] kernel:pid[3] sys_get_time[0m
[90m[TRACE] kernel:pid[3] sys_get_time[0m
[90m[TRACE] kernel:pid[3] sys_get_time[0m
[90m[TRACE] kernel:pid[3] sys_get_time[0m
[90m[TRACE] kernel:pid[3] sys_get_time[0m
[90m[TRACE] kernel:pid[3] sys_get_time[0m
[90m[TRACE] kernel:pid[3] sys_get_time[0m
[90m[TRACE] kernel:pid[3] sys_get_time[0m
[90m[TRACE] kernel:pid[3] sys_get_time[0m
[90m[TRACE] kernel:pid[3] sys_get_time[0m
[90m[TRACE] kernel:pid[3] sys_get_time[0m
[90m[TRACE] kernel:pid[3] sys_get_time[0m
[90m[TRACE] kernel:pid[3] sys_get_time[0m
[90m[TRACE] kernel:pid[3] sys_get_time[0m
[90m[TRACE] kernel:pid[3] sys_get_time[0m
[90m[TRACE] kernel:pid[3] sys_get_time[0m
[90m[TRACE] kernel:pid[3] sys_get_time[0m
[90m[TRACE] kernel:pid[3] sys_get_time[0m
[90m[TRACE] kernel:pid[3] sys_get_time[0m
[90m[TRACE] kernel:pid[3] sys_get_time[0m
[90m[TRACE] kernel:pid[3] sys_get_time[0m
[90m[TRACE] kernel:pid[3] sys_get_time[0m
[90m[TRACE] kernel:pid[3] sys_get_time[0m
[90m[TRACE] kernel:pid[3] sys_get_time[0m
[90m[TRACE] kernel:pid[3] sys_get_time[0m
[90m[TRACE] kernel:pid[3] sys_get_time[0m
[90m[TRACE] kernel:pid[3] sys_get_time[0m
[90m[TRACE] kernel:pid[3] sys_get_time[0m
[90m[TRACE] kernel:pid[3] sys_get_time[0m
[90m[TRACE] kernel:pid[3] sys_get_time[0m
[90m[TRACE] kernel:pid[3] sys_get_time[0m
[90m[TRACE] kernel:pid[3] sys_get_time[0m
[90m[TRACE] kernel:pid[3] sys_get_time[0m
[90m[TRACE] kernel:pid[3] sys_get_time[0m
[90m[TRACE] kernel:pid[3] sys_get_time[0m
[90m[TRACE] kernel:pid[3] sys_get_time[0m
[90m[TRACE] kernel:pid[3] sys_get_time[0m
[90m[TRACE] kernel:pid[3] sys_get_time[0m
[90m[TRACE] kernel:pid[3] sys_get_time[0m
[90m[TRACE] kernel:pid[3] sys_get_time[0m
[90m[TRACE] kernel:pid[3] sys_get_time[0m
[90m[TRACE] kernel:pid[3] sys_get_time[0m
[90m[TRACE] kernel:pid[3] sys_get_time[0m
[90m[TRACE] kernel:pid[3] sys_get_time[0m
[90m[TRACE] kernel:pid[3] sys_get_time[0m
[90m[TRACE] kernel:pid[3] sys_get_time[0m
[90m[TRACE] kernel:pid[3] sys_get_time[0m
[90m[TRACE] kernel:pid[3] sys_get_time[0m
[90m[TRACE] kernel:pid[3] sys_get_time[0m
[90m[TRACE] kernel:pid[3] sys_get_time[0m
[90m[TRACE] kernel:pid[3] sys_get_time[0m
[90m[TRACE] kernel:pid[3] sys_get_time[0m
[90m[TRACE] kernel:pid[3] sys_get_time[0m
[90m[TRACE] kernel:pid[3] sys_get_time[0m
[90m[TRACE] kernel:pid[3] sys_get_time[0m
[90m[TRACE] kernel:pid[3] sys_get_time[0m
[90m[TRACE] kernel:pid[3] sys_get_time[0m
[90m[TRACE] kernel:pid[3] sys_get_time[0m
[90m[TRACE] kernel:pid[3] sys_get_time[0m
[90m[TRACE] kernel:pid[3] sys_get_time[0m
[90m[TRACE] kernel:pid[3] sys_get_time[0m
[90m[TRACE] kernel:pid[3] sys_get_time[0m
[90m[TRACE] kernel:pid[3] sys_get_time[0m
[90m[TRACE] kernel:pid[3] sys_get_time[0m
[90m[TRACE] kernel:pid[3] sys_get_time[0m
[90m[TRACE] kernel:pid[3] sys_get_time[0m
[90m[TRACE] kernel:pid[3] sys_get_time[0m
[90m[TRACE] kernel:pid[3] sys_get_time[0m
[90m[TRACE] kernel:pid[3] sys_get_time[0m
[90m[TRACE] kernel:pid[3] sys_get_time[0m
[90m[TRACE] kernel:pid[3] sys_get_time[0m
[90m[TRACE] kernel:pid[3] sys_get_time[0m
[90m[TRACE] kernel:pid[3] sys_get_time[0m
[90m[TRACE] kernel:pid[3] sys_get_time[0m
[90m[TRACE] kernel:pid[3] sys_get_time[0m
[90m[TRACE] kernel:pid[3] sys_get_time[0m
[90m[TRACE] kernel:pid[3] sys_get_time[0m
[90m[TRACE] kernel:pid[3] sys_get_time[0m
[90m[TRACE] kernel:pid[3] sys_get_time[0m
[90m[TRACE] kernel:pid[3] sys_get_time[0m
[90m[TRACE] kernel:pid[3] sys_get_time[0m
[90m[TRACE] kernel:pid[3] sys_get_time[0m
[90m[TRACE] kernel:pid[3] sys_get_time[0m
[90m[TRACE] kernel:pid[3] sys_get_time[0m
[90m[TRACE] kernel:pid[3] sys_get_time[0m
[90m[TRACE] kernel:pid[3] sys_get_time[0m
[90m[TRACE] kernel:pid[3] sys_get_time[0m
[90m[TRACE] kernel:pid[3] sys_get_time[0m
[90m[TRACE] kernel:pid[3] sys_get_time[0m
[90m[TRACE] kernel:pid[3] sys_get_time[0m
[90m[TRACE] kernel:pid[3] sys_get_time[0m
[90m[TRACE] kernel:pid[3] sys_get_time[0m
[90m[TRACE] kernel:pid[3] sys_get_time[0m
[90m[TRACE] kernel:pid[3] sys_get_time[0m
[90m[TRACE] kernel:pid[3] sys_get_time[0m
[90m[TRACE] kernel:pid[3] sys_get_time[0m
[90m[TRACE] kernel:pid[3] sys_get_time[0m
[90m[TRACE] kernel:pid[3] sys_get_time[0m
[90m[TRACE] kernel:pid[3] sys_get_time[0m
[90m[TRACE] kernel:pid[3] sys_get_time[0m
[90m[TRACE] kernel:pid[3] sys_get_time[0m
[90m[TRACE] kernel:pid[3] sys_get_time[0m
[90m[TRACE] kernel:pid[3] sys_get_time[0m
[90m[TRACE] kernel:pid[3] sys_get_time[0m
[90m[TRACE] kernel:pid[3] sys_get_time[0m
[90m[TRACE] kernel:pid[3] sys_get_time[0m
[90m[TRACE] kernel:pid[3] sys_get_time[0m
[90m[TRACE] kernel:pid[3] sys_get_time[0m
[90m[TRACE] kernel:pid[3] sys_get_time[0m
[90m[TRACE] kernel:pid[3] sys_get_time[0m
[90m[TRACE] kernel:pid[3] sys_get_time[0m
[90m[TRACE] kernel:pid[3] sys_get_time[0m
[90m[TRACE] kernel:pid[3] sys_get_time[0m
[90m[TRACE] kernel:pid[3] sys_get_time[0m
[90m[TRACE] kernel:pid[3] sys_get_time[0m
[90m[TRACE] kernel:pid[3] sys_get_time[0m
[90m[TRACE] kernel:pid[3] sys_get_time[0m
[90m[TRACE] kernel:pid[3] sys_get_time[0m
[90m[TRACE] kernel:pid[3] sys_get_time[0m
[90m[TRACE] kernel:pid[3] sys_get_time[0m
[90m[TRACE] kernel:pid[3] sys_get_time[0m
[90m[TRACE] kernel:pid[3] sys_get_time[0m
[90m[TRACE] kernel:pid[3] sys_get_time[0m
[90m[TRACE] kernel:pid[3] sys_get_time[0m
[90m[TRACE] kernel:pid[3] sys_get_time[0m
[90m[TRACE] kernel:pid[3] sys_get_time[0m
[90m[TRACE] kernel:pid[3] sys_get_time[0m
[90m[TRACE] kernel:pid[3] sys_get_time[0m
[90m[TRACE] kernel:pid[3] sys_get_time[0m
[90m[TRACE] kernel:pid[3] sys_get_time[0m
[90m[TRACE] kernel:pid[3] sys_get_time[0m
[90m[TRACE] kernel:pid[3] sys_get_time[0m
[90m[TRACE] kernel:pid[3] sys_get_time[0m
[90m[TRACE] kernel:pid[3] sys_get_time[0m
[90m[TRACE] kernel:pid[3] sys_get_time[0m
[90m[TRACE] kernel:pid[3] sys_get_time[0m
[90m[TRACE] kernel:pid[3] sys_get_time[0m
[90m[TRACE] kernel:pid[3] sys_get_time[0m
[90m[TRACE] kernel:pid[3] sys_get_time[0m
[90m[TRACE] kernel:pid[3] sys_get_time[0m
[90m[TRACE] kernel:pid[3] sys_get_time[0m
[90m[TRACE] kernel:pid[3] sys_get_time[0m
[90m[TRACE] kernel:pid[3] sys_get_time[0m
[90m[TRACE] kernel:pid[3] sys_get_time[0m
[90m[TRACE] kernel:pid[3] sys_get_time[0m
[90m[TRACE] kernel:pid[3] sys_get_time[0m
[90m[TRACE] kernel:pid[3] sys_get_time[0m
[90m[TRACE] kernel:pid[3] sys_get_time[0m
[90m[TRACE] kernel:pid[3] sys_get_time[0m
[90m[TRACE] kernel:pid[3] sys_get_time[0m
[90m[TRACE] kernel:pid[3] sys_get_time[0m
[90m[TRACE] kernel:pid[3] sys_get_time[0m
[90m[TRACE] kernel:pid[3] sys_get_time[0m
[90m[TRACE] kernel:pid[3] sys_get_time[0m
[90m[TRACE] kernel:pid[3] sys_get_time[0m
[90m[TRACE] kernel:pid[3] sys_get_time[0m
[90m[TRACE] kernel:pid[3] sys_get_time[0m
[90m[TRACE] kernel:pid[3] sys_get_time[0m
[90m[TRACE] kernel:pid[3] sys_get_time[0m
[90m[TRACE] kernel:pid[3] sys_get_time[0m
[90m[TRACE] kernel:pid[3] sys_get_time[0m
[90m[TRACE] kernel:pid[3] sys_get_time[0m
[90m[TRACE] kernel:pid[3] sys_get_time[0m
[90m[TRACE] kernel:pid[3] sys_get_time[0m
[90m[TRACE] kernel:pid[3] sys_get_time[0m
[90m[TRACE] kernel:pid[3] sys_get_time[0m
[90m[TRACE] kernel:pid[3] sys_get_time[0m
[90m[TRACE] kernel:pid[3] sys_get_time[0m
[90m[TRACE] kernel:pid[3] sys_get_time[0m
[90m[TRACE] kernel:pid[3] sys_get_time[0m
[90m[TRACE] kernel:pid[3] sys_get_time[0m
[90m[TRACE] kernel:pid[3] sys_get_time[0m
[90m[TRACE] kernel:pid[3] sys_get_time[0m
[90m[TRACE] kernel:pid[3] sys_get_time[0m
[90m[TRACE] kernel:pid[3] sys_get_time[0m
[90m[TRACE] kernel:pid[3] sys_get_time[0m
[90m[TRACE] kernel:pid[3] sys_get_time[0m
[90m[TRACE] kernel:pid[3] sys_get_time[0m
[90m[TRACE] kernel:pid[3] sys_get_time[0m
[90m[TRACE] kernel:pid[3] sys_get_time[0m
[90m[TRACE] kernel:pid[3] sys_get_time[0m
[90m[TRACE] kernel:pid[3] sys_get_time[0m
[90m[TRACE] kernel:pid[3] sys_get_time[0m
[90m[TRACE] kernel:pid[3] sys_get_time[0m
[90m[TRACE] kernel:pid[3] sys_get_time[0m
[90m[TRACE] kernel:pid[3] sys_get_time[0m
[90m[TRACE] kernel:pid[3] sys_get_time[0m
[90m[TRACE] kernel:pid[3] sys_get_time[0m
[90m[TRACE] kernel:pid[3] sys_get_time[0m
[90m[TRACE] kernel:pid[3] sys_get_time[0m
[90m[TRACE] kernel:pid[3] sys_get_time[0m
[90m[TRACE] kernel:pid[3] sys_get_time[0m
[90m[TRACE] kernel:pid[3] sys_get_time[0m
[90m[TRACE] kernel:pid[3] sys_get_time[0m
[90m[TRACE] kernel:pid[3] sys_get_time[0m
[90m[TRACE] kernel:pid[3] sys_get_time[0m
[90m[TRACE] kernel:pid[3] sys_get_time[0m
[90m[TRACE] kernel:pid[3] sys_get_time[0m
[90m[TRACE] kernel:pid[3] sys_get_time[0m
[90m[TRACE] kernel:pid[3] sys_get_time[0m
[90m[TRACE] kernel:pid[3] sys_get_time[0m
[90m[TRACE] kernel:pid[3] sys_get_time[0m
[90m[TRACE] kernel:pid[3] sys_get_time[0m
[90m[TRACE] kernel:pid[3] sys_get_time[0m
[90m[TRACE] kernel:pid[3] sys_get_time[0m
[90m[TRACE] kernel:pid[3] sys_get_time[0m
[90m[TRACE] kernel:pid[3] sys_get_time[0m
[90m[TRACE] kernel:pid[3] sys_get_time[0m
[90m[TRACE] kernel:pid[3] sys_get_time[0m
[90m[TRACE] kernel:pid[3] sys_get_time[0m
[90m[TRACE] kernel:pid[3] sys_get_time[0m
[90m[TRACE] kernel:pid[3] sys_get_time[0m
[90m[TRACE] kernel:pid[3] sys_get_time[0m
[90m[TRACE] kernel:pid[3] sys_get_time[0m
[90m[TRACE] kernel:pid[3] sys_get_time[0m
[90m[TRACE] kernel:pid[3] sys_get_time[0m
[90m[TRACE] kernel:pid[3] sys_get_time[0m
[90m[TRACE] kernel:pid[3] sys_get_time[0m
[90m[TRACE] kernel:pid[3] sys_get_time[0m
[90m[TRACE] kernel:pid[3] sys_get_time[0m
[90m[TRACE] kernel:pid[3] sys_get_time[0m
[90m[TRACE] kernel:pid[3] sys_get_time[0m
[90m[TRACE] kernel:pid[3] sys_get_time[0m
[90m[TRACE] kernel:pid[3] sys_get_time[0m
[90m[TRACE] kernel:pid[3] sys_get_time[0m
[90m[TRACE] kernel:pid[3] sys_get_time[0m
[90m[TRACE] kernel:pid[3] sys_get_time[0m
[90m[TRACE] kernel:pid[3] sys_get_time[0m
[90m[TRACE] kernel:pid[3] sys_get_time[0m
[90m[TRACE] kernel:pid[3] sys_get_time[0m
[90m[TRACE] kernel:pid[3] sys_get_time[0m
[90m[TRACE] kernel:pid[3] sys_get_time[0m
[90m[TRACE] kernel:pid[3] sys_get_time[0m
[90m[TRACE] kernel:pid[3] sys_get_time[0m
[90m[TRACE] kernel:pid[3] sys_get_time[0m
[90m[TRACE] kernel:pid[3] sys_get_time[0m
[90m[TRACE] kernel:pid[3] sys_get_time[0m
[90m[TRACE] kernel:pid[3] sys_get_time[0m
[90m[TRACE] kernel:pid[3] sys_get_time[0m
[90m[TRACE] kernel:pid[3] sys_get_time[0m
[90m[TRACE] kernel:pid[3] sys_get_time[0m
[90m[TRACE] kernel:pid[3] sys_get_time[0m
[90m[TRACE] kernel:pid[3] sys_get_time[0m
[90m[TRACE] kernel:pid[3] sys_get_time[0m
[90m[TRACE] kernel:pid[3] sys_kill[0m
[90m[TRACE] kernel:pid[4] sys_get_time[0m
[90m[TRACE] kernel:pid[4] sys_get_time[0m
[90m[TRACE] kernel:pid[4] sys_get_time[0m
[90m[TRACE] kernel:pid[4] sys_get_time[0m
[90m[TRACE] kernel:pid[4] sys_get_time[0m
[90m[TRACE] kernel:pid[4] sys_get_time[0m
[90m[TRACE] kernel:pid[4] sys_get_time[0m
[90m[TRACE] kernel:pid[4] sys_get_time[0m
[90m[TRACE] kernel:pid[4] sys_get_time[0m
[90m[TRACE] kernel:pid[4] sys_get_time[0m
[90m[TRACE] kernel:pid[4] sys_get_time[0m
[90m[TRACE] kernel:pid[4] sys_get_time[0m
[90m[TRACE] kernel:pid[4] sys_get_time[0m
[90m[TRACE] kernel:pid[4] sys_get_time[0m
[90m[TRACE] kernel:pid[4] sys_get_time[0m
[90m[TRACE] kernel:pid[4] sys_get_time[0m
[90m[TRACE] kernel:pid[4] sys_get_time[0m
[90m[TRACE] kernel:pid[4] sys_get_time[0m
[90m[TRACE] kernel:pid[4] sys_get_time[0m
[90m[TRACE] kernel:pid[4] sys_get_time[0m
[90m[TRACE] kernel:pid[4] sys_get_time[0m
[90m[TRACE] kernel:pid[4] sys_get_time[0m
[90m[TRACE] kernel:pid[4] sys_get_time[0m
[90m[TRACE] kernel:pid[4] sys_get_time[0m
[90m[TRACE] kernel:pid[4] sys_get_time[0m
[90m[TRACE] kernel:pid[4] sys_get_time[0m
[90m[TRACE] kernel:pid[4] sys_get_time[0m
[90m[TRACE] kernel:pid[4] sys_get_time[0m
[90m[TRACE] kernel:pid[4] sys_get_time[0m
[90m[TRACE] kernel:pid[4] sys_get_time[0m
[90m[TRACE] kernel:pid[4] sys_get_time[0m
[90m[TRACE] kernel:pid[4] sys_get_time[0m
[90m[TRACE] kernel:pid[4] sys_get_time[0m
[90m[TRACE] kernel:pid[4] sys_get_time[0m
[90m[TRACE] kernel:pid[4] sys_get_time[0m
[90m[TRACE] kernel:pid[4] sys_get_time[0m
[90m[TRACE] kernel:pid[4] sys_get_time[0m
[90m[TRACE] kernel:pid[4] sys_get_time[0m
[90m[TRACE] kernel:pid[4] sys_get_time[0m
[90m[TRACE] kernel:pid[4] sys_get_time[0m
[90m[TRACE] kernel:pid[4] sys_get_time[0m
[90m[TRACE] kernel:pid[4] sys_get_time[0m
[90m[TRACE] kernel:pid[4] sys_get_time[0m
[90m[TRACE] kernel:pid[4] sys_get_time[0m
[90m[TRACE] kernel:pid[4] sys_get_time[0m
[90m[TRACE] kernel:pid[4] sys_get_time[0m
[90m[TRACE] kernel:pid[4] sys_get_time[0m
[90m[TRACE] kernel:pid[4] sys_get_time[0m
[90m[TRACE] kernel:pid[4] sys_get_time[0m
[90m[TRACE] kernel:pid[4] sys_get_time[0m
[90m[TRACE] kernel:pid[4] sys_get_time[0m
[90m[TRACE] kernel:pid[4] sys_get_time[0m
[90m[TRACE] kernel:pid[4] sys_get_time[0m
[90m[TRACE] kernel:pid[4] sys_get_time[0m
[90m[TRACE] kernel:pid[4] sys_get_time[0m
[90m[TRACE] kernel:pid[4] sys_get_time[0m
[90m[TRACE] kernel:pid[4] sys_get_time[0m
[90m[TRACE] kernel:pid[4] sys_get_time[0m
[90m[TRACE] kernel:pid[4] sys_get_time[0m
[90m[TRACE] kernel:pid[4] sys_get_time[0m
[90m[TRACE] kernel:pid[4] sys_get_time[0m
[90m[TRACE] kernel:pid[4] sys_get_time[0m
[90m[TRACE] kernel:pid[4] sys_get_time[0m
[90m[TRACE] kernel:pid[4] sys_get_time[0m
[90m[TRACE] kernel:pid[4] sys_get_time[0m
[90m[TRACE] kernel:pid[4] sys_get_time[0m
[90m[TRACE] kernel:pid[4] sys_get_time[0m
[90m[TRACE] kernel:pid[4] sys_get_time[0m
[90m[TRACE] kernel:pid[4] sys_get_time[0m
[90m[TRACE] kernel:pid[4] sys_get_time[0m
[90m[TRACE] kernel:pid[4] sys_get_time[0m
[90m[TRACE] kernel:pid[4] sys_get_time[0m
[90m[TRACE] kernel:pid[4] sys_get_time[0m
[90m[TRACE] kernel:pid[4] sys_get_time[0m
[90m[TRACE] kernel:pid[4] sys_get_time[0m
[90m[TRACE] kernel:pid[4] sys_get_time[0m
[90m[TRACE] kernel:pid[4] sys_get_time[0m
[90m[TRACE] kernel:pid[4] sys_get_time[0m
[90m[TRACE] kernel:pid[4] sys_get_time[0m
[90m[TRACE] kernel:pid[4] sys_get_time[0m
[90m[TRACE] kernel:pid[4] sys_get_time[0m
[90m[TRACE] kernel:pid[4] sys_get_time[0m
[90m[TRACE] kernel:pid[4] sys_get_time[0m
[90m[TRACE] kernel:pid[4] sys_get_time[0m
[90m[TRACE] kernel:pid[4] sys_get_time[0m
[90m[TRACE] kernel:pid[4] sys_get_time[0m
[90m[TRACE] kernel:pid[4] sys_get_time[0m
[90m[TRACE] kernel:pid[4] sys_get_time[0m
[90m[TRACE] kernel:pid[4] sys_get_time[0m
[90m[TRACE] kernel:pid[4] sys_get_time[0m
[90m[TRACE] kernel:pid[4] sys_get_time[0m
[90m[TRACE] kernel:pid[4] sys_get_time[0m
[90m[TRACE] kernel:pid[4] sys_get_time[0m
[90m[TRACE] kernel:pid[4] sys_get_time[0m
[90m[TRACE] kernel:pid[4] sys_get_time[0m
[90m[TRACE] kernel:pid[4] sys_get_time[0m
[90m[TRACE] kernel:pid[4] sys_get_time[0m
[90m[TRACE] kernel:pid[4] sys_get_time[0m
[90m[TRACE] kernel:pid[4] sys_get_time[0m
[90m[TRACE] kernel:pid[4] sys_get_time[0m
[90m[TRACE] kernel:pid[4] sys_get_time[0m
[90m[TRACE] kernel:pid[4] sys_get_time[0m
[90m[TRACE] kernel:pid[4] sys_get_time[0m
[90m[TRACE] kernel:pid[4] sys_get_time[0m
[90m[TRACE] kernel:pid[4] sys_get_time[0m
[90m[TRACE] kernel:pid[4] sys_get_time[0m
[90m[TRACE] kernel:pid[4] sys_get_time[0m
[90m[TRACE] kernel:pid[4] sys_get_time[0m
[90m[TRACE] kernel:pid[4] sys_get_time[0m
[90m[TRACE] kernel:pid[4] sys_get_time[0m
[90m[TRACE] kernel:pid[4] sys_get_time[0m
[90m[TRACE] kernel:pid[4] sys_get_time[0m
[90m[TRACE] kernel:pid[4] sys_get_time[0m
[90m[TRACE] kernel:pid[4] sys_get_time[0m
[90m[TRACE] kernel:pid[4] sys_get_time[0m
[90m[TRACE] kernel:pid[4] sys_get_time[0m
[90m[TRACE] kernel:pid[4] sys_get_time[0m
[90m[TRACE] kernel:pid[4] sys_get_time[0m
[90m[TRACE] kernel:pid[4] sys_get_time[0m
[90m[TRACE] kernel:pid[4] sys_get_time[0m
[90m[TRACE] kernel:pid[4] sys_get_time[0m
[90m[TRACE] kernel:pid[4] sys_get_time[0m
[90m[TRACE] kernel:pid[4] sys_get_time[0m
[90m[TRACE] kernel:pid[4] sys_get_time[0m
[90m[TRACE] kernel:pid[4] sys_get_time[0m
[90m[TRACE] kernel:pid[4] sys_get_time[0m
[90m[TRACE] kernel:pid[4] sys_get_time[0m
[90m[TRACE] kernel:pid[4] sys_get_time[0m
[90m[TRACE] kernel:pid[4] sys_get_time[0m
[90m[TRACE] kernel:pid[4] sys_get_time[0m
[90m[TRACE] kernel:pid[4] sys_get_time[0m
[90m[TRACE] kernel:pid[4] sys_get_time[0m
[90m[TRACE] kernel:pid[4] sys_get_time[0m
[90m[TRACE] kernel:pid[4] sys_get_time[0m
[90m[TRACE] kernel:pid[4] sys_get_time[0m
[90m[TRACE] kernel:pid[4] sys_get_time[0m
[90m[TRACE] kernel:pid[4] sys_get_time[0m
[90m[TRACE] kernel:pid[4] sys_get_time[0m
[90m[TRACE] kernel:pid[4] sys_get_time[0m
[90m[TRACE] kernel:pid[4] sys_get_time[0m
[90m[TRACE] kernel:pid[4] sys_get_time[0m
[90m[TRACE] kernel:pid[4] sys_get_time[0m
[90m[TRACE] kernel:pid[4] sys_get_time[0m
[90m[TRACE] kernel:pid[4] sys_get_time[0m
[90m[TRACE] kernel:pid[4] sys_get_time[0m
[90m[TRACE] kernel:pid[4] sys_get_time[0m
[90m[TRACE] kernel:pid[4] sys_get_time[0m
[90m[TRACE] kernel:pid[4] sys_get_time[0m
[90m[TRACE] kernel:pid[4] sys_get_time[0m
[90m[TRACE] kernel:pid[4] sys_get_time[0m
[90m[TRACE] kernel:pid[4] sys_get_time[0m
[90m[TRACE] kernel:pid[4] sys_get_time[0m
[90m[TRACE] kernel:pid[4] sys_get_time[0m
[90m[TRACE] kernel:pid[4] sys_get_time[0m
[90m[TRACE] kernel:pid[4] sys_get_time[0m
[90m[TRACE] kernel:pid[4] sys_get_time[0m
[90m[TRACE] kernel:pid[4] sys_get_time[0m
[90m[TRACE] kernel:pid[4] sys_get_time[0m
[90m[TRACE] kernel:pid[4] sys_get_time[0m
[90m[TRACE] kernel:pid[4] sys_get_time[0m
[90m[TRACE] kernel:pid[4] sys_get_time[0m
[90m[TRACE] kernel:pid[4] sys_get_time[0m
[90m[TRACE] kernel:pid[4] sys_get_time[0m
[90m[TRACE] kernel:pid[4] sys_get_time[0m
[90m[TRACE] kernel:pid[4] sys_get_time[0m
[90m[TRACE] kernel:pid[4] sys_get_time[0m
[90m[TRACE] kernel:pid[4] sys_get_time[0m
[90m[TRACE] kernel:pid[4] sys_get_time[0m
[90m[TRACE] kernel:pid[4] sys_get_time[0m
[90m[TRACE] kernel:pid[4] sys_get_time[0m
[90m[TRACE] kernel:pid[4] sys_get_time[0m
[90m[TRACE] kernel:pid[4] sys_get_time[0m
[90m[TRACE] kernel:pid[4] sys_get_time[0m
[90m[TRACE] kernel:pid[4] sys_get_time[0m
[90m[TRACE] kernel:pid[4] sys_get_time[0m
[90m[TRACE] kernel:pid[4] sys_get_time[0m
[90m[TRACE] kernel:pid[4] sys_get_time[0m
[90m[TRACE] kernel:pid[4] sys_get_time[0m
[90m[TRACE] kernel:pid[4] sys_get_time[0m
[90m[TRACE] kernel:pid[4] sys_get_time[0m
[90m[TRACE] kernel:pid[4] sys_get_time[0m
[90m[TRACE] kernel:pid[4] sys_get_time[0m
[90m[TRACE] kernel:pid[4] sys_get_time[0m
[90m[TRACE] kernel:pid[4] sys_get_time[0m
[90m[TRACE] kernel:pid[4] sys_get_time[0m
[90m[TRACE] kernel:pid[4] sys_get_time[0m
[90m[TRACE] kernel:pid[4] sys_get_time[0m
[90m[TRACE] kernel:pid[4] sys_get_time[0m
[90m[TRACE] kernel:pid[4] sys_get_time[0m
[90m[TRACE] kernel:pid[4] sys_get_time[0m
[90m[TRACE] kernel:pid[4] sys_get_time[0m
[90m[TRACE] kernel:pid[4] sys_get_time[0m
[90m[TRACE] kernel:pid[4] sys_get_time[0m
[90m[TRACE] kernel:pid[4] sys_get_time[0m
[90m[TRACE] kernel:pid[4] sys_get_time[0m
[90m[TRACE] kernel:pid[4] sys_get_time[0m
[90m[TRACE] kernel:pid[4] sys_get_time[0m
[90m[TRACE] kernel:pid[4] sys_get_time[0m
[90m[TRACE] kernel:pid[4] sys_get_time[0m
[90m[TRACE] kernel:pid[4] sys_get_time[0m
[90m[TRACE] kernel:pid[4] sys_get_time[0m
[90m[TRACE] kernel:pid[4] sys_get_time[0m
[90m[TRACE] kernel:pid[4] sys_get_time[0m
[90m[TRACE] kernel:pid[4] sys_get_time[0m
[90m[TRACE] kernel:pid[4] sys_get_time[0m
[90m[TRACE] kernel:pid[4] sys_get_time[0m
[90m[TRACE] kernel:pid[4] sys_get_time[0m
[90m[TRACE] kernel:pid[4] sys_get_time[0m
[90m[TRACE] kernel:pid[4] sys_get_time[0m
[90m[TRACE] kernel:pid[4] sys_get_time[0m
[90m[TRACE] kernel:pid[4] sys_get_time[0m
[90m[TRACE] kernel:pid[4] sys_get_time[0m
[90m[TRACE] kernel:pid[4] sys_get_time[0m
[90m[TRACE] kernel:pid[4] sys_get_time[0m
[90m[TRACE] kernel:pid[4] sys_get_time[0m
[90m[TRACE] kernel:pid[4] sys_get_time[0m
[90m[TRACE] kernel:pid[4] sys_get_time[0m
[90m[TRACE] kernel:pid[4] sys_get_time[0m
[90m[TRACE] kernel:pid[4] sys_get_time[0m
[90m[TRACE] kernel:pid[4] sys_get_time[0m
[90m[TRACE] kernel:pid[4] sys_get_time[0m
[90m[TRACE] kernel:pid[4] sys_get_time[0m
[90m[TRACE] kernel:pid[4] sys_get_time[0m
[90m[TRACE] kernel:pid[4] sys_get_time[0m
[90m[TRACE] kernel:pid[4] sys_get_time[0m
[90m[TRACE] kernel:pid[4] sys_get_time[0m
[90m[TRACE] kernel:pid[4] sys_get_time[0m
[90m[TRACE] kernel:pid[4] sys_get_time[0m
[90m[TRACE] kernel:pid[4] sys_get_time[0m
[90m[TRACE] kernel:pid[4] sys_get_time[0m
[90m[TRACE] kernel:pid[4] sys_get_time[0m
[90m[TRACE] kernel:pid[4] sys_get_time[0m
[90m[TRACE] kernel:pid[4] sys_get_time[0m
[90m[TRACE] kernel:pid[4] sys_get_time[0m
[90m[TRACE] kernel:pid[4] sys_get_time[0m
[90m[TRACE] kernel:pid[4] sys_get_time[0m
[90m[TRACE] kernel:pid[4] sys_get_time[0m
[90m[TRACE] kernel:pid[4] sys_get_time[0m
[90m[TRACE] kernel:pid[4] sys_get_time[0m
[90m[TRACE] kernel:pid[4] sys_get_time[0m
[90m[TRACE] kernel:pid[4] sys_get_time[0m
[90m[TRACE] kernel:pid[4] sys_get_time[0m
[90m[TRACE] kernel:pid[4] sys_get_time[0m
[90m[TRACE] kernel:pid[4] sys_get_time[0m
[90m[TRACE] kernel:pid[4] sys_get_time[0m
[90m[TRACE] kernel:pid[4] sys_get_time[0m
[90m[TRACE] kernel:pid[4] sys_get_time[0m
[90m[TRACE] kernel:pid[4] sys_get_time[0m
[90m[TRACE] kernel:pid[4] sys_get_time[0m
[90m[TRACE] kernel:pid[4] sys_get_time[0m
[90m[TRACE] kernel:pid[4] sys_get_time[0m
[90m[TRACE] kernel:pid[4] sys_get_time[0m
[90m[TRACE] kernel:pid[4] sys_get_time[0m
[90m[TRACE] kernel:pid[4] sys_get_time[0m
[90m[TRACE] kernel:pid[4] sys_get_time[0m
[90m[TRACE] kernel:pid[4] sys_get_time[0m
[90m[TRACE] kernel:pid[4] sys_get_time[0m
[90m[TRACE] kernel:pid[4] sys_get_time[0m
[90m[TRACE] kernel:pid[4] sys_get_time[0m
[90m[TRACE] kernel:pid[4] sys_get_time[0m
[90m[TRACE] kernel:pid[4] sys_get_time[0m
[90m[TRACE] kernel:pid[4] sys_get_time[0m
[90m[TRACE] kernel:pid[4] sys_get_time[0m
[90m[TRACE] kernel:pid[4] sys_get_time[0m
[90m[TRACE] kernel:pid[4] sys_get_time[0m
[90m[TRACE] kernel:pid[4] sys_get_time[0m
[90m[TRACE] kernel:pid[4] sys_get_time[0m
[90m[TRACE] kernel:pid[4] sys_get_time[0m
[90m[TRACE] kernel:pid[4] sys_get_time[0m
[90m[TRACE] kernel:pid[4] sys_get_time[0m
[90m[TRACE] kernel:pid[4] sys_get_time[0m
[90m[TRACE] kernel:pid[4] sys_get_time[0m
[90m[TRACE] kernel:pid[4] sys_get_time[0m
[90m[TRACE] kernel:pid[4] sys_get_time[0m
[90m[TRACE] kernel:pid[4] sys_get_time[0m
[90m[TRACE] kernel:pid[4] sys_get_time[0m
[90m[TRACE] kernel:pid[4] sys_get_time[0m
[90m[TRACE] kernel:pid[4] sys_get_time[0m
[90m[TRACE] kernel:pid[4] sys_get_time[0m
[90m[TRACE] kernel:pid[4] sys_get_time[0m
[90m[TRACE] kernel:pid[4] sys_get_time[0m
[90m[TRACE] kernel:pid[4] sys_get_time[0m
[90m[TRACE] kernel:pid[4] sys_get_time[0m
[90m[TRACE] kernel:pid[4] sys_get_time[0m
[90m[TRACE] kernel:pid[4] sys_get_time[0m
[90m[TRACE] kernel:pid[4] sys_get_time[0m
[90m[TRACE] kernel:pid[4] sys_get_time[0m
[90m[TRACE] kernel:pid[4] sys_get_time[0m
[90m[TRACE] kernel:pid[4] sys_get_time[0m
[90m[TRACE] kernel:pid[4] sys_get_time[0m
[90m[TRACE] kernel:pid[4] sys_get_time[0m
[90m[TRACE] kernel:pid[4] sys_get_time[0m
[90m[TRACE] kernel:pid[4] sys_get_time[0m
[90m[TRACE] kernel:pid[4] sys_get_time[0m
[90m[TRACE] kernel:pid[4] sys_get_time[0m
[90m[TRACE] kernel:pid[4] sys_get_time[0m
[90m[TRACE] kernel:pid[4] sys_get_time[0m
[90m[TRACE] kernel:pid[4] sys_get_time[0m
[90m[TRACE] kernel:pid[4] sys_get_time[0m
[90m[TRACE] kernel:pid[4] sys_get_time[0m
[90m[TRACE] kernel:pid[4] sys_get_time[0m
[90m[TRACE] kernel:pid[4] sys_get_time[0m
[90m[TRACE] kernel:pid[4] sys_get_time[0m
[90m[TRACE] kernel:pid[4] sys_get_time[0m
[90m[TRACE] kernel:pid[4] sys_get_time[0m
[90m[TRACE] kernel:pid[4] sys_get_time[0m
[90m[TRACE] kernel:pid[4] sys_get_time[0m
[90m[TRACE] kernel:pid[4] sys_get_time[0m
[90m[TRACE] kernel:pid[4] sys_get_time[0m
[90m[TRACE] kernel:pid[4] sys_get_time[0m
[90m[TRACE] kernel:pid[4] sys_get_time[0m
[90m[TRACE] kernel:pid[4] sys_get_time[0m
[90m[TRACE] kernel:pid[4] sys_get_time[0m
[90m[TRACE] kernel:pid[4] sys_get_time[0m
[90m[TRACE] kernel:pid[4] sys_get_time[0m
[90m[TRACE] kernel:pid[4] sys_get_time[0m
[90m[TRACE] kernel:pid[4] sys_get_time[0m
[90m[TRACE] kernel:pid[4] sys_get_time[0m
[90m[TRACE] kernel:pid[4] sys_get_time[0m
[90m[TRACE] kernel:pid[4] sys_get_time[0m
[90m[TRACE] kernel:pid[4] sys_get_time[0m
[90m[TRACE] kernel:pid[4] sys_get_time[0m
[90m[TRACE] kernel:pid[4] sys_get_time[0m
[90m[TRACE] kernel:pid[4] sys_get_time[0m
[90m[TRACE] kernel:pid[4] sys_get_time[0m
[90m[TRACE] kernel:pid[4] sys_get_time[0m
[90m[TRACE] kernel:pid[4] sys_get_time[0m
[90m[TRACE] kernel:pid[4] sys_get_time[0m
[90m[TRACE] kernel:pid[4] sys_get_time[0m
[90m[TRACE] kernel:pid[4] sys_get_time[0m
[90m[TRACE] kernel:pid[4] sys_get_time[0m
[90m[TRACE] kernel:pid[4] sys_get_time[0m
[90m[TRACE] kernel:pid[4] sys_get_time[0m
[90m[TRACE] kernel:pid[4] sys_get_time[0m
[90m[TRACE] kernel:pid[4] sys_get_time[0m
[90m[TRACE] kernel:pid[4] sys_get_time[0m
[90m[TRACE] kernel:pid[4] sys_get_time[0m
[90m[TRACE] kernel:pid[4] sys_get_time[0m
[90m[TRACE] kernel:pid[4] sys_get_time[0m
[90m[TRACE] kernel:pid[4] sys_get_time[0m
[90m[TRACE] kernel:pid[4] sys_get_time[0m
[90m[TRACE] kernel:pid[4] sys_get_time[0m
[90m[TRACE] kernel:pid[4] sys_get_time[0m
[90m[TRACE] kernel:pid[4] sys_get_time[0m
[90m[TRACE] kernel:pid[4] sys_get_time[0m
[90m[TRACE] kernel:pid[4] sys_get_time[0m
[90m[TRACE] kernel:pid[4] sys_get_time[0m
[90m[TRACE] kernel:pid[4] sys_get_time[0m
[90m[TRACE] kernel:pid[4] sys_get_time[0m
[90m[TRACE] kernel:pid[4] sys_get_time[0m
[90m[TRACE] kernel:pid[4] sys_get_time[0m
[90m[TRACE] kernel:pid[4] sys_get_time[0m
[90m[TRACE] kernel:pid[4] sys_get_time[0m
[90m[TRACE] kernel:pid[4] sys_get_time[0m
[90m[TRACE] kernel:pid[4] sys_get_time[0m
[90m[TRACE] kernel:pid[4] sys_get_time[0m
[90m[TRACE] kernel:pid[4] sys_get_time[0m
[90m[TRACE] kernel:pid[4] sys_get_time[0m
[90m[TRACE] kernel:pid[4] sys_get_time[0m
[90m[TRACE] kernel:pid[4] sys_get_time[0m
[90m[TRACE] kernel:pid[4] sys_get_time[0m
[90m[TRACE] kernel:pid[4] sys_get_time[0m
[90m[TRACE] kernel:pid[4] sys_get_time[0m
[90m[TRACE] kernel:pid[4] sys_get_time[0m
[90m[TRACE] kernel:pid[4] sys_get_time[0m
[90m[TRACE] kernel:pid[4] sys_get_time[0m
[90m[TRACE] kernel:pid[4] sys_get_time[0m
[90m[TRACE] kernel:pid[4] sys_get_time[0m
[90m[TRACE] kernel:pid[4] sys_get_time[0m
[90m[TRACE] kernel:pid[4] sys_get_time[0m
[90m[TRACE] kernel:pid[4] sys_get_time[0m
[90m[TRACE] kernel:pid[4] sys_get_time[0m
[90m[TRACE] kernel:pid[4] sys_get_time[0m
[90m[TRACE] kernel:pid[4] sys_get_time[0m
[90m[TRACE] kernel:pid[4] sys_get_time[0m
[90m[TRACE] kernel:pid[4] sys_get_time[0m
[90m[TRACE] kernel:pid[4] sys_get_time[0m
[90m[TRACE] kernel:pid[4] sys_get_time[0m
[90m[TRACE] kernel:pid[4] sys_get_time[0m
[90m[TRACE] kernel:pid[4] sys_get_time[0m
[90m[TRACE] kernel:pid[4] sys_get_time[0m
[90m[TRACE] kernel:pid[4] sys_get_time[0m
[90m[TRACE] kernel:pid[4] sys_get_time[0m
[90m[TRACE] kernel:pid[4] sys_get_time[0m
[90m[TRACE] kernel:pid[4] sys_get_time[0m
[90m[TRACE] kernel:pid[4] sys_get_time[0m
[90m[TRACE] kernel:pid[4] sys_get_time[0m
[90m[TRACE] kernel:pid[4] sys_get_time[0m
[90m[TRACE] kernel:pid[4] sys_get_time[0m
[90m[TRACE] kernel:pid[4] sys_get_time[0m
[90m[TRACE] kernel:pid[4] sys_get_time[0m
[90m[TRACE] kernel:pid[4] sys_get_time[0m
[90m[TRACE] kernel:pid[4] sys_get_time[0m
[90m[TRACE] kernel:pid[4] sys_get_time[0m
[90m[TRACE] kernel:pid[4] sys_get_time[0m
[90m[TRACE] kernel:pid[4] sys_get_time[0m
[90m[TRACE] kernel:pid[4] sys_get_time[0m
[90m[TRACE] kernel:pid[4] sys_get_time[0m
[90m[TRACE] kernel:pid[4] sys_get_time[0m
[90m[TRACE] kernel:pid[4] sys_get_time[0m
[90m[TRACE] kernel:pid[4] sys_get_time[0m
[90m[TRACE] kernel:pid[4] sys_get_time[0m
[90m[TRACE] kernel:pid[4] sys_get_time[0m
[90m[TRACE] kernel:pid[4] sys_get_time[0m
[90m[TRACE] kernel:pid[4] sys_get_time[0m
[90m[TRACE] kernel:pid[4] sys_get_time[0m
[90m[TRACE] kernel:pid[4] sys_get_time[0m
[90m[TRACE] kernel:pid[4] sys_get_time[0m
[90m[TRACE] kernel:pid[4] sys_get_time[0m
[90m[TRACE] kernel:pid[4] sys_get_time[0m
[90m[TRACE] kernel:pid[4] sys_get_time[0m
[90m[TRACE] kernel:pid[4] sys_get_time[0m
[90m[TRACE] kernel:pid[4] sys_get_time[0m
[90m[TRACE] kernel:pid[4] sys_get_time[0m
[90m[TRACE] kernel:pid[4] sys_get_time[0m
[90m[TRACE] kernel:pid[4] sys_get_time[0m
[90m[TRACE] kernel:pid[4] sys_get_time[0m
[90m[TRACE] kernel:pid[4] sys_get_time[0m
[90m[TRACE] kernel:pid[4] sys_get_time[0m
[90m[TRACE] kernel:pid[4] sys_get_time[0m
[90m[TRACE] kernel:pid[4] sys_get_time[0m
[90m[TRACE] kernel:pid[4] sys_get_time[0m
[90m[TRACE] kernel:pid[4] sys_get_time[0m
[90m[TRACE] kernel:pid[4] sys_get_time[0m
[90m[TRACE] kernel:pid[4] sys_get_time[0m
[90m[TRACE] kernel:pid[4] sys_get_time[0m
[90m[TRACE] kernel:pid[4] sys_get_time[0m
[90m[TRACE] kernel:pid[4] sys_get_time[0m
[90m[TRACE] kernel:pid[4] sys_get_time[0m
[90m[TRACE] kernel:pid[4] sys_get_time[0m
[90m[TRACE] kernel:pid[4] sys_get_time[0m
[90m[TRACE] kernel:pid[4] sys_get_time[0m
[90m[TRACE] kernel:pid[4] sys_get_time[0m
[90m[TRACE] kernel:pid[4] sys_get_time[0m
[90m[TRACE] kernel:pid[4] sys_get_time[0m
[90m[TRACE] kernel:pid[4] sys_get_time[0m
[90m[TRACE] kernel:pid[4] sys_get_time[0m
[90m[TRACE] kernel:pid[4] sys_get_time[0m
[90m[TRACE] kernel:pid[4] sys_get_time[0m
[90m[TRACE] kernel:pid[4] sys_get_time[0m
[90m[TRACE] kernel:pid[4] sys_get_time[0m
[90m[TRACE] kernel:pid[4] sys_get_time[0m
[90m[TRACE] kernel:pid[4] sys_get_time[0m
[90m[TRACE] kernel:pid[4] sys_get_time[0m
[90m[TRACE] kernel:pid[4] sys_get_time[0m
[90m[TRACE] kernel:pid[4] sys_get_time[0m
[90m[TRACE] kernel:pid[4] sys_get_time[0m
[90m[TRACE] kernel:pid[4] sys_get_time[0m
[90m[TRACE] kernel:pid[4] sys_get_time[0m
[90m[TRACE] kernel:pid[4] sys_get_time[0m
[90m[TRACE] kernel:pid[4] sys_get_time[0m
[90m[TRACE] kernel:pid[4] sys_get_time[0m
[90m[TRACE] kernel:pid[4] sys_get_time[0m
[90m[TRACE] kernel:pid[4] sys_get_time[0m
[90m[TRACE] kernel:pid[4] sys_get_time[0m
[90m[TRACE] kernel:pid[4] sys_get_time[0m
[90m[TRACE] kernel:pid[4] sys_get_time[0m
[90m[TRACE] kernel:pid[4] sys_get_time[0m
[90m[TRACE] kernel:pid[4] sys_get_time[0m
[90m[TRACE] kernel:pid[4] sys_get_time[0m
[90m[TRACE] kernel:pid[4] sys_get_time[0m
[90m[TRACE] kernel:pid[4] sys_get_time[0m
[90m[TRACE] kernel:pid[4] sys_get_time[0m
[90m[TRACE] kernel:pid[4] sys_get_time[0m
[90m[TRACE] kernel:pid[4] sys_get_time[0m
[90m[TRACE] kernel:pid[4] sys_get_time[0m
[90m[TRACE] kernel:pid[4] sys_get_time[0m
[90m[TRACE] kernel:pid[4] sys_get_time[0m
[90m[TRACE] kernel:pid[4] sys_get_time[0m
[90m[TRACE] kernel:pid[4] sys_get_time[0m
[90m[TRACE] kernel:pid[4] sys_get_time[0m
[90m[TRACE] kernel:pid[4] sys_get_time[0m
[90m[TRACE] kernel:pid[4] sys_get_time[0m
[90m[TRACE] kernel:pid[4] sys_get_time[0m
[90m[TRACE] kernel:pid[4] sys_get_time[0m
[90m[TRACE] kernel:pid[4] sys_get_time[0m
[90m[TRACE] kernel:pid[4] sys_get_time[0m
[90m[TRACE] kernel:pid[4] sys_get_time[0m
[90m[TRACE] kernel:pid[4] sys_get_time[0m
[90m[TRACE] kernel:pid[4] sys_get_time[0m
[90m[TRACE] kernel:pid[4] sys_get_time[0m
[90m[TRACE] kernel:pid[4] sys_get_time[0m
[90m[TRACE] kernel:pid[4] sys_get_time[0m
[90m[TRACE] kernel:pid[4] sys_get_time[0m
[90m[TRACE] kernel:pid[4] sys_get_time[0m
[90m[TRACE] kernel:pid[4] sys_get_time[0m
[90m[TRACE] kernel:pid[4] sys_get_time[0m
[90m[TRACE] kernel:pid[4] sys_get_time[0m
[90m[TRACE] kernel:pid[4] sys_get_time[0m
[90m[TRACE] kernel:pid[4] sys_get_time[0m
[90m[TRACE] kernel:pid[4] sys_get_time[0m
[90m[TRACE] kernel:pid[4] sys_get_time[0m
[90m[TRACE] kernel:pid[4] sys_get_time[0m
[90m[TRACE] kernel:pid[4] sys_get_time[0m
[90m[TRACE] kernel:pid[4] sys_get_time[0m
[90m[TRACE] kernel:pid[4] sys_get_time[0m
[90m[TRACE] kernel:pid[4] sys_get_time[0m
[90m[TRACE] kernel:pid[4] sys_get_time[0m
[90m[TRACE] kernel:pid[4] sys_get_time[0m
[90m[TRACE] kernel:pid[4] sys_get_time[0m
[90m[TRACE] kernel:pid[4] sys_get_time[0m
[90m[TRACE] kernel:pid[4] sys_get_time[0m
[90m[TRACE] kernel:pid[4] sys_get_time[0m
[90m[TRACE] kernel:pid[4] sys_get_time[0m
[90m[TRACE] kernel:pid[4] sys_get_time[0m
[90m[TRACE] kernel:pid[4] sys_get_time[0m
[90m[TRACE] kernel:pid[4] sys_get_time[0m
[90m[TRACE] kernel:pid[4] sys_get_time[0m
[90m[TRACE] kernel:pid[4] sys_get_time[0m
[90m[TRACE] kernel:pid[4] sys_get_time[0m
[90m[TRACE] kernel:pid[4] sys_get_time[0m
[90m[TRACE] kernel:pid[4] sys_get_time[0m
[90m[TRACE] kernel:pid[4] sys_get_time[0m
[90m[TRACE] kernel:pid[4] sys_get_time[0m
[90m[TRACE] kernel:pid[4] sys_get_time[0m
[90m[TRACE] kernel:pid[4] sys_get_time[0m
[90m[TRACE] kernel:pid[4] sys_get_time[0m
[90m[TRACE] kernel:pid[4] sys_get_time[0m
[90m[TRACE] kernel:pid[4] sys_get_time[0m
[90m[TRACE] kernel:pid[4] sys_get_time[0m
[90m[TRACE] kernel:pid[4] sys_get_time[0m
[90m[TRACE] kernel:pid[4] sys_get_time[0m
[90m[TRACE] kernel:pid[4] sys_get_time[0m
[90m[TRACE] kernel:pid[4] sys_get_time[0m
[90m[TRACE] kernel:pid[4] sys_get_time[0m
[90m[TRACE] kernel:pid[4] sys_get_time[0m
[90m[TRACE] kernel:pid[4] sys_get_time[0m
[90m[TRACE] kernel:pid[4] sys_get_time[0m
[90m[TRACE] kernel:pid[4] sys_get_time[0m
[90m[TRACE] kernel:pid[4] sys_get_time[0m
[90m[TRACE] kernel:pid[4] sys_get_time[0m
[90m[TRACE] kernel:pid[4] sys_get_time[0m
[90m[TRACE] kernel:pid[4] sys_get_time[0m
[90m[TRACE] kernel:pid[4] sys_get_time[0m
[90m[TRACE] kernel:pid[4] sys_get_time[0m
[90m[TRACE] kernel:pid[4] sys_get_time[0m
[90m[TRACE] kernel:pid[4] sys_get_time[0m
[90m[TRACE] kernel:pid[4] sys_get_time[0m
[90m[TRACE] kernel:pid[4] sys_get_time[0m
[90m[TRACE] kernel:pid[4] sys_get_time[0m
[90m[TRACE] kernel:pid[4] sys_get_time[0m
[90m[TRACE] kernel:pid[4] sys_get_time[0m
[90m[TRACE] kernel:pid[4] sys_get_time[0m
[90m[TRACE] kernel:pid[4] sys_get_time[0m
[90m[TRACE] kernel:pid[4] sys_get_time[0m
[90m[TRACE] kernel:pid[4] sys_get_time[0m
[90m[TRACE] kernel:pid[4] sys_get_time[0m
[90m[TRACE] kernel:pid[4] sys_get_time[0m
[90m[TRACE] kernel:pid[4] sys_get_time[0m
[90m[TRACE] kernel:pid[4] sys_get_time[0m
[90m[TRACE] kernel:pid[4] sys_get_time[0m
[90m[TRACE] kernel:pid[4] sys_get_time[0m
[90m[TRACE] kernel:pid[4] sys_get_time[0m
[90m[TRACE] kernel:pid[4] sys_get_time[0m
[90m[TRACE] kernel:pid[4] sys_get_time[0m
[90m[TRACE] kernel:pid[4] sys_get_time[0m
[90m[TRACE] kernel:pid[4] sys_get_time[0m
[90m[TRACE] kernel:pid[4] sys_get_time[0m
[90m[TRACE] kernel:pid[4] sys_get_time[0m
[90m[TRACE] kernel:pid[4] sys_get_time[0m
[90m[TRACE] kernel:pid[4] sys_get_time[0m
[90m[TRACE] kernel:pid[4] sys_get_time[0m
[90m[TRACE] kernel:pid[4] sys_get_time[0m
[90m[TRACE] kernel:pid[4] sys_get_time[0m
[90m[TRACE] kernel:pid[4] sys_get_time[0m
[90m[TRACE] kernel:pid[4] sys_get_time[0m
[90m[TRACE] kernel:pid[4] sys_get_time[0m
[90m[TRACE] kernel:pid[4] sys_get_time[0m
[90m[TRACE] kernel:pid[4] sys_get_time[0m
[90m[TRACE] kernel:pid[4] sys_get_time[0m
[90m[TRACE] kernel:pid[4] sys_get_time[0m
[90m[TRACE] kernel:pid[4] sys_get_time[0m
[90m[TRACE] kernel:pid[4] sys_get_time[0m
[90m[TRACE] kernel:pid[4] sys_get_time[0m
[90m[TRACE] kernel:pid[4] sys_get_time[0m
[90m[TRACE] kernel:pid[4] sys_get_time[0m
[90m[TRACE] kernel:pid[4] sys_get_time[0m
[90m[TRACE] kernel:pid[4] sys_get_time[0m
[90m[TRACE] kernel:pid[4] sys_get_time[0m
[90m[TRACE] kernel:pid[4] sys_get_time[0m
[90m[TRACE] kernel:pid[4] sys_get_time[0m
[90m[TRACE] kernel:pid[4] sys_get_time[0m
[90m[TRACE] kernel:pid[4] sys_get_time[0m
[90m[TRACE] kernel:pid[4] sys_get_time[0m
[90m[TRACE] kernel:pid[4] sys_get_time[0m
[90m[TRACE] kernel:pid[4] sys_get_time[0m
[90m[TRACE] kernel:pid[4] sys_get_time[0m
[90m[TRACE] kernel:pid[4] sys_get_time[0m
[90m[TRACE] kernel:pid[4] sys_get_time[0m
[90m[TRACE] kernel:pid[4] sys_get_time[0m
[90m[TRACE] kernel:pid[4] sys_get_time[0m
[90m[TRACE] kernel:pid[4] sys_get_time[0m
[90m[TRACE] kernel:pid[4] sys_get_time[0m
[90m[TRACE] kernel:pid[4] sys_get_time[0m
[90m[TRACE] kernel:pid[4] sys_get_time[0m
[90m[TRACE] kernel:pid[4] sys_get_time[0m
[90m[TRACE] kernel:pid[4] sys_get_time[0m
[90m[TRACE] kernel:pid[4] sys_get_time[0m
[90m[TRACE] kernel:pid[4] sys_get_time[0m
[90m[TRACE] kernel:pid[4] sys_get_time[0m
[90m[TRACE] kernel:pid[4] sys_get_time[0m
[90m[TRACE] kernel:pid[4] sys_get_time[0m
[90m[TRACE] kernel:pid[4] sys_get_time[0m
[90m[TRACE] kernel:pid[4] sys_get_time[0m
[90m[TRACE] kernel:pid[4] sys_get_time[0m
[90m[TRACE] kernel:pid[4] sys_get_time[0m
[90m[TRACE] kernel:pid[4] sys_get_time[0m
[90m[TRACE] kernel:pid[4] sys_get_time[0m
[90m[TRACE] kernel:pid[4] sys_get_time[0m
[90m[TRACE] kernel:pid[4] sys_get_time[0m
[90m[TRACE] kernel:pid[4] sys_get_time[0m
[90m[TRACE] kernel:pid[4] sys_get_time[0m
[90m[TRACE] kernel:pid[4] sys_get_time[0m
[90m[TRACE] kernel:pid[4] sys_get_time[0m
[90m[TRACE] kernel:pid[4] sys_get_time[0m
[90m[TRACE] kernel:pid[4] sys_get_time[0m
[90m[TRACE] kernel:pid[4] sys_get_time[0m
[90m[TRACE] kernel:pid[4] sys_get_time[0m
[90m[TRACE] kernel:pid[4] sys_get_time[0m
[90m[TRACE] kernel:pid[4] sys_get_time[0m
[90m[TRACE] kernel:pid[4] sys_get_time[0m
[90m[TRACE] kernel:pid[4] sys_get_time[0m
[90m[TRACE] kernel:pid[4] sys_get_time[0m
[90m[TRACE] kernel:pid[4] sys_get_time[0m
[90m[TRACE] kernel:pid[4] sys_get_time[0m
[90m[TRACE] kernel:pid[4] sys_get_time[0m
[90m[TRACE] kernel:pid[4] sys_get_time[0m
[90m[TRACE] kernel:pid[4] sys_get_time[0m
[90m[TRACE] kernel:pid[4] sys_get_time[0m
[90m[TRACE] kernel:pid[4] sys_get_time[0m
[90m[TRACE] kernel:pid[4] sys_get_time[0m
[90m[TRACE] kernel:pid[4] sys_get_time[0m
[90m[TRACE] kernel:pid[4] sys_get_time[0m
[90m[TRACE] kernel:pid[4] sys_get_time[0m
[90m[TRACE] kernel:pid[4] sys_get_time[0m
[90m[TRACE] kernel:pid[4] sys_get_time[0m
[90m[TRACE] kernel:pid[4] sys_get_time[0m
[90m[TRACE] kernel:pid[4] sys_get_time[0m
[90m[TRACE] kernel:pid[4] sys_get_time[0m
[90m[TRACE] kernel:pid[4] sys_get_time[0m
[90m[TRACE] kernel:pid[4] sys_get_time[0m
[90m[TRACE] kernel:pid[4] sys_get_time[0m
[90m[TRACE] kernel:pid[4] sys_get_time[0m
[90m[TRACE] kernel:pid[4] sys_get_time[0m
[90m[TRACE] kernel:pid[4] sys_get_time[0m
[90m[TRACE] kernel:pid[4] sys_get_time[0m
[90m[TRACE] kernel:pid[4] sys_get_time[0m
[90m[TRACE] kernel:pid[4] sys_get_time[0m
[90m[TRACE] kernel:pid[4] sys_get_time[0m
[90m[TRACE] kernel:pid[4] sys_get_time[0m
[90m[TRACE] kernel:pid[4] sys_get_time[0m
[90m[TRACE] kernel:pid[4] sys_get_time[0m
[90m[TRACE] kernel:pid[4] sys_get_time[0m
[90m[TRACE] kernel:pid[4] sys_get_time[0m
[90m[TRACE] kernel:pid[4] sys_get_time[0m
[90m[TRACE] kernel:pid[4] sys_get_time[0m
[90m[TRACE] kernel:pid[4] sys_get_time[0m
[90m[TRACE] kernel:pid[4] sys_get_time[0m
[90m[TRACE] kernel:pid[4] sys_get_time[0m
[90m[TRACE] kernel:pid[4] sys_get_time[0m
[90m[TRACE] kernel:pid[4] sys_get_time[0m
[90m[TRACE] kernel:pid[4] sys_get_time[0m
[90m[TRACE] kernel:pid[4] sys_get_time[0m
[90m[TRACE] kernel:pid[4] sys_get_time[0m
[90m[TRACE] kernel:pid[4] sys_get_time[0m
[90m[TRACE] kernel:pid[4] sys_get_time[0m
[90m[TRACE] kernel:pid[4] sys_get_time[0m
[90m[TRACE] kernel:pid[4] sys_get_time[0m
[90m[TRACE] kernel:pid[4] sys_get_time[0m
[90m[TRACE] kernel:pid[4] sys_get_time[0m
[90m[TRACE] kernel:pid[4] sys_get_time[0m
[90m[TRACE] kernel:pid[4] sys_get_time[0m
[90m[TRACE] kernel:pid[4] sys_get_time[0m
[90m[TRACE] kernel:pid[4] sys_get_time[0m
[90m[TRACE] kernel:pid[4] sys_get_time[0m
[90m[TRACE] kernel:pid[4] sys_get_time[0m
[90m[TRACE] kernel:pid[4] sys_get_time[0m
[90m[TRACE] kernel:pid[4] sys_get_time[0m
[90m[TRACE] kernel:pid[4] sys_get_time[0m
[90m[TRACE] kernel:pid[4] sys_get_time[0m
[90m[TRACE] kernel:pid[4] sys_get_time[0m
[90m[TRACE] kernel:pid[4] sys_get_time[0m
[90m[TRACE] kernel:pid[4] sys_get_time[0m
[90m[TRACE] kernel:pid[4] sys_get_time[0m
[90m[TRACE] kernel:pid[4] sys_get_time[0m
[90m[TRACE] kernel:pid[4] sys_get_time[0m
[90m[TRACE] kernel:pid[4] sys_get_time[0m
[90m[TRACE] kernel:pid[4] sys_get_time[0m
[90m[TRACE] kernel:pid[4] sys_get_time[0m
[90m[TRACE] kernel:pid[4] sys_get_time[0m
[90m[TRACE] kernel:pid[4] sys_get_time[0m
[90m[TRACE] kernel:pid[4] sys_get_time[0m
[90m[TRACE] kernel:pid[4] sys_get_time[0m
[90m[TRACE] kernel:pid[4] sys_get_time[0m
[90m[TRACE] kernel:pid[4] sys_get_time[0m
[90m[TRACE] kernel:pid[4] sys_get_time[0m
[90m[TRACE] kernel:pid[4] sys_get_time[0m
[90m[TRACE] kernel:pid[4] sys_get_time[0m
[90m[TRACE] kernel:pid[4] sys_get_time[0m
[90m[TRACE] kernel:pid[4] sys_get_time[0m
[90m[TRACE] kernel:pid[4] sys_get_time[0m
[90m[TRACE] kernel:pid[4] sys_get_time[0m
[90m[TRACE] kernel:pid[4] sys_get_time[0m
[90m[TRACE] kernel:pid[4] sys_get_time[0m
[90m[TRACE] kernel:pid[4] sys_get_time[0m
[90m[TRACE] kernel:pid[4] sys_get_time[0m
[90m[TRACE] kernel:pid[4] sys_get_time[0m
[90m[TRACE] kernel:pid[4] sys_get_time[0m
[90m[TRACE] kernel:pid[4] sys_get_time[0m
[90m[TRACE] kernel:pid[4] sys_get_time[0m
[90m[TRACE] kernel:pid[4] sys_get_time[0m
[90m[TRACE] kernel:pid[4] sys_get_time[0m
[90m[TRACE] kernel:pid[4] sys_get_time[0m
[90m[TRACE] kernel:pid[4] sys_get_time[0m
[90m[TRACE] kernel:pid[4] sys_get_time[0m
[90m[TRACE] kernel:pid[4] sys_get_time[0m
[90m[TRACE] kernel:pid[4] sys_get_time[0m
[90m[TRACE] kernel:pid[4] sys_get_time[0m
[90m[TRACE] kernel:pid[4] sys_get_time[0m
[90m[TRACE] kernel:pid[4] sys_get_time[0m
[90m[TRACE] kernel:pid[4] sys_get_time[0m
[90m[TRACE] kernel:pid[4] sys_get_time[0m
[90m[TRACE] kernel:pid[4] sys_get_time[0m
[90m[TRACE] kernel:pid[4] sys_get_time[0m
[90m[TRACE] kernel:pid[4] sys_get_time[0m
[90m[TRACE] kernel:pid[4] sys_get_time[0m
[90m[TRACE] kernel:pid[4] sys_get_time[0m
[90m[TRACE] kernel:pid[4] sys_get_time[0m
[90m[TRACE] kernel:pid[4] sys_get_time[0m
[90m[TRACE] kernel:pid[4] sys_get_time[0m
[90m[TRACE] kernel:pid[4] sys_get_time[0m
[90m[TRACE] kernel:pid[4] sys_get_time[0m
[90m[TRACE] kernel:pid[4] sys_get_time[0m
[90m[TRACE] kernel:pid[4] sys_get_time[0m
[90m[TRACE] kernel:pid[4] sys_get_time[0m
[90m[TRACE] kernel:pid[4] sys_get_time[0m
[90m[TRACE] kernel:pid[4] sys_get_time[0m
[90m[TRACE] kernel:pid[4] sys_get_time[0m
[90m[TRACE] kernel:pid[4] sys_get_time[0m
[90m[TRACE] kernel:pid[4] sys_get_time[0m
[90m[TRACE] kernel:pid[4] sys_get_time[0m
[90m[TRACE] kernel:pid[4] sys_get_time[0m
[90m[TRACE] kernel:pid[4] sys_get_time[0m
[90m[TRACE] kernel:pid[4] sys_get_time[0m
[90m[TRACE] kernel:pid[4] sys_get_time[0m
[90m[TRACE] kernel:pid[4] sys_get_time[0m
[90m[TRACE] kernel:pid[4] sys_get_time[0m
[90m[TRACE] kernel:pid[4] sys_get_time[0m
[90m[TRACE] kernel:pid[4] sys_get_time[0m
[90m[TRACE] kernel:pid[4] sys_get_time[0m
[90m[TRACE] kernel:pid[4] sys_get_time[0m
[90m[TRACE] kernel:pid[4] sys_get_time[0m
[90m[TRACE] kernel:pid[4] sys_get_time[0m
[90m[TRACE] kernel:pid[4] sys_get_time[0m
[90m[TRACE] kernel:pid[4] sys_get_time[0m
[90m[TRACE] kernel:pid[4] sys_get_time[0m
[90m[TRACE] kernel:pid[4] sys_get_time[0m
[90m[TRACE] kernel:pid[4] sys_get_time[0m
[90m[TRACE] kernel:pid[4] sys_get_time[0m
[90m[TRACE] kernel:pid[4] sys_get_time[0m
[90m[TRACE] kernel:pid[4] sys_get_time[0m
[90m[TRACE] kernel:pid[4] sys_get_time[0m
[90m[TRACE] kernel:pid[4] sys_get_time[0m
[90m[TRACE] kernel:pid[4] sys_get_time[0m
[90m[TRACE] kernel:pid[4] sys_get_time[0m
[90m[TRACE] kernel:pid[4] sys_get_time[0m
[90m[TRACE] kernel:pid[4] sys_get_time[0m
[90m[TRACE] kernel:pid[4] sys_get_time[0m
[90m[TRACE] kernel:pid[4] sys_get_time[0m
[90m[TRACE] kernel:pid[4] sys_get_time[0m
[90m[TRACE] kernel:pid[4] sys_get_time[0m
[90m[TRACE] kernel:pid[4] sys_get_time[0m
[90m[TRACE] kernel:pid[4] sys_get_time[0m
[90m[TRACE] kernel:pid[4] sys_get_time[0m
[90m[TRACE] kernel:pid[4] sys_get_time[0m
[90m[TRACE] kernel:pid[4] sys_get_time[0m
[90m[TRACE] kernel:pid[4] sys_get_time[0m
[90m[TRACE] kernel:pid[4] sys_get_time[0m
[90m[TRACE] kernel:pid[4] sys_get_time[0m
[90m[TRACE] kernel:pid[4] sys_get_time[0m
[90m[TRACE] kernel:pid[4] sys_get_time[0m
[90m[TRACE] kernel:pid[4] sys_get_time[0m
[90m[TRACE] kernel:pid[4] sys_get_time[0m
[90m[TRACE] kernel:pid[4] sys_get_time[0m
[90m[TRACE] kernel:pid[4] sys_get_time[0m
[90m[TRACE] kernel:pid[4] sys_get_time[0m
[90m[TRACE] kernel:pid[4] sys_get_time[0m
[90m[TRACE] kernel:pid[4] sys_get_time[0m
[90m[TRACE] kernel:pid[4] sys_get_time[0m
[90m[TRACE] kernel:pid[4] sys_get_time[0m
[90m[TRACE] kernel:pid[4] sys_get_time[0m
[90m[TRACE] kernel:pid[4] sys_get_time[0m
[90m[TRACE] kernel:pid[4] sys_get_time[0m
[90m[TRACE] kernel:pid[4] sys_get_time[0m
[90m[TRACE] kernel:pid[4] sys_get_time[0m
[90m[TRACE] kernel:pid[4] sys_get_time[0m
[90m[TRACE] kernel:pid[4] sys_get_time[0m
[90m[TRACE] kernel:pid[4] sys_get_time[0m
[90m[TRACE] kernel:pid[4] sys_get_time[0m
[90m[TRACE] kernel:pid[4] sys_get_time[0m
[90m[TRACE] kernel:pid[4] sys_get_time[0m
[90m[TRACE] kernel:pid[4] sys_get_time[0m
[90m[TRACE] kernel:pid[4] sys_get_time[0m
[90m[TRACE] kernel:pid[4] sys_get_time[0m
[90m[TRACE] kernel:pid[4] sys_get_time[0m
[90m[TRACE] kernel:pid[4] sys_get_time[0m
[90m[TRACE] kernel:pid[4] sys_get_time[0m
[90m[TRACE] kernel:pid[4] sys_get_time[0m
[90m[TRACE] kernel:pid[4] sys_get_time[0m
[90m[TRACE] kernel:pid[4] sys_get_time[0m
[90m[TRACE] kernel:pid[4] sys_get_time[0m
[90m[TRACE] kernel:pid[4] sys_get_time[0m
[90m[TRACE] kernel:pid[4] sys_get_time[0m
[90m[TRACE] kernel:pid[4] sys_get_time[0m
[90m[TRACE] kernel:pid[4] sys_get_time[0m
[90m[TRACE] kernel:pid[4] sys_get_time[0m
[90m[TRACE] kernel:pid[4] sys_get_time[0m
[90m[TRACE] kernel:pid[4] sys_get_time[0m
[90m[TRACE] kernel:pid[4] sys_get_time[0m
[90m[TRACE] kernel:pid[4] sys_get_time[0m
[90m[TRACE] kernel:pid[4] sys_get_time[0m
[90m[TRACE] kernel:pid[4] sys_get_time[0m
[90m[TRACE] kernel:pid[4] sys_get_time[0m
[90m[TRACE] kernel:pid[4] sys_get_time[0m
[90m[TRACE] kernel:pid[4] sys_get_time[0m
[90m[TRACE] kernel:pid[4] sys_get_time[0m
[90m[TRACE] kernel:pid[4] sys_get_time[0m
[90m[TRACE] kernel:pid[4] sys_get_time[0m
[90m[TRACE] kernel:pid[4] sys_get_time[0m
[90m[TRACE] kernel:pid[4] sys_get_time[0m
[90m[TRACE] kernel:pid[4] sys_get_time[0m
[90m[TRACE] kernel:pid[4] sys_get_time[0m
[90m[TRACE] kernel:pid[4] sys_get_time[0m
[90m[TRACE] kernel:pid[4] sys_get_time[0m
[90m[TRACE] kernel:pid[4] sys_get_time[0m
[90m[TRACE] kernel:pid[4] sys_get_time[0m
[90m[TRACE] kernel:pid[4] sys_get_time[0m
[90m[TRACE] kernel:pid[4] sys_get_time[0m
[90m[TRACE] kernel:pid[4] sys_get_time[0m
[90m[TRACE] kernel:pid[4] sys_get_time[0m
[90m[TRACE] kernel:pid[4] sys_get_time[0m
[90m[TRACE] kernel:pid[4] sys_get_time[0m
[90m[TRACE] kernel:pid[4] sys_get_time[0m
[90m[TRACE] kernel:pid[4] sys_get_time[0m
[90m[TRACE] kernel:pid[4] sys_get_time[0m
[90m[TRACE] kernel:pid[4] sys_get_time[0m
[90m[TRACE] kernel:pid[4] sys_get_time[0m
[90m[TRACE] kernel:pid[4] sys_get_time[0m
[90m[TRACE] kernel:pid[4] sys_get_time[0m
[90m[TRACE] kernel:pid[4] sys_get_time[0m
[90m[TRACE] kernel:pid[4] sys_get_time[0m
[90m[TRACE] kernel:pid[4] sys_get_time[0m
[90m[TRACE] kernel:pid[4] sys_get_time[0m
[90m[TRACE] kernel:pid[4] sys_get_time[0m
[90m[TRACE] kernel:pid[4] sys_get_time[0m
[90m[TRACE] kernel:pid[4] sys_get_time[0m
[90m[TRACE] kernel:pid[4] sys_get_time[0m
[90m[TRACE] kernel:pid[4] sys_get_time[0m
[90m[TRACE] kernel:pid[4] sys_get_time[0m
[90m[TRACE] kernel:pid[4] sys_get_time[0m
[90m[TRACE] kernel:pid[4] sys_get_time[0m
[90m[TRACE] kernel:pid[4] sys_get_time[0m
[90m[TRACE] kernel:pid[4] sys_get_time[0m
[90m[TRACE] kernel:pid[4] sys_get_time[0m
[90m[TRACE] kernel:pid[4] sys_get_time[0m
[90m[TRACE] kernel:pid[4] sys_get_time[0m
[90m[TRACE] kernel:pid[4] sys_get_time[0m
[90m[TRACE] kernel:pid[4] sys_get_time[0m
[90m[TRACE] kernel:pid[4] sys_get_time[0m
[90m[TRACE] kernel:pid[4] sys_get_time[0m
[90m[TRACE] kernel:pid[4] sys_get_time[0m
[90m[TRACE] kernel:pid[4] sys_get_time[0m
[90m[TRACE] kernel:pid[4] sys_get_time[0m
[90m[TRACE] kernel:pid[4] sys_get_time[0m
[90m[TRACE] kernel:pid[4] sys_get_time[0m
[90m[TRACE] kernel:pid[4] sys_get_time[0m
[90m[TRACE] kernel:pid[4] sys_get_time[0m
[90m[TRACE] kernel:pid[4] sys_get_time[0m
[90m[TRACE] kernel:pid[4] sys_get_time[0m
[90m[TRACE] kernel:pid[4] sys_get_time[0m
[90m[TRACE] kernel:pid[4] sys_get_time[0m
[90m[TRACE] kernel:pid[4] sys_get_time[0m
[90m[TRACE] kernel:pid[4] sys_get_time[0m
[90m[TRACE] kernel:pid[4] sys_get_time[0m
[90m[TRACE] kernel:pid[4] sys_get_time[0m
[90m[TRACE] kernel:pid[4] sys_get_time[0m
[90m[TRACE] kernel:pid[4] sys_get_time[0m
[90m[TRACE] kernel:pid[4] sys_get_time[0m
[90m[TRACE] kernel:pid[4] sys_get_time[0m
[90m[TRACE] kernel:pid[4] sys_get_time[0m
[90m[TRACE] kernel:pid[4] sys_get_time[0m
[90m[TRACE] kernel:pid[4] sys_get_time[0m
[90m[TRACE] kernel:pid[4] sys_get_time[0m
[90m[TRACE] kernel:pid[4] sys_get_time[0m
[90m[TRACE] kernel:pid[4] sys_get_time[0m
[90m[TRACE] kernel:pid[4] sys_get_time[0m
[90m[TRACE] kernel:pid[4] sys_get_time[0m
[90m[TRACE] kernel:pid[4] sys_get_time[0m
[90m[TRACE] kernel:pid[4] sys_get_time[0m
[90m[TRACE] kernel:pid[4] sys_get_time[0m
[90m[TRACE] kernel:pid[4] sys_get_time[0m
[90m[TRACE] kernel:pid[4] sys_get_time[0m
[90m[TRACE] kernel:pid[4] sys_get_time[0m
[90m[TRACE] kernel:pid[4] sys_get_time[0m
[90m[TRACE] kernel:pid[4] sys_get_time[0m
[90m[TRACE] kernel:pid[4] sys_get_time[0m
[90m[TRACE] kernel:pid[4] sys_get_time[0m
[90m[TRACE] kernel:pid[4] sys_get_time[0m
[90m[TRACE] kernel:pid[4] sys_get_time[0m
[90m[TRACE] kernel:pid[4] sys_get_time[0m
[90m[TRACE] kernel:pid[4] sys_get_time[0m
[90m[TRACE] kernel:pid[4] sys_get_time[0m
[90m[TRACE] kernel:pid[4] sys_get_time[0m
[90m[TRACE] kernel:pid[4] sys_get_time[0m
[90m[TRACE] kernel:pid[4] sys_get_time[0m
[90m[TRACE] kernel:pid[4] sys_get_time[0m
[90m[TRACE] kernel:pid[4] sys_get_time[0m
[90m[TRACE] kernel:pid[4] sys_get_time[0m
[90m[TRACE] kernel:pid[4] sys_get_time[0m
[90m[TRACE] kernel:pid[4] sys_get_time[0m
[90m[TRACE] kernel:pid[4] sys_get_time[0m
[90m[TRACE] kernel:pid[4] sys_get_time[0m
[90m[TRACE] kernel:pid[4] sys_get_time[0m
[90m[TRACE] kernel:pid[4] sys_get_time[0m
[90m[TRACE] kernel:pid[4] sys_get_time[0m
[90m[TRACE] kernel:pid[4] sys_get_time[0m
[90m[TRACE] kernel:pid[4] sys_get_time[0m
[90m[TRACE] kernel:pid[4] sys_get_time[0m
[90m[TRACE] kernel:pid[4] sys_get_time[0m
[90m[TRACE] kernel:pid[4] sys_get_time[0m
[90m[TRACE] kernel:pid[4] sys_get_time[0m
[90m[TRACE] kernel:pid[4] sys_get_time[0m
[90m[TRACE] kernel:pid[4] sys_get_time[0m
[90m[TRACE] kernel:pid[4] sys_get_time[0m
[90m[TRACE] kernel:pid[4] sys_get_time[0m
[90m[TRACE] kernel:pid[4] sys_get_time[0m
[90m[TRACE] kernel:pid[4] sys_get_time[0m
[90m[TRACE] kernel:pid[4] sys_get_time[0m
[90m[TRACE] kernel:pid[4] sys_get_time[0m
[90m[TRACE] kernel:pid[4] sys_get_time[0m
[90m[TRACE] kernel:pid[4] sys_get_time[0m
[90m[TRACE] kernel:pid[4] sys_get_time[0m
[90m[TRACE] kernel:pid[4] sys_get_time[0m
[90m[TRACE] kernel:pid[4] sys_get_time[0m
[90m[TRACE] kernel:pid[4] sys_get_time[0m
[90m[TRACE] kernel:pid[4] sys_get_time[0m
[90m[TRACE] kernel:pid[4] sys_get_time[0m
[90m[TRACE] kernel:pid[4] sys_get_time[0m
[90m[TRACE] kernel:pid[4] sys_get_time[0m
[90m[TRACE] kernel:pid[4] sys_get_time[0m
[90m[TRACE] kernel:pid[4] sys_get_time[0m
[90m[TRACE] kernel:pid[4] sys_get_time[0m
[90m[TRACE] kernel:pid[4] sys_get_time[0m
[90m[TRACE] kernel:pid[4] sys_get_time[0m
[90m[TRACE] kernel:pid[4] sys_get_time[0m
[90m[TRACE] kernel:pid[4] sys_get_time[0m
[90m[TRACE] kernel:pid[4] sys_get_time[0m
[90m[TRACE] kernel:pid[4] sys_get_time[0m
[90m[TRACE] kernel:pid[4] sys_get_time[0m
[90m[TRACE] kernel:pid[4] sys_get_time[0m
[90m[TRACE] kernel:pid[4] sys_get_time[0m
[90m[TRACE] kernel:pid[4] sys_get_time[0m
[90m[TRACE] kernel:pid[4] sys_get_time[0m
[90m[TRACE] kernel:pid[4] sys_get_time[0m
[90m[TRACE] kernel:pid[4] sys_get_time[0m
[90m[TRACE] kernel:pid[4] sys_get_time[0m
[90m[TRACE] kernel:pid[4] sys_get_time[0m
[90m[TRACE] kernel:pid[4] sys_get_time[0m
[90m[TRACE] kernel:pid[4] sys_get_time[0m
[90m[TRACE] kernel:pid[4] sys_get_time[0m
[90m[TRACE] kernel:pid[4] sys_get_time[0m
[90m[TRACE] kernel:pid[4] sys_get_time[0m
[90m[TRACE] kernel:pid[4] sys_get_time[0m
[90m[TRACE] kernel:pid[4] sys_get_time[0m
[90m[TRACE] kernel:pid[4] sys_get_time[0m
[90m[TRACE] kernel:pid[4] sys_get_time[0m
[90m[TRACE] kernel:pid[4] sys_get_time[0m
[90m[TRACE] kernel:pid[4] sys_get_time[0m
[90m[TRACE] kernel:pid[4] sys_get_time[0m
[90m[TRACE] kernel:pid[4] sys_get_time[0m
[90m[TRACE] kernel:pid[4] sys_get_time[0m
[90m[TRACE] kernel:pid[4] sys_get_time[0m
[90m[TRACE] kernel:pid[4] sys_get_time[0m
[90m[TRACE] kernel:pid[4] sys_get_time[0m
[90m[TRACE] kernel:pid[4] sys_get_time[0m
[90m[TRACE] kernel:pid[4] sys_get_time[0m
[90m[TRACE] kernel:pid[4] sys_get_time[0m
[90m[TRACE] kernel:pid[4] sys_get_time[0m
[90m[TRACE] kernel:pid[4] sys_get_time[0m
[90m[TRACE] kernel:pid[4] sys_get_time[0m
[90m[TRACE] kernel:pid[4] sys_get_time[0m
[90m[TRACE] kernel:pid[4] sys_get_time[0m
[90m[TRACE] kernel:pid[4] sys_get_time[0m
[90m[TRACE] kernel:pid[4] sys_get_time[0m
[90m[TRACE] kernel:pid[4] sys_get_time[0m
[90m[TRACE] kernel:pid[4] sys_get_time[0m
[90m[TRACE] kernel:pid[4] sys_get_time[0m
[90m[TRACE] kernel:pid[4] sys_get_time[0m
[90m[TRACE] kernel:pid[4] sys_get_time[0m
[90m[TRACE] kernel:pid[4] sys_get_time[0m
[90m[TRACE] kernel:pid[4] sys_get_time[0m
[90m[TRACE] kernel:pid[4] sys_get_time[0m
[90m[TRACE] kernel:pid[4] sys_get_time[0m
[90m[TRACE] kernel:pid[4] sys_get_time[0m
[90m[TRACE] kernel:pid[4] sys_get_time[0m
[90m[TRACE] kernel:pid[4] sys_get_time[0m
[90m[TRACE] kernel:pid[4] sys_get_time[0m
[90m[TRACE] kernel:pid[4] sys_get_time[0m
[90m[TRACE] kernel:pid[4] sys_get_time[0m
[90m[TRACE] kernel:pid[4] sys_get_time[0m
[90m[TRACE] kernel:pid[4] sys_get_time[0m
[90m[TRACE] kernel:pid[4] sys_get_time[0m
[90m[TRACE] kernel:pid[4] sys_get_time[0m
[90m[TRACE] kernel:pid[4] sys_get_time[0m
[90m[TRACE] kernel:pid[4] sys_get_time[0m
[90m[TRACE] kernel:pid[4] sys_get_time[0m
[90m[TRACE] kernel:pid[4] sys_get_time[0m
[90m[TRACE] kernel:pid[4] sys_get_time[0m
[90m[TRACE] kernel:pid[4] sys_get_time[0m
[90m[TRACE] kernel:pid[4] sys_get_time[0m
[90m[TRACE] kernel:pid[4] sys_get_time[0m
[90m[TRACE] kernel:pid[4] sys_get_time[0m
[90m[TRACE] kernel:pid[4] sys_get_time[0m
[90m[TRACE] kernel:pid[4] sys_get_time[0m
[90m[TRACE] kernel:pid[4] sys_get_time[0m
[90m[TRACE] kernel:pid[4] sys_get_time[0m
[90m[TRACE] kernel:pid[4] sys_get_time[0m
[90m[TRACE] kernel:pid[4] sys_get_time[0m
[90m[TRACE] kernel:pid[4] sys_get_time[0m
[90m[TRACE] kernel:pid[4] sys_get_time[0m
[90m[TRACE] kernel:pid[4] sys_get_time[0m
[90m[TRACE] kernel:pid[4] sys_get_time[0m
[90m[TRACE] kernel:pid[4] sys_get_time[0m
[90m[TRACE] kernel:pid[4] sys_get_time[0m
[90m[TRACE] kernel:pid[4] sys_get_time[0m
[90m[TRACE] kernel:pid[4] sys_get_time[0m
[90m[TRACE] kernel:pid[4] sys_get_time[0m
[90m[TRACE] kernel:pid[4] sys_get_time[0m
[90m[TRACE] kernel:pid[4] sys_get_time[0m
[90m[TRACE] kernel:pid[4] sys_get_time[0m
[90m[TRACE] kernel:pid[4] sys_get_time[0m
[90m[TRACE] kernel:pid[4] sys_get_time[0m
[90m[TRACE] kernel:pid[4] sys_get_time[0m
[90m[TRACE] kernel:pid[4] sys_get_time[0m
[90m[TRACE] kernel:pid[4] sys_get_time[0m
[90m[TRACE] kernel:pid[4] sys_get_time[0m
[90m[TRACE] kernel:pid[4] sys_get_time[0m
[90m[TRACE] kernel:pid[4] sys_get_time[0m
[90m[TRACE] kernel:pid[4] sys_get_time[0m
[90m[TRACE] kernel:pid[4] sys_get_time[0m
[90m[TRACE] kernel:pid[4] sys_get_time[0m
[90m[TRACE] kernel:pid[4] sys_get_time[0m
[90m[TRACE] kernel:pid[4] sys_get_time[0m
[90m[TRACE] kernel:pid[4] sys_get_time[0m
[90m[TRACE] kernel:pid[4] sys_get_time[0m
[90m[TRACE] kernel:pid[4] sys_get_time[0m
[90m[TRACE] kernel:pid[4] sys_get_time[0m
[90m[TRACE] kernel:pid[4] sys_get_time[0m
[90m[TRACE] kernel:pid[4] sys_get_time[0m
[90m[TRACE] kernel:pid[4] sys_get_time[0m
[90m[TRACE] kernel:pid[4] sys_get_time[0m
[90m[TRACE] kernel:pid[4] sys_get_time[0m
[90m[TRACE] kernel:pid[4] sys_get_time[0m
[90m[TRACE] kernel:pid[4] sys_get_time[0m
[90m[TRACE] kernel:pid[4] sys_get_time[0m
[90m[TRACE] kernel:pid[4] sys_get_time[0m
[90m[TRACE] kernel:pid[4] sys_get_time[0m
[90m[TRACE] kernel:pid[4] sys_get_time[0m
[90m[TRACE] kernel:pid[4] sys_get_time[0m
[90m[TRACE] kernel:pid[4] sys_get_time[0m
[90m[TRACE] kernel:pid[4] sys_get_time[0m
[90m[TRACE] kernel:pid[4] sys_get_time[0m
[90m[TRACE] kernel:pid[4] sys_get_time[0m
[90m[TRACE] kernel:pid[4] sys_get_time[0m
[90m[TRACE] kernel:pid[4] sys_get_time[0m
[90m[TRACE] kernel:pid[4] sys_get_time[0m
[90m[TRACE] kernel:pid[4] sys_get_time[0m
[90m[TRACE] kernel:pid[4] sys_get_time[0m
[90m[TRACE] kernel:pid[4] sys_get_time[0m
[90m[TRACE] kernel:pid[4] sys_get_time[0m
[90m[TRACE] kernel:pid[4] sys_get_time[0m
[90m[TRACE] kernel:pid[4] sys_get_time[0m
[90m[TRACE] kernel:pid[4] sys_get_time[0m
[90m[TRACE] kernel:pid[4] sys_get_time[0m
[90m[TRACE] kernel:pid[4] sys_get_time[0m
[90m[TRACE] kernel:pid[4] sys_get_time[0m
[90m[TRACE] kernel:pid[4] sys_get_time[0m
[90m[TRACE] kernel:pid[4] sys_get_time[0m
[90m[TRACE] kernel:pid[4] sys_get_time[0m
[90m[TRACE] kernel:pid[4] sys_get_time[0m
[90m[TRACE] kernel:pid[4] sys_get_time[0m
[90m[TRACE] kernel:pid[4] sys_get_time[0m
[90m[TRACE] kernel:pid[4] sys_get_time[0m
[90m[TRACE] kernel:pid[4] sys_get_time[0m
[90m[TRACE] kernel:pid[4] sys_get_time[0m
[90m[TRACE] kernel:pid[4] sys_get_time[0m
[90m[TRACE] kernel:pid[4] sys_get_time[0m
[90m[TRACE] kernel:pid[4] sys_get_time[0m
[90m[TRACE] kernel:pid[4] sys_get_time[0m
[90m[TRACE] kernel:pid[4] sys_get_time[0m
[90m[TRACE] kernel:pid[4] sys_get_time[0m
[90m[TRACE] kernel:pid[4] sys_get_time[0m
[90m[TRACE] kernel:pid[4] sys_get_time[0m
[90m[TRACE] kernel:pid[4] sys_get_time[0m
[90m[TRACE] kernel:pid[4] sys_get_time[0m
[90m[TRACE] kernel:pid[4] sys_get_time[0m
[90m[TRACE] kernel:pid[4] sys_get_time[0m
[90m[TRACE] kernel:pid[4] sys_get_time[0m
[90m[TRACE] kernel:pid[4] sys_get_time[0m
[90m[TRACE] kernel:pid[4] sys_get_time[0m
[90m[TRACE] kernel:pid[4] sys_get_time[0m
[90m[TRACE] kernel:pid[4] sys_get_time[0m
[90m[TRACE] kernel:pid[4] sys_get_time[0m
[90m[TRACE] kernel:pid[4] sys_get_time[0m
[90m[TRACE] kernel:pid[4] sys_get_time[0m
[90m[TRACE] kernel:pid[4] sys_get_time[0m
[90m[TRACE] kernel:pid[4] sys_get_time[0m
[90m[TRACE] kernel:pid[4] sys_get_time[0m
[90m[TRACE] kernel:pid[4] sys_get_time[0m
[90m[TRACE] kernel:pid[4] sys_get_time[0m
[90m[TRACE] kernel:pid[4] sys_get_time[0m
[90m[TRACE] kernel:pid[4] sys_get_time[0m
[90m[TRACE] kernel:pid[4] sys_get_time[0m
[90m[TRACE] kernel:pid[4] sys_get_time[0m
[90m[TRACE] kernel:pid[4] sys_get_time[0m
[90m[TRACE] kernel:pid[4] sys_get_time[0m
[90m[TRACE] kernel:pid[4] sys_get_time[0m
[90m[TRACE] kernel:pid[4] sys_get_time[0m
[90m[TRACE] kernel:pid[4] sys_get_time[0m
[90m[TRACE] kernel:pid[4] sys_get_time[0m
[90m[TRACE] kernel:pid[4] sys_get_time[0m
[90m[TRACE] kernel:pid[4] sys_get_time[0m
[90m[TRACE] kernel:pid[4] sys_get_time[0m
[90m[TRACE] kernel:pid[4] sys_get_time[0m
[90m[TRACE] kernel:pid[4] sys_get_time[0m
[90m[TRACE] kernel:pid[4] sys_get_time[0m
[90m[TRACE] kernel:pid[4] sys_get_time[0m
[90m[TRACE] kernel:pid[4] sys_get_time[0m
[90m[TRACE] kernel:pid[4] sys_get_time[0m
[90m[TRACE] kernel:pid[4] sys_get_time[0m
[90m[TRACE] kernel:pid[4] sys_get_time[0m
[90m[TRACE] kernel:pid[4] sys_get_time[0m
[90m[TRACE] kernel:pid[4] sys_get_time[0m
[90m[TRACE] kernel:pid[4] sys_get_time[0m
[90m[TRACE] kernel:pid[4] sys_get_time[0m
[90m[TRACE] kernel:pid[4] sys_get_time[0m
[90m[TRACE] kernel:pid[4] sys_get_time[0m
[90m[TRACE] kernel:pid[4] sys_get_time[0m
[90m[TRACE] kernel:pid[4] sys_get_time[0m
[90m[TRACE] kernel:pid[4] sys_get_time[0m
[90m[TRACE] kernel:pid[4] sys_get_time[0m
[90m[TRACE] kernel:pid[4] sys_get_time[0m
[90m[TRACE] kernel:pid[4] sys_get_time[0m
[90m[TRACE] kernel:pid[4] sys_get_time[0m
[90m[TRACE] kernel:pid[4] sys_get_time[0m
[90m[TRACE] kernel:pid[4] sys_get_time[0m
[90m[TRACE] kernel:pid[4] sys_get_time[0m
[90m[TRACE] kernel:pid[4] sys_get_time[0m
[90m[TRACE] kernel:pid[4] sys_get_time[0m
[90m[TRACE] kernel:pid[4] sys_get_time[0m
[90m[TRACE] kernel:pid[4] sys_get_time[0m
[90m[TRACE] kernel:pid[4] sys_get_time[0m
[90m[TRACE] kernel:pid[4] sys_get_time[0m
[90m[TRACE] kernel:pid[4] sys_get_time[0m
[90m[TRACE] kernel:pid[4] sys_get_time[0m
[90m[TRACE] kernel:pid[4] sys_get_time[0m
[90m[TRACE] kernel:pid[4] sys_get_time[0m
[90m[TRACE] kernel:pid[4] sys_get_time[0m
[90m[TRACE] kernel:pid[4] sys_get_time[0m
[90m[TRACE] kernel:pid[4] sys_get_time[0m
[90m[TRACE] kernel:pid[4] sys_get_time[0m
[90m[TRACE] kernel:pid[4] sys_get_time[0m
[90m[TRACE] kernel:pid[4] sys_get_time[0m
[90m[TRACE] kernel:pid[4] sys_get_time[0m
[90m[TRACE] kernel:pid[4] sys_get_time[0m
[90m[TRACE] kernel:pid[4] sys_get_time[0m
[90m[TRACE] kernel:pid[4] sys_get_time[0m
[90m[TRACE] kernel:pid[4] sys_get_time[0m
[90m[TRACE] kernel:pid[4] sys_get_time[0m
[90m[TRACE] kernel:pid[4] sys_get_time[0m
[90m[TRACE] kernel:pid[4] sys_get_time[0m
[90m[TRACE] kernel:pid[4] sys_get_time[0m
[90m[TRACE] kernel:pid[4] sys_get_time[0m
[90m[TRACE] kernel:pid[4] sys_get_time[0m
[90m[TRACE] kernel:pid[4] sys_get_time[0m
[90m[TRACE] kernel:pid[4] sys_get_time[0m
[90m[TRACE] kernel:pid[4] sys_get_time[0m
[90m[TRACE] kernel:pid[4] sys_get_time[0m
[90m[TRACE] kernel:pid[4] sys_get_time[0m
[90m[TRACE] kernel:pid[4] sys_get_time[0m
[90m[TRACE] kernel:pid[4] sys_get_time[0m
[90m[TRACE] kernel:pid[4] sys_get_time[0m
[90m[TRACE] kernel:pid[4] sys_get_time[0m
[90m[TRACE] kernel:pid[4] sys_get_time[0m
[90m[TRACE] kernel:pid[4] sys_get_time[0m
[90m[TRACE] kernel:pid[4] sys_get_time[0m
[90m[TRACE] kernel:pid[4] sys_get_time[0m
[90m[TRACE] kernel:pid[4] sys_get_time[0m
[90m[TRACE] kernel:pid[4] sys_get_time[0m
[90m[TRACE] kernel:pid[4] sys_get_time[0m
[90m[TRACE] kernel:pid[4] sys_get_time[0m
[90m[TRACE] kernel:pid[4] sys_get_time[0m
[90m[TRACE] kernel:pid[4] sys_get_time[0m
[90m[TRACE] kernel:pid[4] sys_get_time[0m
[90m[TRACE] kernel:pid[4] sys_get_time[0m
[90m[TRACE] kernel:pid[4] sys_get_time[0m
[90m[TRACE] kernel:pid[4] sys_get_time[0m
[90m[TRACE] kernel:pid[4] sys_get_time[0m
[90m[TRACE] kernel:pid[4] sys_get_time[0m
[90m[TRACE] kernel:pid[4] sys_get_time[0m
[90m[TRACE] kernel:pid[4] sys_get_time[0m
[90m[TRACE] kernel:pid[4] sys_get_time[0m
[90m[TRACE] kernel:pid[4] sys_get_time[0m
[90m[TRACE] kernel:pid[4] sys_get_time[0m
[90m[TRACE] kernel:pid[4] sys_get_time[0m
[90m[TRACE] kernel:pid[4] sys_get_time[0m
[90m[TRACE] kernel:pid[4] sys_get_time[0m
[90m[TRACE] kernel:pid[4] sys_get_time[0m
[90m[TRACE] kernel:pid[4] sys_get_time[0m
[90m[TRACE] kernel:pid[4] sys_get_time[0m
[90m[TRACE] kernel:pid[4] sys_get_time[0m
[90m[TRACE] kernel:pid[4] sys_get_time[0m
[90m[TRACE] kernel:pid[4] sys_get_time[0m
[90m[TRACE] kernel:pid[4] sys_get_time[0m
[90m[TRACE] kernel:pid[4] sys_get_time[0m
[90m[TRACE] kernel:pid[4] sys_get_time[0m
[90m[TRACE] kernel:pid[4] sys_get_time[0m
[90m[TRACE] kernel:pid[4] sys_get_time[0m
[90m[TRACE] kernel:pid[4] sys_get_time[0m
[90m[TRACE] kernel:pid[4] sys_get_time[0m
[90m[TRACE] kernel:pid[4] sys_get_time[0m
[90m[TRACE] kernel:pid[4] sys_get_time[0m
[90m[TRACE] kernel:pid[4] sys_get_time[0m
[90m[TRACE] kernel:pid[4] sys_get_time[0m
[90m[TRACE] kernel:pid[4] sys_get_time[0m
[90m[TRACE] kernel:pid[4] sys_get_time[0m
[90m[TRACE] kernel:pid[4] sys_get_time[0m
[90m[TRACE] kernel:pid[4] sys_get_time[0m
[90m[TRACE] kernel:pid[4] sys_get_time[0m
[90m[TRACE] kernel:pid[4] sys_get_time[0m
[90m[TRACE] kernel:pid[4] sys_get_time[0m
[90m[TRACE] kernel:pid[4] sys_get_time[0m
[90m[TRACE] kernel:pid[4] sys_get_time[0m
[90m[TRACE] kernel:pid[4] sys_get_time[0m
[90m[TRACE] kernel:pid[4] sys_get_time[0m
[90m[TRACE] kernel:pid[4] sys_get_time[0m
[90m[TRACE] kernel:pid[4] sys_get_time[0m
[90m[TRACE] kernel:pid[4] sys_get_time[0m
[90m[TRACE] kernel:pid[4] sys_get_time[0m
[90m[TRACE] kernel:pid[4] sys_get_time[0m
[90m[TRACE] kernel:pid[4] sys_get_time[0m
[90m[TRACE] kernel:pid[4] sys_get_time[0m
[90m[TRACE] kernel:pid[4] sys_get_time[0m
[90m[TRACE] kernel:pid[4] sys_get_time[0m
[90m[TRACE] kernel:pid[4] sys_get_time[0m
[90m[TRACE] kernel:pid[4] sys_get_time[0m
[90m[TRACE] kernel:pid[4] sys_get_time[0m
[90m[TRACE] kernel:pid[4] sys_get_time[0m
[90m[TRACE] kernel:pid[4] sys_get_time[0m
[90m[TRACE] kernel:pid[4] sys_get_time[0m
[90m[TRACE] kernel:pid[4] sys_get_time[0m
[90m[TRACE] kernel:pid[4] sys_get_time[0m
[90m[TRACE] kernel:pid[4] sys_get_time[0m
[90m[TRACE] kernel:pid[4] sys_get_time[0m
[90m[TRACE] kernel:pid[4] sys_get_time[0m
[90m[TRACE] kernel:pid[4] sys_get_time[0m
[90m[TRACE] kernel:pid[4] sys_get_time[0m
[90m[TRACE] kernel:pid[4] sys_get_time[0m
[90m[TRACE] kernel:pid[4] sys_get_time[0m
[90m[TRACE] kernel:pid[4] sys_get_time[0m
[90m[TRACE] kernel:pid[4] sys_get_time[0m
[90m[TRACE] kernel:pid[4] sys_get_time[0m
[90m[TRACE] kernel:pid[4] sys_get_time[0m
[90m[TRACE] kernel:pid[4] sys_get_time[0m
[90m[TRACE] kernel:pid[4] sys_get_time[0m
[90m[TRACE] kernel:pid[4] sys_get_time[0m
[90m[TRACE] kernel:pid[4] sys_get_time[0m
[90m[TRACE] kernel:pid[4] sys_get_time[0m
[90m[TRACE] kernel:pid[4] sys_get_time[0m
[90m[TRACE] kernel:pid[4] sys_get_time[0m
[90m[TRACE] kernel:pid[4] sys_get_time[0m
[90m[TRACE] kernel:pid[4] sys_get_time[0m
[90m[TRACE] kernel:pid[4] sys_get_time[0m
[90m[TRACE] kernel:pid[4] sys_get_time[0m
[90m[TRACE] kernel:pid[4] sys_get_time[0m
[90m[TRACE] kernel:pid[4] sys_get_time[0m
[90m[TRACE] kernel:pid[4] sys_get_time[0m
[90m[TRACE] kernel:pid[4] sys_get_time[0m
[90m[TRACE] kernel:pid[4] sys_get_time[0m
[90m[TRACE] kernel:pid[4] sys_get_time[0m
[90m[TRACE] kernel:pid[4] sys_get_time[0m
[90m[TRACE] kernel:pid[4] sys_get_time[0m
[90m[TRACE] kernel:pid[4] sys_get_time[0m
[90m[TRACE] kernel:pid[4] sys_get_time[0m
[90m[TRACE] kernel:pid[4] sys_get_time[0m
[90m[TRACE] kernel:pid[4] sys_get_time[0m
[90m[TRACE] kernel:pid[4] sys_get_time[0m
[90m[TRACE] kernel:pid[4] sys_get_time[0m
[90m[TRACE] kernel:pid[4] sys_get_time[0m
[90m[TRACE] kernel:pid[4] sys_get_time[0m
[90m[TRACE] kernel:pid[4] sys_get_time[0m
[90m[TRACE] kernel:pid[4] sys_get_time[0m
[90m[TRACE] kernel:pid[4] sys_get_time[0m
[90m[TRACE] kernel:pid[4] sys_get_time[0m
[90m[TRACE] kernel:pid[4] sys_get_time[0m
[90m[TRACE] kernel:pid[4] sys_get_time[0m
[90m[TRACE] kernel:pid[4] sys_get_time[0m
[90m[TRACE] kernel:pid[4] sys_get_time[0m
[90m[TRACE] kernel:pid[4] sys_get_time[0m
[90m[TRACE] kernel:pid[4] sys_get_time[0m
[90m[TRACE] kernel:pid[4] sys_get_time[0m
[90m[TRACE] kernel:pid[4] sys_get_time[0m
[90m[TRACE] kernel:pid[4] sys_get_time[0m
[90m[TRACE] kernel:pid[4] sys_get_time[0m
[90m[TRACE] kernel:pid[4] sys_get_time[0m
[90m[TRACE] kernel:pid[4] sys_get_time[0m
[90m[TRACE] kernel:pid[4] sys_get_time[0m
[90m[TRACE] kernel:pid[4] sys_get_time[0m
[90m[TRACE] kernel:pid[4] sys_get_time[0m
[90m[TRACE] kernel:pid[4] sys_get_time[0m
[90m[TRACE] kernel:pid[4] sys_get_time[0m
[90m[TRACE] kernel:pid[4] sys_get_time[0m
[90m[TRACE] kernel:pid[4] sys_get_time[0m
[90m[TRACE] kernel:pid[4] sys_get_time[0m
[90m[TRACE] kernel:pid[4] sys_get_time[0m
[90m[TRACE] kernel:pid[4] sys_get_time[0m
[90m[TRACE] kernel:pid[4] sys_get_time[0m
[90m[TRACE] kernel:pid[4] sys_get_time[0m
[90m[TRACE] kernel:pid[4] sys_get_time[0m
[90m[TRACE] kernel:pid[4] sys_get_time[0m
[90m[TRACE] kernel:pid[4] sys_get_time[0m
[90m[TRACE] kernel:pid[4] sys_get_time[0m
[90m[TRACE] kernel:pid[4] sys_get_time[0m
[90m[TRACE] kernel:pid[4] sys_get_time[0m
[90m[TRACE] kernel:pid[4] sys_get_time[0m
[90m[TRACE] kernel:pid[4] sys_get_time[0m
[90m[TRACE] kernel:pid[4] sys_get_time[0m
[90m[TRACE] kernel:pid[4] sys_get_time[0m
[90m[TRACE] kernel:pid[4] sys_get_time[0m
[90m[TRACE] kernel:pid[4] sys_get_time[0m
[90m[TRACE] kernel:pid[4] sys_get_time[0m
[90m[TRACE] kernel:pid[4] sys_get_time[0m
[90m[TRACE] kernel:pid[4] sys_get_time[0m
[90m[TRACE] kernel:pid[4] sys_get_time[0m
[90m[TRACE] kernel:pid[4] sys_get_time[0m
[90m[TRACE] kernel:pid[4] sys_get_time[0m
[90m[TRACE] kernel:pid[4] sys_get_time[0m
[90m[TRACE] kernel:pid[4] sys_get_time[0m
[90m[TRACE] kernel:pid[4] sys_get_time[0m
[90m[TRACE] kernel:pid[4] sys_get_time[0m
[90m[TRACE] kernel:pid[4] sys_get_time[0m
[90m[TRACE] kernel:pid[4] sys_get_time[0m
[90m[TRACE] kernel:pid[4] sys_get_time[0m
[90m[TRACE] kernel:pid[4] sys_get_time[0m
[90m[TRACE] kernel:pid[4] sys_get_time[0m
[90m[TRACE] kernel:pid[4] sys_get_time[0m
[90m[TRACE] kernel:pid[4] sys_get_time[0m
[90m[TRACE] kernel:pid[4] sys_get_time[0m
[90m[TRACE] kernel:pid[4] sys_get_time[0m
[90m[TRACE] kernel:pid[4] sys_get_time[0m
[90m[TRACE] kernel:pid[4] sys_get_time[0m
[90m[TRACE] kernel:pid[4] sys_get_time[0m
[90m[TRACE] kernel:pid[4] sys_get_time[0m
[90m[TRACE] kernel:pid[4] sys_get_time[0m
[90m[TRACE] kernel:pid[4] sys_get_time[0m
[90m[TRACE] kernel:pid[4] sys_get_time[0m
[90m[TRACE] kernel:pid[4] sys_get_time[0m
[90m[TRACE] kernel:pid[4] sys_get_time[0m
[90m[TRACE] kernel:pid[4] sys_get_time[0m
[90m[TRACE] kernel:pid[4] sys_get_time[0m
[90m[TRACE] kernel:pid[4] sys_get_time[0m
[90m[TRACE] kernel:pid[4] sys_get_time[0m
[90m[TRACE] kernel:pid[4] sys_get_time[0m
[90m[TRACE] kernel:pid[4] sys_get_time[0m
[90m[TRACE] kernel:pid[4] sys_get_time[0m
[90m[TRACE] kernel:pid[4] sys_get_time[0m
[90m[TRACE] kernel:pid[4] sys_get_time[0m
[90m[TRACE] kernel:pid[4] sys_get_time[0m
[90m[TRACE] kernel:pid[4] sys_get_time[0m
[90m[TRACE] kernel:pid[4] sys_get_time[0m
[90m[TRACE] kernel:pid[4] sys_get_time[0m
[90m[TRACE] kernel:pid[4] sys_get_time[0m
[90m[TRACE] kernel:pid[4] sys_get_time[0m
[90m[TRACE] kernel:pid[4] sys_get_time[0m
[90m[TRACE] kernel:pid[4] sys_get_time[0m
[90m[TRACE] kernel:pid[4] sys_get_time[0m
[90m[TRACE] kernel:pid[4] sys_get_time[0m
[90m[TRACE] kernel:pid[4] sys_get_time[0m
[90m[TRACE] kernel:pid[4] sys_get_time[0m
[90m[TRACE] kernel:pid[4] sys_get_time[0m
[90m[TRACE] kernel:pid[4] sys_get_time[0m
[90m[TRACE] kernel:pid[4] sys_get_time[0m
[90m[TRACE] kernel:pid[4] sys_get_time[0m
[90m[TRACE] kernel:pid[4] sys_get_time[0m
[90m[TRACE] kernel:pid[4] sys_get_time[0m
[90m[TRACE] kernel:pid[4] sys_get_time[0m
[90m[TRACE] kernel:pid[4] sys_get_time[0m
[90m[TRACE] kernel:pid[4] sys_get_time[0m
[90m[TRACE] kernel:pid[4] sys_get_time[0m
[90m[TRACE] kernel:pid[4] sys_get_time[0m
[90m[TRACE] kernel:pid[4] sys_get_time[0m
[90m[TRACE] kernel:pid[4] sys_get_time[0m
[90m[TRACE] kernel:pid[4] sys_get_time[0m
[90m[TRACE] kernel:pid[4] sys_get_time[0m
[90m[TRACE] kernel:pid[4] sys_get_time[0m
[90m[TRACE] kernel:pid[4] sys_get_time[0m
[90m[TRACE] kernel:pid[4] sys_get_time[0m
[90m[TRACE] kernel:pid[4] sys_get_time[0m
[90m[TRACE] kernel:pid[4] sys_get_time[0m
[90m[TRACE] kernel:pid[4] sys_get_time[0m
[90m[TRACE] kernel:pid[4] sys_get_time[0m
[90m[TRACE] kernel:pid[4] sys_get_time[0m
[90m[TRACE] kernel:pid[4] sys_get_time[0m
[90m[TRACE] kernel:pid[4] sys_get_time[0m
[90m[TRACE] kernel:pid[4] sys_get_time[0m
[90m[TRACE] kernel:pid[4] sys_get_time[0m
[90m[TRACE] kernel:pid[4] sys_get_time[0m
[90m[TRACE] kernel:pid[4] sys_get_time[0m
[90m[TRACE] kernel:pid[4] sys_get_time[0m
[90m[TRACE] kernel:pid[4] sys_get_time[0m
[90m[TRACE] kernel:pid[4] sys_get_time[0m
[90m[TRACE] kernel:pid[4] sys_get_time[0m
[90m[TRACE] kernel:pid[4] sys_get_time[0m
[90m[TRACE] kernel:pid[4] sys_get_time[0m
[90m[TRACE] kernel:pid[4] sys_get_time[0m
[90m[TRACE] kernel:pid[4] sys_get_time[0m
[90m[TRACE] kernel:pid[4] sys_get_time[0m
[90m[TRACE] kernel:pid[4] sys_get_time[0m
[90m[TRACE] kernel:pid[4] sys_get_time[0m
[90m[TRACE] kernel:pid[4] sys_get_time[0m
[90m[TRACE] kernel:pid[4] sys_get_time[0m
[90m[TRACE] kernel:pid[4] sys_get_time[0m
[90m[TRACE] kernel:pid[4] sys_get_time[0m
[90m[TRACE] kernel:pid[4] sys_get_time[0m
[90m[TRACE] kernel:pid[4] sys_get_time[0m
[90m[TRACE] kernel:pid[4] sys_get_time[0m
[90m[TRACE] kernel:pid[4] sys_get_time[0m
[90m[TRACE] kernel:pid[4] sys_get_time[0m
[90m[TRACE] kernel:pid[4] sys_get_time[0m
[90m[TRACE] kernel:pid[4] sys_get_time[0m
[90m[TRACE] kernel:pid[4] sys_get_time[0m
[90m[TRACE] kernel:pid[4] sys_get_time[0m
[90m[TRACE] kernel:pid[4] sys_get_time[0m
[90m[TRACE] kernel:pid[4] sys_get_time[0m
[90m[TRACE] kernel:pid[4] sys_get_time[0m
[90m[TRACE] kernel:pid[4] sys_get_time[0m
[90m[TRACE] kernel:pid[4] sys_get_time[0m
[90m[TRACE] kernel:pid[4] sys_get_time[0m
[90m[TRACE] kernel:pid[4] sys_get_time[0m
[90m[TRACE] kernel:pid[4] sys_get_time[0m
[90m[TRACE] kernel:pid[4] sys_get_time[0m
[90m[TRACE] kernel:pid[4] sys_get_time[0m
[90m[TRACE] kernel:pid[4] sys_get_time[0m
[90m[TRACE] kernel:pid[4] sys_get_time[0m
[90m[TRACE] kernel:pid[4] sys_get_time[0m
[90m[TRACE] kernel:pid[4] sys_get_time[0m
[90m[TRACE] kernel:pid[4] sys_get_time[0m
[90m[TRACE] kernel:pid[4] sys_get_time[0m
[90m[TRACE] kernel:pid[4] sys_get_time[0m
[90m[TRACE] kernel:pid[4] sys_get_time[0m
[90m[TRACE] kernel:pid[4] sys_get_time[0m
[90m[TRACE] kernel:pid[4] sys_get_time[0m
[90m[TRACE] kernel:pid[4] sys_get_time[0m
[90m[TRACE] kernel:pid[4] sys_get_time[0m
[90m[TRACE] kernel:pid[4] sys_get_time[0m
[90m[TRACE] kernel:pid[4] sys_get_time[0m
[90m[TRACE] kernel:pid[4] sys_get_time[0m
[90m[TRACE] kernel:pid[4] sys_get_time[0m
[90m[TRACE] kernel:pid[4] sys_get_time[0m
[90m[TRACE] kernel:pid[4] sys_get_time[0m
[90m[TRACE] kernel:pid[4] sys_get_time[0m
[90m[TRACE] kernel:pid[4] sys_get_time[0m
[90m[TRACE] kernel:pid[4] sys_get_time[0m
[90m[TRACE] kernel:pid[4] sys_get_time[0m
[90m[TRACE] kernel:pid[4] sys_get_time[0m
[90m[TRACE] kernel:pid[4] sys_get_time[0m
[90m[TRACE] kernel:pid[4] sys_get_time[0m
[90m[TRACE] kernel:pid[4] sys_get_time[0m
[90m[TRACE] kernel:pid[4] sys_get_time[0m
[90m[TRACE] kernel:pid[4] sys_get_time[0m
[90m[TRACE] kernel:pid[4] sys_get_time[0m
[90m[TRACE] kernel:pid[4] sys_get_time[0m
[90m[TRACE] kernel:pid[4] sys_get_time[0m
[90m[TRACE] kernel:pid[4] sys_get_time[0m
[90m[TRACE] kernel:pid[4] sys_get_time[0m
[90m[TRACE] kernel:pid[4] sys_get_time[0m
[90m[TRACE] kernel:pid[4] sys_get_time[0m
[90m[TRACE] kernel:pid[4] sys_get_time[0m
[90m[TRACE] kernel:pid[4] sys_get_time[0m
[90m[TRACE] kernel:pid[4] sys_get_time[0m
[90m[TRACE] kernel:pid[4] sys_get_time[0m
[90m[TRACE] kernel:pid[4] sys_get_time[0m
[90m[TRACE] kernel:pid[4] sys_get_time[0m
[90m[TRACE] kernel:pid[4] sys_get_time[0m
[90m[TRACE] kernel:pid[4] sys_get_time[0m
[90m[TRACE] kernel:pid[4] sys_get_time[0m
[90m[TRACE] kernel:pid[4] sys_get_time[0m
[90m[TRACE] kernel:pid[4] sys_get_time[0m
[90m[TRACE] kernel:pid[4] sys_get_time[0m
[90m[TRACE] kernel:pid[4] sys_get_time[0m
[90m[TRACE] kernel:pid[4] sys_get_time[0m
[90m[TRACE] kernel:pid[4] sys_get_time[0m
[90m[TRACE] kernel:pid[4] sys_get_time[0m
[90m[TRACE] kernel:pid[4] sys_get_time[0m
[90m[TRACE] kernel:pid[4] sys_get_time[0m
[90m[TRACE] kernel:pid[4] sys_get_time[0m
[90m[TRACE] kernel:pid[4] sys_get_time[0m
[90m[TRACE] kernel:pid[4] sys_get_time[0m
[90m[TRACE] kernel:pid[4] sys_get_time[0m
[90m[TRACE] kernel:pid[4] sys_get_time[0m
[90m[TRACE] kernel:pid[4] sys_get_time[0m
[90m[TRACE] kernel:pid[4] sys_get_time[0m
[90m[TRACE] kernel:pid[4] sys_get_time[0m
[90m[TRACE] kernel:pid[4] sys_get_time[0m
[90m[TRACE] kernel:pid[4] sys_get_time[0m
[90m[TRACE] kernel:pid[4] sys_get_time[0m
[90m[TRACE] kernel:pid[4] sys_get_time[0m
[90m[TRACE] kernel:pid[4] sys_get_time[0m
[90m[TRACE] kernel:pid[4] sys_get_time[0m
[90m[TRACE] kernel:pid[4] sys_get_time[0m
[90m[TRACE] kernel:pid[4] sys_get_time[0m
[90m[TRACE] kernel:pid[4] sys_get_time[0m
[90m[TRACE] kernel:pid[4] sys_get_time[0m
[90m[TRACE] kernel:pid[4] sys_get_time[0m
[90m[TRACE] kernel:pid[4] sys_get_time[0m
[90m[TRACE] kernel:pid[4] sys_get_time[0m
[90m[TRACE] kernel:pid[4] sys_get_time[0m
[90m[TRACE] kernel:pid[4] sys_get_time[0m
[90m[TRACE] kernel:pid[4] sys_get_time[0m
[90m[TRACE] kernel:pid[4] sys_get_time[0m
[90m[TRACE] kernel:pid[4] sys_get_time[0m
[90m[TRACE] kernel:pid[4] sys_get_time[0m
[90m[TRACE] kernel:pid[4] sys_get_time[0m
[90m[TRACE] kernel:pid[4] sys_get_time[0m
[90m[TRACE] kernel:pid[4] sys_get_time[0m
[90m[TRACE] kernel:pid[4] sys_get_time[0m
[90m[TRACE] kernel:pid[4] sys_get_time[0m
[90m[TRACE] kernel:pid[4] sys_get_time[0m
[90m[TRACE] kernel:pid[4] sys_get_time[0m
[90m[TRACE] kernel:pid[4] sys_get_time[0m
[90m[TRACE] kernel:pid[4] sys_get_time[0m
[90m[TRACE] kernel:pid[4] sys_get_time[0m
[90m[TRACE] kernel:pid[4] sys_get_time[0m
[90m[TRACE] kernel:pid[4] sys_get_time[0m
[90m[TRACE] kernel:pid[4] sys_get_time[0m
[90m[TRACE] kernel:pid[4] sys_get_time[0m
[90m[TRACE] kernel:pid[4] sys_get_time[0m
[90m[TRACE] kernel:pid[4] sys_get_time[0m
[90m[TRACE] kernel:pid[4] sys_get_time[0m
[90m[TRACE] kernel:pid[4] sys_get_time[0m
[90m[TRACE] kernel:pid[4] sys_get_time[0m
[90m[TRACE] kernel:pid[4] sys_get_time[0m
[90m[TRACE] kernel:pid[4] sys_get_time[0m
[90m[TRACE] kernel:pid[4] sys_get_time[0m
[90m[TRACE] kernel:pid[4] sys_get_time[0m
[90m[TRACE] kernel:pid[4] sys_get_time[0m
[90m[TRACE] kernel:pid[4] sys_get_time[0m
[90m[TRACE] kernel:pid[4] sys_get_time[0m
[90m[TRACE] kernel:pid[4] sys_get_time[0m
[90m[TRACE] kernel:pid[4] sys_get_time[0m
[90m[TRACE] kernel:pid[4] sys_get_time[0m
[90m[TRACE] kernel:pid[4] sys_get_time[0m
[90m[TRACE] kernel:pid[4] sys_get_time[0m
[90m[TRACE] kernel:pid[4] sys_get_time[0m
[90m[TRACE] kernel:pid[4] sys_get_time[0m
[90m[TRACE] kernel:pid[4] sys_get_time[0m
[90m[TRACE] kernel:pid[4] sys_get_time[0m
[90m[TRACE] kernel:pid[4] sys_get_time[0m
[90m[TRACE] kernel:pid[4] sys_get_time[0m
[90m[TRACE] kernel:pid[4] sys_get_time[0m
[90m[TRACE] kernel:pid[4] sys_get_time[0m
[90m[TRACE] kernel:pid[4] sys_get_time[0m
[90m[TRACE] kernel:pid[4] sys_get_time[0m
[90m[TRACE] kernel:pid[4] sys_get_time[0m
[90m[TRACE] kernel:pid[4] sys_get_time[0m
[90m[TRACE] kernel:pid[4] sys_get_time[0m
[90m[TRACE] kernel:pid[4] sys_get_time[0m
[90m[TRACE] kernel:pid[4] sys_get_time[0m
[90m[TRACE] kernel:pid[4] sys_get_time[0m
[90m[TRACE] kernel:pid[4] sys_get_time[0m
[90m[TRACE] kernel:pid[4] sys_get_time[0m
[90m[TRACE] kernel:pid[4] sys_get_time[0m
[90m[TRACE] kernel:pid[4] sys_get_time[0m
[90m[TRACE] kernel:pid[4] sys_get_time[0m
[90m[TRACE] kernel:pid[4] sys_get_time[0m
[90m[TRACE] kernel:pid[4] sys_get_time[0m
[90m[TRACE] kernel:pid[4] sys_get_time[0m
[90m[TRACE] kernel:pid[4] sys_get_time[0m
[90m[TRACE] kernel:pid[4] sys_get_time[0m
[90m[TRACE] kernel:pid[4] sys_get_time[0m
[90m[TRACE] kernel:pid[4] sys_get_time[0m
[90m[TRACE] kernel:pid[4] sys_get_time[0m
[90m[TRACE] kernel:pid[4] sys_get_time[0m
[90m[TRACE] kernel:pid[4] sys_get_time[0m
[90m[TRACE] kernel:pid[4] sys_get_time[0m
[90m[TRACE] kernel:pid[4] sys_get_time[0m
[90m[TRACE] kernel:pid[4] sys_get_time[0m
[90m[TRACE] kernel:pid[4] sys_get_time[0m
[90m[TRACE] kernel:pid[4] sys_get_time[0m
[90m[TRACE] kernel:pid[4] sys_get_time[0m
[90m[TRACE] kernel:pid[4] sys_get_time[0m
[90m[TRACE] kernel:pid[4] sys_get_time[0m
[90m[TRACE] kernel:pid[4] sys_get_time[0m
[90m[TRACE] kernel:pid[4] sys_get_time[0m
[90m[TRACE] kernel:pid[4] sys_get_time[0m
[90m[TRACE] kernel:pid[4] sys_get_time[0m
[90m[TRACE] kernel:pid[4] sys_get_time[0m
[90m[TRACE] kernel:pid[4] sys_get_time[0m
[90m[TRACE] kernel:pid[4] sys_get_time[0m
[90m[TRACE] kernel:pid[4] sys_get_time[0m
[90m[TRACE] kernel:pid[4] sys_get_time[0m
[90m[TRACE] kernel:pid[4] sys_get_time[0m
[90m[TRACE] kernel:pid[4] sys_get_time[0m
[90m[TRACE] kernel:pid[4] sys_get_time[0m
[90m[TRACE] kernel:pid[4] sys_get_time[0m
[90m[TRACE] kernel:pid[4] sys_get_time[0m
[90m[TRACE] kernel:pid[4] sys_get_time[0m
[90m[TRACE] kernel:pid[4] sys_get_time[0m
[90m[TRACE] kernel:pid[4] sys_get_time[0m
[90m[TRACE] kernel:pid[4] sys_get_time[0m
[90m[TRACE] kernel:pid[4] sys_get_time[0m
[90m[TRACE] kernel:pid[4] sys_get_time[0m
[90m[TRACE] kernel:pid[4] sys_get_time[0m
[90m[TRACE] kernel:pid[4] sys_get_time[0m
[90m[TRACE] kernel:pid[4] sys_get_time[0m
[90m[TRACE] kernel:pid[4] sys_get_time[0m
[90m[TRACE] kernel:pid[4] sys_get_time[0m
[90m[TRACE] kernel:pid[4] sys_get_time[0m
[90m[TRACE] kernel:pid[4] sys_get_time[0m
[90m[TRACE] kernel:pid[4] sys_get_time[0m
[90m[TRACE] kernel:pid[4] sys_get_time[0m
[90m[TRACE] kernel:pid[4] sys_get_time[0m
[90m[TRACE] kernel:pid[4] sys_get_time[0m
[90m[TRACE] kernel:pid[4] sys_get_time[0m
[90m[TRACE] kernel:pid[4] sys_get_time[0m
[90m[TRACE] kernel:pid[4] sys_get_time[0m
[90m[TRACE] kernel:pid[4] sys_get_time[0m
[90m[TRACE] kernel:pid[4] sys_get_time[0m
[90m[TRACE] kernel:pid[4] sys_get_time[0m
[90m[TRACE] kernel:pid[4] sys_get_time[0m
[90m[TRACE] kernel:pid[4] sys_get_time[0m
[90m[TRACE] kernel:pid[4] sys_get_time[0m
[90m[TRACE] kernel:pid[4] sys_get_time[0m
[90m[TRACE] kernel:pid[4] sys_get_time[0m
[90m[TRACE] kernel:pid[4] sys_get_time[0m
[90m[TRACE] kernel:pid[4] sys_get_time[0m
[90m[TRACE] kernel:pid[4] sys_get_time[0m
[90m[TRACE] kernel:pid[4] sys_get_time[0m
[90m[TRACE] kernel:pid[4] sys_get_time[0m
[90m[TRACE] kernel:pid[4] sys_get_time[0m
[90m[TRACE] kernel:pid[4] sys_get_time[0m
[90m[TRACE] kernel:pid[4] sys_get_time[0m
[90m[TRACE] kernel:pid[4] sys_get_time[0m
[90m[TRACE] kernel:pid[4] sys_get_time[0m
[90m[TRACE] kernel:pid[4] sys_get_time[0m
[90m[TRACE] kernel:pid[4] sys_get_time[0m
[90m[TRACE] kernel:pid[4] sys_get_time[0m
[90m[TRACE] kernel:pid[4] sys_get_time[0m
[90m[TRACE] kernel:pid[4] sys_get_time[0m
[90m[TRACE] kernel:pid[4] sys_get_time[0m
[90m[TRACE] kernel:pid[4] sys_get_time[0m
[90m[TRACE] kernel:pid[4] sys_get_time[0m
[90m[TRACE] kernel:pid[4] sys_get_time[0m
[90m[TRACE] kernel:pid[4] sys_get_time[0m
[90m[TRACE] kernel:pid[4] sys_get_time[0m
[90m[TRACE] kernel:pid[4] sys_get_time[0m
[90m[TRACE] kernel:pid[4] sys_get_time[0m
[90m[TRACE] kernel:pid[4] sys_get_time[0m
[90m[TRACE] kernel:pid[4] sys_get_time[0m
[90m[TRACE] kernel:pid[4] sys_get_time[0m
[90m[TRACE] kernel:pid[4] sys_get_time[0m
[90m[TRACE] kernel:pid[4] sys_get_time[0m
[90m[TRACE] kernel:pid[4] sys_get_time[0m
[90m[TRACE] kernel:pid[4] sys_get_time[0m
[90m[TRACE] kernel:pid[4] sys_get_time[0m
[90m[TRACE] kernel:pid[4] sys_get_time[0m
[90m[TRACE] kernel:pid[4] sys_get_time[0m
[90m[TRACE] kernel:pid[4] sys_get_time[0m
[90m[TRACE] kernel:pid[4] sys_get_time[0m
[90m[TRACE] kernel:pid[4] sys_get_time[0m
[90m[TRACE] kernel:pid[4] sys_get_time[0m
[90m[TRACE] kernel:pid[4] sys_get_time[0m
[90m[TRACE] kernel:pid[4] sys_get_time[0m
[90m[TRACE] kernel:pid[4] sys_get_time[0m
[90m[TRACE] kernel:pid[4] sys_get_time[0m
[90m[TRACE] kernel:pid[4] sys_get_time[0m
[90m[TRACE] kernel:pid[4] sys_get_time[0m
[90m[TRACE] kernel:pid[4] sys_get_time[0m
[90m[TRACE] kernel:pid[4] sys_get_time[0m
[90m[TRACE] kernel:pid[4] sys_get_time[0m
[90m[TRACE] kernel:pid[4] sys_get_time[0m
[90m[TRACE] kernel:pid[4] sys_get_time[0m
[90m[TRACE] kernel:pid[4] sys_get_time[0m
[90m[TRACE] kernel:pid[4] sys_get_time[0m
[90m[TRACE] kernel:pid[4] sys_get_time[0m
[90m[TRACE] kernel:pid[4] sys_get_time[0m
[90m[TRACE] kernel:pid[4] sys_get_time[0m
[90m[TRACE] kernel:pid[4] sys_get_time[0m
[90m[TRACE] kernel:pid[4] sys_get_time[0m
[90m[TRACE] kernel:pid[4] sys_get_time[0m
[90m[TRACE] kernel:pid[4] sys_get_time[0m
[90m[TRACE] kernel:pid[4] sys_get_time[0m
[90m[TRACE] kernel:pid[4] sys_get_time[0m
[90m[TRACE] kernel:pid[4] sys_get_time[0m
[90m[TRACE] kernel:pid[4] sys_get_time[0m
[90m[TRACE] kernel:pid[4] sys_get_time[0m
[90m[TRACE] kernel:pid[4] sys_get_time[0m
[90m[TRACE] kernel:pid[4] sys_get_time[0m
[90m[TRACE] kernel:pid[4] sys_get_time[0m
[90m[TRACE] kernel:pid[4] sys_get_time[0m
[90m[TRACE] kernel:pid[4] sys_get_time[0m
[90m[TRACE] kernel:pid[4] sys_get_time[0m
[90m[TRACE] kernel:pid[4] sys_get_time[0m
[90m[TRACE] kernel:pid[4] sys_get_time[0m
[90m[TRACE] kernel:pid[4] sys_get_time[0m
[90m[TRACE] kernel:pid[4] sys_get_time[0m
[90m[TRACE] kernel:pid[4] sys_get_time[0m
[90m[TRACE] kernel:pid[4] sys_get_time[0m
[90m[TRACE] kernel:pid[4] sys_get_time[0m
[90m[TRACE] kernel:pid[4] sys_get_time[0m
[90m[TRACE] kernel:pid[4] sys_get_time[0m
[90m[TRACE] kernel:pid[4] sys_get_time[0m
[90m[TRACE] kernel:pid[4] sys_get_time[0m
[90m[TRACE] kernel:pid[4] sys_get_time[0m
[90m[TRACE] kernel:pid[4] sys_get_time[0m
[90m[TRACE] kernel:pid[4] sys_get_time[0m
[90m[TRACE] kernel:pid[4] sys_get_time[0m
[90m[TRACE] kernel:pid[4] sys_get_time[0m
[90m[TRACE] kernel:pid[4] sys_get_time[0m
[90m[TRACE] kernel:pid[4] sys_get_time[0m
[90m[TRACE] kernel:pid[4] sys_get_time[0m
[90m[TRACE] kernel:pid[4] sys_get_time[0m
[90m[TRACE] kernel:pid[4] sys_get_time[0m
[90m[TRACE] kernel:pid[4] sys_get_time[0m
[90m[TRACE] kernel:pid[4] sys_get_time[0m
[90m[TRACE] kernel:pid[4] sys_get_time[0m
[90m[TRACE] kernel:pid[4] sys_get_time[0m
[90m[TRACE] kernel:pid[4] sys_get_time[0m
[90m[TRACE] kernel:pid[4] sys_get_time[0m
[90m[TRACE] kernel:pid[4] sys_get_time[0m
[90m[TRACE] kernel:pid[4] sys_get_time[0m
[90m[TRACE] kernel:pid[4] sys_get_time[0m
[90m[TRACE] kernel:pid[4] sys_get_time[0m
[90m[TRACE] kernel:pid[4] sys_get_time[0m
[90m[TRACE] kernel:pid[4] sys_get_time[0m
[90m[TRACE] kernel:pid[4] sys_get_time[0m
[90m[TRACE] kernel:pid[4] sys_get_time[0m
[90m[TRACE] kernel:pid[4] sys_get_time[0m
[90m[TRACE] kernel:pid[4] sys_get_time[0m
[90m[TRACE] kernel:pid[4] sys_get_time[0m
[90m[TRACE] kernel:pid[4] sys_get_time[0m
[90m[TRACE] kernel:pid[4] sys_get_time[0m
[90m[TRACE] kernel:pid[4] sys_get_time[0m
[90m[TRACE] kernel:pid[4] sys_get_time[0m
[90m[TRACE] kernel:pid[4] sys_get_time[0m
[90m[TRACE] kernel:pid[4] sys_get_time[0m
[90m[TRACE] kernel:pid[4] sys_get_time[0m
[90m[TRACE] kernel:pid[4] sys_get_time[0m
[90m[TRACE] kernel:pid[4] sys_get_time[0m
[90m[TRACE] kernel:pid[4] sys_get_time[0m
[90m[TRACE] kernel:pid[4] sys_get_time[0m
[90m[TRACE] kernel:pid[4] sys_get_time[0m
[90m[TRACE] kernel:pid[4] sys_get_time[0m
[90m[TRACE] kernel:pid[4] sys_get_time[0m
[90m[TRACE] kernel:pid[4] sys_get_time[0m
[90m[TRACE] kernel:pid[4] sys_get_time[0m
[90m[TRACE] kernel:pid[4] sys_get_time[0m
[90m[TRACE] kernel:pid[4] sys_get_time[0m
[90m[TRACE] kernel:pid[4] sys_get_time[0m
[90m[TRACE] kernel:pid[4] sys_get_time[0m
[90m[TRACE] kernel:pid[4] sys_get_time[0m
[90m[TRACE] kernel:pid[4] sys_get_time[0m
[90m[TRACE] kernel:pid[4] sys_get_time[0m
[90m[TRACE] kernel:pid[4] sys_get_time[0m
[90m[TRACE] kernel:pid[4] sys_get_time[0m
[90m[TRACE] kernel:pid[4] sys_get_time[0m
[90m[TRACE] kernel:pid[4] sys_get_time[0m
[90m[TRACE] kernel:pid[4] sys_get_time[0m
[90m[TRACE] kernel:pid[4] sys_get_time[0m
[90m[TRACE] kernel:pid[4] sys_get_time[0m
[90m[TRACE] kernel:pid[4] sys_get_time[0m
[90m[TRACE] kernel:pid[4] sys_get_time[0m
[90m[TRACE] kernel:pid[4] sys_get_time[0m
[90m[TRACE] kernel:pid[4] sys_get_time[0m
[90m[TRACE] kernel:pid[4] sys_get_time[0m
[90m[TRACE] kernel:pid[4] sys_get_time[0m
[90m[TRACE] kernel:pid[4] sys_get_time[0m
[90m[TRACE] kernel:pid[4] sys_get_time[0m
[90m[TRACE] kernel:pid[4] sys_get_time[0m
[90m[TRACE] kernel:pid[4] sys_get_time[0m
[90m[TRACE] kernel:pid[4] sys_get_time[0m
[90m[TRACE] kernel:pid[4] sys_get_time[0m
[90m[TRACE] kernel:pid[4] sys_get_time[0m
[90m[TRACE] kernel:pid[4] sys_get_time[0m
[90m[TRACE] kernel:pid[4] sys_get_time[0m
[90m[TRACE] kernel:pid[4] sys_get_time[0m
[90m[TRACE] kernel:pid[4] sys_get_time[0m
[90m[TRACE] kernel:pid[4] sys_get_time[0m
[90m[TRACE] kernel:pid[4] sys_get_time[0m
[90m[TRACE] kernel:pid[4] sys_get_time[0m
[90m[TRACE] kernel:pid[4] sys_get_time[0m
[90m[TRACE] kernel:pid[4] sys_get_time[0m
[90m[TRACE] kernel:pid[4] sys_get_time[0m
[90m[TRACE] kernel:pid[4] sys_get_time[0m
[90m[TRACE] kernel:pid[4] sys_get_time[0m
[90m[TRACE] kernel:pid[4] sys_get_time[0m
[90m[TRACE] kernel:pid[4] sys_get_time[0m
[90m[TRACE] kernel:pid[4] sys_get_time[0m
[90m[TRACE] kernel:pid[4] sys_get_time[0m
[90m[TRACE] kernel:pid[4] sys_get_time[0m
[90m[TRACE] kernel:pid[4] sys_get_time[0m
[90m[TRACE] kernel:pid[4] sys_get_time[0m
[90m[TRACE] kernel:pid[4] sys_get_time[0m
[90m[TRACE] kernel:pid[4] sys_get_time[0m
[90m[TRACE] kernel:pid[4] sys_get_time[0m
[90m[TRACE] kernel:pid[4] sys_get_time[0m
[90m[TRACE] kernel:pid[4] sys_get_time[0m
[90m[TRACE] kernel:pid[4] sys_get_time[0m
[90m[TRACE] kernel:pid[4] sys_get_time[0m
[90m[TRACE] kernel:pid[4] sys_get_time[0m
[90m[TRACE] kernel:pid[4] sys_get_time[0m
[90m[TRACE] kernel:pid[4] sys_get_time[0m
[90m[TRACE] kernel:pid[4] sys_get_time[0m
[90m[TRACE] kernel:pid[4] sys_get_time[0m
[90m[TRACE] kernel:pid[4] sys_get_time[0m
[90m[TRACE] kernel:pid[4] sys_get_time[0m
[90m[TRACE] kernel:pid[4] sys_get_time[0m
[90m[TRACE] kernel:pid[4] sys_get_time[0m
[90m[TRACE] kernel:pid[4] sys_get_time[0m
[90m[TRACE] kernel:pid[4] sys_get_time[0m
[90m[TRACE] kernel:pid[4] sys_get_time[0m
[90m[TRACE] kernel:pid[4] sys_get_time[0m
[90m[TRACE] kernel:pid[4] sys_get_time[0m
[90m[TRACE] kernel:pid[4] sys_get_time[0m
[90m[TRACE] kernel:pid[4] sys_get_time[0m
[90m[TRACE] kernel:pid[4] sys_get_time[0m
[90m[TRACE] kernel:pid[4] sys_get_time[0m
[90m[TRACE] kernel:pid[4] sys_get_time[0m
[90m[TRACE] kernel:pid[4] sys_get_time[0m
[90m[TRACE] kernel:pid[4] sys_get_time[0m
[90m[TRACE] kernel:pid[4] sys_get_time[0m
[90m[TRACE] kernel:pid[4] sys_get_time[0m
[90m[TRACE] kernel:pid[4] sys_get_time[0m
[90m[TRACE] kernel:pid[4] sys_get_time[0m
[90m[TRACE] kernel:pid[4] sys_get_time[0m
[90m[TRACE] kernel:pid[4] sys_get_time[0m
[90m[TRACE] kernel:pid[4] sys_get_time[0m
[90m[TRACE] kernel:pid[4] sys_get_time[0m
[90m[TRACE] kernel:pid[4] sys_get_time[0m
[90m[TRACE] kernel:pid[4] sys_get_time[0m
[90m[TRACE] kernel:pid[4] sys_get_time[0m
[90m[TRACE] kernel:pid[4] sys_get_time[0m
[90m[TRACE] kernel:pid[4] sys_get_time[0m
[90m[TRACE] kernel:pid[4] sys_get_time[0m
[90m[TRACE] kernel:pid[4] sys_get_time[0m
[90m[TRACE] kernel:pid[4] sys_get_time[0m
[90m[TRACE] kernel:pid[4] sys_get_time[0m
[90m[TRACE] kernel:pid[4] sys_get_time[0m
[90m[TRACE] kernel:pid[4] sys_get_time[0m
[90m[TRACE] kernel:pid[4] sys_get_time[0m
[90m[TRACE] kernel:pid[4] sys_get_time[0m
[90m[TRACE] kernel:pid[4] sys_get_time[0m
[90m[TRACE] kernel:pid[4] sys_get_time[0m
[90m[TRACE] kernel:pid[4] sys_get_time[0m
[90m[TRACE] kernel:pid[4] sys_get_time[0m
[90m[TRACE] kernel:pid[4] sys_get_time[0m
[90m[TRACE] kernel:pid[4] sys_get_time[0m
[90m[TRACE] kernel:pid[4] sys_get_time[0m
[90m[TRACE] kernel:pid[4] sys_get_time[0m
[90m[TRACE] kernel:pid[4] sys_get_time[0m
[90m[TRACE] kernel:pid[4] sys_get_time[0m
[90m[TRACE] kernel:pid[4] sys_get_time[0m
[90m[TRACE] kernel:pid[4] sys_get_time[0m
[90m[TRACE] kernel:pid[4] sys_get_time[0m
[90m[TRACE] kernel:pid[4] sys_get_time[0m
[90m[TRACE] kernel:pid[4] sys_get_time[0m
[90m[TRACE] kernel:pid[4] sys_get_time[0m
[90m[TRACE] kernel:pid[4] sys_get_time[0m
[90m[TRACE] kernel:pid[4] sys_get_time[0m
[90m[TRACE] kernel:pid[4] sys_get_time[0m
[90m[TRACE] kernel:pid[4] sys_get_time[0m
[90m[TRACE] kernel:pid[4] sys_get_time[0m
[90m[TRACE] kernel:pid[4] sys_get_time[0m
[90m[TRACE] kernel:pid[4] sys_get_time[0m
[90m[TRACE] kernel:pid[4] sys_get_time[0m
[90m[TRACE] kernel:pid[4] sys_get_time[0m
[90m[TRACE] kernel:pid[4] sys_get_time[0m
[90m[TRACE] kernel:pid[4] sys_get_time[0m
[90m[TRACE] kernel:pid[4] sys_get_time[0m
[90m[TRACE] kernel:pid[4] sys_get_time[0m
[90m[TRACE] kernel:pid[4] sys_get_time[0m
[90m[TRACE] kernel:pid[4] sys_get_time[0m
[90m[TRACE] kernel:pid[4] sys_get_time[0m
[90m[TRACE] kernel:pid[4] sys_get_time[0m
[90m[TRACE] kernel:pid[4] sys_get_time[0m
[90m[TRACE] kernel:pid[4] sys_get_time[0m
[90m[TRACE] kernel:pid[4] sys_get_time[0m
[90m[TRACE] kernel:pid[4] sys_get_time[0m
[90m[TRACE] kernel:pid[4] sys_get_time[0m
[90m[TRACE] kernel:pid[4] sys_get_time[0m
[90m[TRACE] kernel:pid[4] sys_get_time[0m
[90m[TRACE] kernel:pid[4] sys_get_time[0m
[90m[TRACE] kernel:pid[4] sys_get_time[0m
[90m[TRACE] kernel:pid[4] sys_get_time[0m
[90m[TRACE] kernel:pid[4] sys_get_time[0m
[90m[TRACE] kernel:pid[4] sys_get_time[0m
[90m[TRACE] kernel:pid[4] sys_get_time[0m
[90m[TRACE] kernel:pid[4] sys_get_time[0m
[90m[TRACE] kernel:pid[4] sys_get_time[0m
[90m[TRACE] kernel:pid[4] sys_get_time[0m
[90m[TRACE] kernel:pid[4] sys_get_time[0m
[90m[TRACE] kernel:pid[4] sys_get_time[0m
[90m[TRACE] kernel:pid[4] sys_get_time[0m
[90m[TRACE] kernel:pid[4] sys_get_time[0m
[90m[TRACE] kernel:pid[4] sys_get_time[0m
[90m[TRACE] kernel:pid[4] sys_get_time[0m
[90m[TRACE] kernel:pid[4] sys_get_time[0m
[90m[TRACE] kernel:pid[4] sys_get_time[0m
[90m[TRACE] kernel:pid[4] sys_get_time[0m
[90m[TRACE] kernel:pid[4] sys_get_time[0m
[90m[TRACE] kernel:pid[4] sys_get_time[0m
[90m[TRACE] kernel:pid[4] sys_get_time[0m
[90m[TRACE] kernel:pid[4] sys_get_time[0m
[90m[TRACE] kernel:pid[4] sys_get_time[0m
[90m[TRACE] kernel:pid[4] sys_get_time[0m
[90m[TRACE] kernel:pid[4] sys_get_time[0m
[90m[TRACE] kernel:pid[4] sys_get_time[0m
[90m[TRACE] kernel:pid[4] sys_get_time[0m
[90m[TRACE] kernel:pid[4] sys_get_time[0m
[90m[TRACE] kernel:pid[4] sys_get_time[0m
[90m[TRACE] kernel:pid[4] sys_get_time[0m
[90m[TRACE] kernel:pid[4] sys_get_time[0m
[90m[TRACE] kernel:pid[4] sys_get_time[0m
[90m[TRACE] kernel:pid[4] sys_get_time[0m
[90m[TRACE] kernel:pid[4] sys_get_time[0m
[90m[TRACE] kernel:pid[4] sys_get_time[0m
[90m[TRACE] kernel:pid[4] sys_get_time[0m
[90m[TRACE] kernel:pid[4] sys_get_time[0m
[90m[TRACE] kernel:pid[4] sys_get_time[0m
[90m[TRACE] kernel:pid[4] sys_get_time[0m
[90m[TRACE] kernel:pid[4] sys_get_time[0m
[90m[TRACE] kernel:pid[4] sys_get_time[0m
[90m[TRACE] kernel:pid[4] sys_get_time[0m
[90m[TRACE] kernel:pid[4] sys_get_time[0m
[90m[TRACE] kernel:pid[4] sys_get_time[0m
[90m[TRACE] kernel:pid[4] sys_get_time[0m
[90m[TRACE] kernel:pid[4] sys_get_time[0m
[90m[TRACE] kernel:pid[4] sys_get_time[0m
[90m[TRACE] kernel:pid[4] sys_get_time[0m
[90m[TRACE] kernel:pid[4] sys_get_time[0m
[90m[TRACE] kernel:pid[4] sys_get_time[0m
[90m[TRACE] kernel:pid[4] sys_get_time[0m
[90m[TRACE] kernel:pid[4] sys_get_time[0m
[90m[TRACE] kernel:pid[4] sys_get_time[0m
[90m[TRACE] kernel:pid[4] sys_get_time[0m
[90m[TRACE] kernel:pid[4] sys_get_time[0m
[90m[TRACE] kernel:pid[4] sys_get_time[0m
[90m[TRACE] kernel:pid[4] sys_get_time[0m
[90m[TRACE] kernel:pid[4] sys_get_time[0m
[90m[TRACE] kernel:pid[4] sys_get_time[0m
[90m[TRACE] kernel:pid[4] sys_get_time[0m
[90m[TRACE] kernel:pid[4] sys_get_time[0m
[90m[TRACE] kernel:pid[4] sys_get_time[0m
[90m[TRACE] kernel:pid[4] sys_get_time[0m
[90m[TRACE] kernel:pid[4] sys_get_time[0m
[90m[TRACE] kernel:pid[4] sys_get_time[0m
[90m[TRACE] kernel:pid[4] sys_get_time[0m
[90m[TRACE] kernel:pid[4] sys_get_time[0m
[90m[TRACE] kernel:pid[4] sys_get_time[0m
[90m[TRACE] kernel:pid[4] sys_get_time[0m
[90m[TRACE] kernel:pid[4] sys_get_time[0m
[90m[TRACE] kernel:pid[4] sys_get_time[0m
[90m[TRACE] kernel:pid[4] sys_get_time[0m
[90m[TRACE] kernel:pid[4] sys_get_time[0m
[90m[TRACE] kernel:pid[4] sys_get_time[0m
[90m[TRACE] kernel:pid[4] sys_get_time[0m
[90m[TRACE] kernel:pid[4] sys_get_time[0m
[90m[TRACE] kernel:pid[4] sys_get_time[0m
[90m[TRACE] kernel:pid[4] sys_get_time[0m
[90m[TRACE] kernel:pid[4] sys_get_time[0m
[90m[TRACE] kernel:pid[4] sys_get_time[0m
[90m[TRACE] kernel:pid[4] sys_get_time[0m
[90m[TRACE] kernel:pid[4] sys_get_time[0m
[90m[TRACE] kernel:pid[4] sys_get_time[0m
[90m[TRACE] kernel:pid[4] sys_get_time[0m
[90m[TRACE] kernel:pid[4] sys_get_time[0m
[90m[TRACE] kernel:pid[4] sys_get_time[0m
[90m[TRACE] kernel:pid[4] sys_get_time[0m
[90m[TRACE] kernel:pid[4] sys_get_time[0m
[90m[TRACE] kernel:pid[4] sys_get_time[0m
[90m[TRACE] kernel:pid[4] sys_get_time[0m
[90m[TRACE] kernel:pid[4] sys_get_time[0m
[90m[TRACE] kernel:pid[4] sys_get_time[0m
[90m[TRACE] kernel:pid[4] sys_get_time[0m
[90m[TRACE] kernel:pid[4] sys_get_time[0m
[90m[TRACE] kernel:pid[4] sys_get_time[0m
[90m[TRACE] kernel:pid[4] sys_get_time[0m
[90m[TRACE] kernel:pid[4] sys_get_time[0m
[90m[TRACE] kernel:pid[4] sys_get_time[0m
[90m[TRACE] kernel:pid[4] sys_get_time[0m
[90m[TRACE] kernel:pid[4] sys_get_time[0m
[90m[TRACE] kernel:pid[4] sys_get_time[0m
[90m[TRACE] kernel:pid[4] sys_get_time[0m
[90m[TRACE] kernel:pid[4] sys_get_time[0m
[90m[TRACE] kernel:pid[4] sys_get_time[0m
[90m[TRACE] kernel:pid[4] sys_get_time[0m
[90m[TRACE] kernel:pid[4] sys_get_time[0m
[90m[TRACE] kernel:pid[4] sys_get_time[0m
[90m[TRACE] kernel:pid[4] sys_get_time[0m
[90m[TRACE] kernel:pid[4] sys_get_time[0m
[90m[TRACE] kernel:pid[4] sys_get_time[0m
[90m[TRACE] kernel:pid[4] sys_get_time[0m
[90m[TRACE] kernel:pid[4] sys_get_time[0m
[90m[TRACE] kernel:pid[4] sys_get_time[0m
[90m[TRACE] kernel:pid[4] sys_get_time[0m
[90m[TRACE] kernel:pid[4] sys_get_time[0m
[90m[TRACE] kernel:pid[4] sys_get_time[0m
[90m[TRACE] kernel:pid[4] sys_get_time[0m
[90m[TRACE] kernel:pid[4] sys_get_time[0m
[90m[TRACE] kernel:pid[4] sys_get_time[0m
[90m[TRACE] kernel:pid[4] sys_get_time[0m
[90m[TRACE] kernel:pid[4] sys_get_time[0m
[90m[TRACE] kernel:pid[4] sys_get_time[0m
[90m[TRACE] kernel:pid[4] sys_get_time[0m
[90m[TRACE] kernel:pid[4] sys_get_time[0m
[90m[TRACE] kernel:pid[4] sys_get_time[0m
[90m[TRACE] kernel:pid[4] sys_get_time[0m
[90m[TRACE] kernel:pid[4] sys_get_time[0m
[90m[TRACE] kernel:pid[4] sys_get_time[0m
[90m[TRACE] kernel:pid[4] sys_get_time[0m
[90m[TRACE] kernel:pid[4] sys_get_time[0m
[90m[TRACE] kernel:pid[4] sys_get_time[0m
[90m[TRACE] kernel:pid[4] sys_get_time[0m
[90m[TRACE] kernel:pid[4] sys_get_time[0m
[90m[TRACE] kernel:pid[4] sys_get_time[0m
[90m[TRACE] kernel:pid[4] sys_get_time[0m
[90m[TRACE] kernel:pid[4] sys_get_time[0m
[90m[TRACE] kernel:pid[4] sys_get_time[0m
[90m[TRACE] kernel:pid[4] sys_get_time[0m
[90m[TRACE] kernel:pid[4] sys_get_time[0m
[90m[TRACE] kernel:pid[4] sys_get_time[0m
[90m[TRACE] kernel:pid[4] sys_get_time[0m
[90m[TRACE] kernel:pid[4] sys_get_time[0m
[90m[TRACE] kernel:pid[4] sys_get_time[0m
[90m[TRACE] kernel:pid[4] sys_get_time[0m
[90m[TRACE] kernel:pid[4] sys_get_time[0m
[90m[TRACE] kernel:pid[4] sys_get_time[0m
[90m[TRACE] kernel:pid[4] sys_get_time[0m
[90m[TRACE] kernel:pid[4] sys_get_time[0m
[90m[TRACE] kernel:pid[4] sys_get_time[0m
[90m[TRACE] kernel:pid[4] sys_get_time[0m
[90m[TRACE] kernel:pid[4] sys_get_time[0m
[90m[TRACE] kernel:pid[4] sys_get_time[0m
[90m[TRACE] kernel:pid[4] sys_get_time[0m
[90m[TRACE] kernel:pid[4] sys_get_time[0m
[90m[TRACE] kernel:pid[4] sys_get_time[0m
[90m[TRACE] kernel:pid[4] sys_get_time[0m
[90m[TRACE] kernel:pid[4] sys_get_time[0m
[90m[TRACE] kernel:pid[4] sys_get_time[0m
[90m[TRACE] kernel:pid[4] sys_get_time[0m
[90m[TRACE] kernel:pid[4] sys_get_time[0m
[90m[TRACE] kernel:pid[4] sys_get_time[0m
[90m[TRACE] kernel:pid[4] sys_get_time[0m
[90m[TRACE] kernel:pid[4] sys_get_time[0m
[90m[TRACE] kernel:pid[4] sys_get_time[0m
[90m[TRACE] kernel:pid[4] sys_get_time[0m
[90m[TRACE] kernel:pid[4] sys_get_time[0m
[90m[TRACE] kernel:pid[4] sys_get_time[0m
[90m[TRACE] kernel:pid[4] sys_get_time[0m
[90m[TRACE] kernel:pid[4] sys_get_time[0m
[90m[TRACE] kernel:pid[4] sys_get_time[0m
[90m[TRACE] kernel:pid[4] sys_get_time[0m
[90m[TRACE] kernel:pid[4] sys_get_time[0m
[90m[TRACE] kernel:pid[4] sys_get_time[0m
[90m[TRACE] kernel:pid[4] sys_get_time[0m
[90m[TRACE] kernel:pid[4] sys_get_time[0m
[90m[TRACE] kernel:pid[4] sys_get_time[0m
[90m[TRACE] kernel:pid[4] sys_get_time[0m
[90m[TRACE] kernel:pid[4] sys_get_time[0m
[90m[TRACE] kernel:pid[4] sys_get_time[0m
[90m[TRACE] kernel:pid[4] sys_get_time[0m
[90m[TRACE] kernel:pid[4] sys_get_time[0m
[90m[TRACE] kernel:pid[4] sys_get_time[0m
[90m[TRACE] kernel:pid[4] sys_get_time[0m
[90m[TRACE] kernel:pid[4] sys_get_time[0m
[90m[TRACE] kernel:pid[4] sys_get_time[0m
[90m[TRACE] kernel:pid[4] sys_get_time[0m
[90m[TRACE] kernel:pid[4] sys_get_time[0m
[90m[TRACE] kernel:pid[4] sys_get_time[0m
[90m[TRACE] kernel:pid[4] sys_get_time[0m
[90m[TRACE] kernel:pid[4] sys_get_time[0m
[90m[TRACE] kernel:pid[4] sys_get_time[0m
[90m[TRACE] kernel:pid[4] sys_get_time[0m
[90m[TRACE] kernel:pid[4] sys_get_time[0m
[90m[TRACE] kernel:pid[4] sys_get_time[0m
[90m[TRACE] kernel:pid[4] sys_get_time[0m
[90m[TRACE] kernel:pid[4] sys_get_time[0m
[90m[TRACE] kernel:pid[4] sys_get_time[0m
[90m[TRACE] kernel:pid[4] sys_get_time[0m
[90m[TRACE] kernel:pid[4] sys_get_time[0m
[90m[TRACE] kernel:pid[4] sys_get_time[0m
[90m[TRACE] kernel:pid[4] sys_get_time[0m
[90m[TRACE] kernel:pid[4] sys_get_time[0m
[90m[TRACE] kernel:pid[4] sys_get_time[0m
[90m[TRACE] kernel:pid[4] sys_get_time[0m
[90m[TRACE] kernel:pid[4] sys_get_time[0m
[90m[TRACE] kernel:pid[4] sys_get_time[0m
[90m[TRACE] kernel:pid[4] sys_get_time[0m
[90m[TRACE] kernel:pid[4] sys_get_time[0m
[90m[TRACE] kernel:pid[4] sys_get_time[0m
[90m[TRACE] kernel:pid[4] sys_get_time[0m
[90m[TRACE] kernel:pid[4] sys_get_time[0m
[90m[TRACE] kernel:pid[4] sys_get_time[0m
[90m[TRACE] kernel:pid[4] sys_get_time[0m
[90m[TRACE] kernel:pid[4] sys_get_time[0m
[90m[TRACE] kernel:pid[4] sys_get_time[0m
[90m[TRACE] kernel:pid[4] sys_get_time[0m
[90m[TRACE] kernel:pid[4] sys_get_time[0m
[90m[TRACE] kernel:pid[4] sys_get_time[0m
[90m[TRACE] kernel:pid[4] sys_get_time[0m
[90m[TRACE] kernel:pid[4] sys_get_time[0m
[90m[TRACE] kernel:pid[4] sys_get_time[0m
[90m[TRACE] kernel:pid[4] sys_get_time[0m
[90m[TRACE] kernel:pid[4] sys_get_time[0m
[90m[TRACE] kernel:pid[4] sys_get_time[0m
[90m[TRACE] kernel:pid[4] sys_get_time[0m
[90m[TRACE] kernel:pid[4] sys_get_time[0m
[90m[TRACE] kernel:pid[4] sys_get_time[0m
[90m[TRACE] kernel:pid[4] sys_get_time[0m
[90m[TRACE] kernel:pid[4] sys_get_time[0m
[90m[TRACE] kernel:pid[4] sys_get_time[0m
[90m[TRACE] kernel:pid[4] sys_get_time[0m
[90m[TRACE] kernel:pid[4] sys_get_time[0m
[90m[TRACE] kernel:pid[4] sys_get_time[0m
[90m[TRACE] kernel:pid[4] sys_get_time[0m
[90m[TRACE] kernel:pid[4] sys_get_time[0m
[90m[TRACE] kernel:pid[4] sys_get_time[0m
[90m[TRACE] kernel:pid[4] sys_get_time[0m
[90m[TRACE] kernel:pid[4] sys_get_time[0m
[90m[TRACE] kernel:pid[4] sys_get_time[0m
[90m[TRACE] kernel:pid[4] sys_get_time[0m
[90m[TRACE] kernel:pid[4] sys_get_time[0m
[90m[TRACE] kernel:pid[4] sys_get_time[0m
[90m[TRACE] kernel:pid[4] sys_get_time[0m
[90m[TRACE] kernel:pid[4] sys_get_time[0m
[90m[TRACE] kernel:pid[4] sys_get_time[0m
[90m[TRACE] kernel:pid[4] sys_get_time[0m
[90m[TRACE] kernel:pid[4] sys_get_time[0m
[90m[TRACE] kernel:pid[4] sys_get_time[0m
[90m[TRACE] kernel:pid[4] sys_get_time[0m
[90m[TRACE] kernel:pid[4] sys_get_time[0m
[90m[TRACE] kernel:pid[4] sys_get_time[0m
[90m[TRACE] kernel:pid[4] sys_get_time[0m
[90m[TRACE] kernel:pid[4] sys_get_time[0m
[90m[TRACE] kernel:pid[4] sys_get_time[0m
[90m[TRACE] kernel:pid[4] sys_get_time[0m
[90m[TRACE] kernel:pid[4] sys_get_time[0m
[90m[TRACE] kernel:pid[4] sys_get_time[0m
[90m[TRACE] kernel:pid[4] sys_get_time[0m
[90m[TRACE] kernel:pid[4] sys_get_time[0m
[90m[TRACE] kernel:pid[4] sys_get_time[0m
[90m[TRACE] kernel:pid[4] sys_get_time[0m
[90m[TRACE] kernel:pid[4] sys_get_time[0m
[90m[TRACE] kernel:pid[4] sys_get_time[0m
[90m[TRACE] kernel:pid[4] sys_get_time[0m
[90m[TRACE] kernel:pid[4] sys_get_time[0m
[90m[TRACE] kernel:pid[4] sys_get_time[0m
[90m[TRACE] kernel:pid[4] sys_get_time[0m
[90m[TRACE] kernel:pid[4] sys_get_time[0m
[90m[TRACE] kernel:pid[4] sys_get_time[0m
[90m[TRACE] kernel:pid[4] sys_get_time[0m
[90m[TRACE] kernel:pid[4] sys_get_time[0m
[90m[TRACE] kernel:pid[4] sys_get_time[0m
[90m[TRACE] kernel:pid[4] sys_get_time[0m
[90m[TRACE] kernel:pid[4] sys_get_time[0m
[90m[TRACE] kernel:pid[4] sys_get_time[0m
[90m[TRACE] kernel:pid[4] sys_get_time[0m
[90m[TRACE] kernel:pid[4] sys_get_time[0m
[90m[TRACE] kernel:pid[4] sys_get_time[0m
[90m[TRACE] kernel:pid[4] sys_get_time[0m
[90m[TRACE] kernel:pid[4] sys_get_time[0m
[90m[TRACE] kernel:pid[4] sys_get_time[0m
[90m[TRACE] kernel:pid[4] sys_get_time[0m
[90m[TRACE] kernel:pid[4] sys_get_time[0m
[90m[TRACE] kernel:pid[4] sys_get_time[0m
[90m[TRACE] kernel:pid[4] sys_get_time[0m
[90m[TRACE] kernel:pid[4] sys_get_time[0m
[90m[TRACE] kernel:pid[4] sys_get_time[0m
[90m[TRACE] kernel:pid[4] sys_get_time[0m
[90m[TRACE] kernel:pid[4] sys_get_time[0m
[90m[TRACE] kernel:pid[4] sys_get_time[0m
[90m[TRACE] kernel:pid[4] sys_get_time[0m
[90m[TRACE] kernel:pid[4] sys_get_time[0m
[90m[TRACE] kernel:pid[4] sys_get_time[0m
[90m[TRACE] kernel:pid[4] sys_get_time[0m
[90m[TRACE] kernel:pid[4] sys_get_time[0m
[90m[TRACE] kernel:pid[4] sys_get_time[0m
[90m[TRACE] kernel:pid[4] sys_get_time[0m
[90m[TRACE] kernel:pid[4] sys_get_time[0m
[90m[TRACE] kernel:pid[4] sys_get_time[0m
[90m[TRACE] kernel:pid[4] sys_get_time[0m
[90m[TRACE] kernel:pid[4] sys_get_time[0m
[90m[TRACE] kernel:pid[4] sys_get_time[0m
[90m[TRACE] kernel:pid[4] sys_get_time[0m
[90m[TRACE] kernel:pid[4] sys_get_time[0m
[90m[TRACE] kernel:pid[4] sys_get_time[0m
[90m[TRACE] kernel:pid[4] sys_get_time[0m
[90m[TRACE] kernel:pid[4] sys_get_time[0m
[90m[TRACE] kernel:pid[4] sys_get_time[0m
[90m[TRACE] kernel:pid[4] sys_get_time[0m
[90m[TRACE] kernel:pid[4] sys_get_time[0m
[90m[TRACE] kernel:pid[4] sys_get_time[0m
[90m[TRACE] kernel:pid[4] sys_get_time[0m
[90m[TRACE] kernel:pid[4] sys_get_time[0m
[90m[TRACE] kernel:pid[4] sys_get_time[0m
[90m[TRACE] kernel:pid[4] sys_get_time[0m
[90m[TRACE] kernel:pid[4] sys_get_time[0m
[90m[TRACE] kernel:pid[4] sys_get_time[0m
[90m[TRACE] kernel:pid[4] sys_get_time[0m
[90m[TRACE] kernel:pid[4] sys_get_time[0m
[90m[TRACE] kernel:pid[4] sys_write[0m
[90m[TRACE] kernel:pid[4] sys_exit[0m
[90m[TRACE] kernel:pid[3] sys_write[0m
[90m[TRACE] kernel:pid[3] sys_exit[0m
[90m[TRACE] kernel:pid[2] sys_write[0m
OK!
[90m[TRACE] kernel:pid[2] sys_write[0m
Testing kernel_sig_test_failignorekill
[90m[TRACE] kernel:pid[2] sys_fork[0m
[90m[TRACE] kernel:pid[3] sys_sigaction[0m
[90m[TRACE] kernel:pid[3] sys_sigaction[0m
[90m[TRACE] kernel:pid[3] sys_sigaction[0m
[90m[TRACE] kernel:pid[3] sys_write[0m
[90m[TRACE] kernel:pid[3] sys_exit[0m
[90m[TRACE] kernel:pid[2] sys_write[0m
OK!
[90m[TRACE] kernel:pid[2] sys_write[0m
Testing final_sig_test
[90m[TRACE] kernel:pid[2] sys_fork[0m
[90m[TRACE] kernel:pid[3] sys_fork[0m
[90m[TRACE] kernel:pid[3] sys_close[0m
[90m[TRACE] kernel:pid[3] sys_read[0m
[90m[TRACE] kernel: sys_read .. file.read[0m
[90m[TRACE] kernel:pid[4] sys_close[0m
[90m[TRACE] kernel:pid[4] sys_sigaction[0m
[90m[TRACE] kernel:pid[4] sys_write[0m
[90m[TRACE] kernel:pid[4] sys_close[0m
[90m[TRACE] kernel:pid[3] sys_close[0m
[90m[TRACE] kernel:pid[3] sys_kill[0m
[90m[TRACE] kernel:pid[3] sys_get_time[0m
[90m[TRACE] kernel:pid[3] sys_get_time[0m
[90m[TRACE] kernel:pid[4] sys_write[0m
func triggered
[90m[TRACE] kernel:pid[4] sys_sigreturn[0m
[90m[TRACE] kernel:pid[3] sys_get_time[0m
[90m[TRACE] kernel:pid[3] sys_get_time[0m
[90m[TRACE] kernel:pid[3] sys_get_time[0m
[90m[TRACE] kernel:pid[3] sys_get_time[0m
[90m[TRACE] kernel:pid[3] sys_get_time[0m
[90m[TRACE] kernel:pid[3] sys_get_time[0m
[90m[TRACE] kernel:pid[3] sys_get_time[0m
[90m[TRACE] kernel:pid[3] sys_get_time[0m
[90m[TRACE] kernel:pid[3] sys_get_time[0m
[90m[TRACE] kernel:pid[3] sys_get_time[0m
[90m[TRACE] kernel:pid[3] sys_kill[0m
[90m[TRACE] kernel:pid[3] sys_write[0m
[90m[TRACE] kernel:pid[3] sys_exit[0m
[90m[TRACE] [kernel] trap_handler: .. check signals Killed, SIGKILL=9[0m
[90m[TRACE] kernel:pid[0] sys_write[0m
[initproc] Released a zombie process, pid=4, exit_code=-9
[90m[TRACE] kernel:pid[2] sys_write[0m
OK!
[90m[TRACE] kernel:pid[2] sys_write[0m
ALL TESTS PASSED
[90m[TRACE] kernel:pid[2] sys_write[0m
[90m[TRACE] kernel:pid[2] sys_exit[0m
[90m[TRACE] kernel:pid[1] sys_write[0m
Shell: Process 2 exited with code 0
[90m[TRACE] kernel:pid[1] sys_write[0m
>> [90m[TRACE] kernel:pid[1] sys_read[0m
[90m[TRACE] kernel: sys_read .. file.read[0m
[90m[TRACE] kernel:pid[1] sys_write[0m
ÿ[90m[TRACE] kernel:pid[1] sys_read[0m
[90m[TRACE] kernel: sys_read .. file.read[0m
[90m[TRACE] kernel:pid[1] sys_write[0m
ÿ[90m[TRACE] kernel:pid[1] sys_read[0m
[90m[TRACE] kernel: sys_read .. file.read[0m
[90m[TRACE] kernel:pid[1] sys_write[0m
ÿ[90m[TRACE] kernel:pid[1] sys_read[0m
[90m[TRACE] kernel: sys_read .. file.read[0m
[90m[TRACE] kernel:pid[1] sys_write[0m
ÿ[90m[TRACE] kernel:pid[1] sys_read[0m
[90m[TRACE] kernel: sys_read .. file.read[0m
[90m[TRACE] kernel:pid[1] sys_write[0m
ÿ[90m[TRACE] kernel:pid[1] sys_read[0m
[90m[TRACE] kernel: sys_read .. file.read[0m
[90m[TRACE] kernel:pid[1] sys_write[0m
ÿ[90m[TRACE] kernel:pid[1] sys_read[0m
[90m[TRACE] kernel: sys_read .. file.read[0m
[90m[TRACE] kernel:pid[1] sys_write[0m
ÿ[90m[TRACE] kernel:pid[1] sys_read[0m
[90m[TRACE] kernel: sys_read .. file.read[0m
[90m[TRACE] kernel:pid[1] sys_write[0m
ÿ[90m[TRACE] kernel:pid[1] sys_read[0m
[90m[TRACE] kernel: sys_read .. file.read[0m
[90m[TRACE] kernel:pid[1] sys_write[0m
ÿ[90m[TRACE] kernel:pid[1] sys_read[0m
[90m[TRACE] kernel: sys_read .. file.read[0m
[90m[TRACE] kernel:pid[1] sys_write[0m
ÿ[90m[TRACE] kernel:pid[1] sys_read[0m
[90m[TRACE] kernel: sys_read .. file.read[0m
[90m[TRACE] kernel:pid[1] sys_write[0m
ÿ[90m[TRACE] kernel:pid[1] sys_read[0m
[90m[TRACE] kernel: sys_read .. file.read[0m
[90m[TRACE] kernel:pid[1] sys_write[0m
ÿ[90m[TRACE] kernel:pid[1] sys_read[0m
[90m[TRACE] kernel: sys_read .. file.read[0m
[90m[TRACE] kernel:pid[1] sys_write[0m
ÿ[90m[TRACE] kernel:pid[1] sys_read[0m
[90m[TRACE] kernel: sys_read .. file.read[0m
[90m[TRACE] kernel:pid[1] sys_write[0m
ÿ[90m[TRACE] kernel:pid[1] sys_read[0m
[90m[TRACE] kernel: sys_read .. file.read[0m
[90m[TRACE] kernel:pid[1] sys_write[0m
ÿ[90m[TRACE] kernel:pid[1] sys_read[0m
[90m[TRACE] kernel: sys_read .. file.read[0m
[90m[TRACE] kernel:pid[1] sys_write[0m
ÿ[90m[TRACE] kernel:pid[1] sys_read[0m
[90m[TRACE] kernel: sys_read .. file.read[0m
[90m[TRACE] kernel:pid[1] sys_write[0m
ÿ[90m[TRACE] kernel:pid[1] sys_read[0m
[90m[TRACE] kernel: sys_read .. file.read[0m
[90m[TRACE] kernel:pid[1] sys_write[0m
ÿ[90m[TRACE] kernel:pid[1] sys_read[0m
[90m[TRACE] kernel: sys_read .. file.read[0m
[90m[TRACE] kernel:pid[1] sys_write[0m
ÿ[90m[TRACE] kernel:pid[1] sys_read[0m
[90m[TRACE] kernel: sys_read .. file.read[0m
[90m[TRACE] kernel:pid[1] sys_write[0m
ÿ[90m[TRACE] kernel:pid[1] sys_read[0m
[90m[TRACE] kernel: sys_read .. file.read[0m
[90m[TRACE] kernel:pid[1] sys_write[0m
ÿ[90m[TRACE] kernel:pid[1] sys_read[0m
[90m[TRACE] kernel: sys_read .. file.read[0m
[90m[TRACE] kernel:pid[1] sys_write[0m
ÿ[90m[TRACE] kernel:pid[1] sys_read[0m
[90m[TRACE] kernel: sys_read .. file.read[0m
[90m[TRACE] kernel:pid[1] sys_write[0m
ÿ[90m[TRACE] kernel:pid[1] sys_read[0m
[90m[TRACE] kernel: sys_read .. file.read[0m
[90m[TRACE] kernel:pid[1] sys_write[0m
ÿ[90m[TRACE] kernel:pid[1] sys_read[0m
[90m[TRACE] kernel: sys_read .. file.read[0m
[90m[TRACE] kernel:pid[1] sys_write[0m
ÿ[90m[TRACE] kernel:pid[1] sys_read[0m
[90m[TRACE] kernel: sys_read .. file.read[0m
[90m[TRACE] kernel:pid[1] sys_write[0m
ÿ[90m[TRACE] kernel:pid[1] sys_read[0m
[90m[TRACE] kernel: sys_read .. file.read[0m
[90m[TRACE] kernel:pid[1] sys_write[0m
ÿ[90m[TRACE] kernel:pid[1] sys_read[0m
[90m[TRACE] kernel: sys_read .. file.read[0m
[90m[TRACE] kernel:pid[1] sys_write[0m
ÿ[90m[TRACE] kernel:pid[1] sys_read[0m
[90m[TRACE] kernel: sys_read .. file.read[0m
[90m[TRACE] kernel:pid[1] sys_write[0m
ÿ[90m[TRACE] kernel:pid[1] sys_read[0m
[90m[TRACE] kernel: sys_read .. file.read[0m
[90m[TRACE] kernel:pid[1] sys_write[0m
ÿ[90m[TRACE] kernel:pid[1] sys_read[0m
[90m[TRACE] kernel: sys_read .. file.read[0m
[90m[TRACE] kernel:pid[1] sys_write[0m
ÿ[90m[TRACE] kernel:pid[1] sys_read[0m
[90m[TRACE] kernel: sys_read .. file.read[0m
[90m[TRACE] kernel:pid[1] sys_write[0m
ÿ[90m[TRACE] kernel:pid[1] sys_read[0m
[90m[TRACE] kernel: sys_read .. file.read[0m
[90m[TRACE] kernel:pid[1] sys_write[0m
ÿ[90m[TRACE] kernel:pid[1] sys_read[0m
[90m[TRACE] kernel: sys_read .. file.read[0m
[90m[TRACE] kernel:pid[1] sys_write[0m
ÿ[90m[TRACE] kernel:pid[1] sys_read[0m
[90m[TRACE] kernel: sys_read .. file.read[0m
[90m[TRACE] kernel:pid[1] sys_write[0m
ÿ[90m[TRACE] kernel:pid[1] sys_read[0m
[90m[TRACE] kernel: sys_read .. file.read[0m
[90m[TRACE] kernel:pid[1] sys_write[0m
ÿ[90m[TRACE] kernel:pid[1] sys_read[0m
[90m[TRACE] kernel: sys_read .. file.read[0m
[90m[TRACE] kernel:pid[1] sys_write[0m
ÿ[90m[TRACE] kernel:pid[1] sys_read[0m
[90m[TRACE] kernel: sys_read .. file.read[0m
[90m[TRACE] kernel:pid[1] sys_write[0m
ÿ[90m[TRACE] kernel:pid[1] sys_read[0m
[90m[TRACE] kernel: sys_read .. file.read[0m
[90m[TRACE] kernel:pid[1] sys_write[0m
ÿ[90m[TRACE] kernel:pid[1] sys_read[0m
[90m[TRACE] kernel: sys_read .. file.read[0m
[90m[TRACE] kernel:pid[1] sys_write[0m
ÿ[90m[TRACE] kernel:pid[1] sys_read[0m
[90m[TRACE] kernel: sys_read .. file.read[0m
[90m[TRACE] kernel:pid[1] sys_write[0m
ÿ[90m[TRACE] kernel:pid[1] sys_read[0m
[90m[TRACE] kernel: sys_read .. file.read[0m
[90m[TRACE] kernel:pid[1] sys_write[0m
ÿ[90m[TRACE] kernel:pid[1] sys_read[0m
[90m[TRACE] kernel: sys_read .. file.read[0m
[90m[TRACE] kernel:pid[1] sys_write[0m
ÿ[90m[TRACE] kernel:pid[1] sys_read[0m
[90m[TRACE] kernel: sys_read .. file.read[0m
[90m[TRACE] kernel:pid[1] sys_write[0m
ÿ[90m[TRACE] kernel:pid[1] sys_read[0m
[90m[TRACE] kernel: sys_read .. file.read[0m
[90m[TRACE] kernel:pid[1] sys_write[0m
ÿ[90m[TRACE] kernel:pid[1] sys_read[0m
[90m[TRACE] kernel: sys_read .. file.read[0m
[90m[TRACE] kernel:pid[1] sys_write[0m
ÿ[90m[TRACE] kernel:pid[1] sys_read[0m
[90m[TRACE] kernel: sys_read .. file.read[0m
[90m[TRACE] kernel:pid[1] sys_write[0m
ÿ[90m[TRACE] kernel:pid[1] sys_read[0m
[90m[TRACE] kernel: sys_read .. file.read[0m
[90m[TRACE] kernel:pid[1] sys_write[0m
ÿ[90m[TRACE] kernel:pid[1] sys_read[0m
[90m[TRACE] kernel: sys_read .. file.read[0m
[90m[TRACE] kernel:pid[1] sys_write[0m
ÿ[90m[TRACE] kernel:pid[1] sys_read[0m
[90m[TRACE] kernel: sys_read .. file.read[0m
[90m[TRACE] kernel:pid[1] sys_write[0m
ÿ[90m[TRACE] kernel:pid[1] sys_read[0m
[90m[TRACE] kernel: sys_read .. file.read[0m
[90m[TRACE] kernel:pid[1] sys_write[0m
ÿ[90m[TRACE] kernel:pid[1] sys_read[0m
[90m[TRACE] kernel: sys_read .. file.read[0m
[90m[TRACE] kernel:pid[1] sys_write[0m
ÿ[90m[TRACE] kernel:pid[1] sys_read[0m
[90m[TRACE] kernel: sys_read .. file.read[0m
[90m[TRACE] kernel:pid[1] sys_write[0m
ÿ[90m[TRACE] kernel:pid[1] sys_read[0m
[90m[TRACE] kernel: sys_read .. file.read[0m
[90m[TRACE] kernel:pid[1] sys_write[0m
ÿ[90m[TRACE] kernel:pid[1] sys_read[0m
[90m[TRACE] kernel: sys_read .. file.read[0m
[90m[TRACE] kernel:pid[1] sys_write[0m
ÿ[90m[TRACE] kernel:pid[1] sys_read[0m
[90m[TRACE] kernel: sys_read .. file.read[0m
[90m[TRACE] kernel:pid[1] sys_write[0m
ÿ[90m[TRACE] kernel:pid[1] sys_read[0m
[90m[TRACE] kernel: sys_read .. file.read[0m
[90m[TRACE] kernel:pid[1] sys_write[0m
ÿ[90m[TRACE] kernel:pid[1] sys_read[0m
[90m[TRACE] kernel: sys_read .. file.read[0m
[90m[TRACE] kernel:pid[1] sys_write[0m
ÿ[90m[TRACE] kernel:pid[1] sys_read[0m
[90m[TRACE] kernel: sys_read .. file.read[0m
[90m[TRACE] kernel:pid[1] sys_write[0m
ÿ[90m[TRACE] kernel:pid[1] sys_read[0m
[90m[TRACE] kernel: sys_read .. file.read[0m
[90m[TRACE] kernel:pid[1] sys_write[0m
ÿ[90m[TRACE] kernel:pid[1] sys_read[0m
[90m[TRACE] kernel: sys_read .. file.read[0m
[90m[TRACE] kernel:pid[1] sys_write[0m
ÿ[90m[TRACE] kernel:pid[1] sys_read[0m
[90m[TRACE] kernel: sys_read .. file.read[0m
[90m[TRACE] kernel:pid[1] sys_write[0m
ÿ[90m[TRACE] kernel:pid[1] sys_read[0m
[90m[TRACE] kernel: sys_read .. file.read[0m
[90m[TRACE] kernel:pid[1] sys_write[0m
ÿ[90m[TRACE] kernel:pid[1] sys_read[0m
[90m[TRACE] kernel: sys_read .. file.read[0m
[90m[TRACE] kernel:pid[1] sys_write[0m
ÿ[90m[TRACE] kernel:pid[1] sys_read[0m
[90m[TRACE] kernel: sys_read .. file.read[0m
[90m[TRACE] kernel:pid[1] sys_write[0m
ÿ[90m[TRACE] kernel:pid[1] sys_read[0m
[90m[TRACE] kernel: sys_read .. file.read[0m
[90m[TRACE] kernel:pid[1] sys_write[0m
ÿ[90m[TRACE] kernel:pid[1] sys_read[0m
[90m[TRACE] kernel: sys_read .. file.read[0m
[90m[TRACE] kernel:pid[1] sys_write[0m
ÿ[90m[TRACE] kernel:pid[1] sys_read[0m
[90m[TRACE] kernel: sys_read .. file.read[0m
[90m[TRACE] kernel:pid[1] sys_write[0m
ÿ[90m[TRACE] kernel:pid[1] sys_read[0m
[90m[TRACE] kernel: sys_read .. file.read[0m
[90m[TRACE] kernel:pid[1] sys_write[0m
ÿ[90m[TRACE] kernel:pid[1] sys_read[0m
[90m[TRACE] kernel: sys_read .. file.read[0m
[90m[TRACE] kernel:pid[1] sys_write[0m
ÿ[90m[TRACE] kernel:pid[1] sys_read[0m
[90m[TRACE] kernel: sys_read .. file.read[0m
[90m[TRACE] kernel:pid[1] sys_write[0m
ÿ[90m[TRACE] kernel:pid[1] sys_read[0m
[90m[TRACE] kernel: sys_read .. file.read[0m
[90m[TRACE] kernel:pid[1] sys_write[0m
ÿ[90m[TRACE] kernel:pid[1] sys_read[0m
[90m[TRACE] kernel: sys_read .. file.read[0m
[90m[TRACE] kernel:pid[1] sys_write[0m
ÿ[90m[TRACE] kernel:pid[1] sys_read[0m
[90m[TRACE] kernel: sys_read .. file.read[0m
[90m[TRACE] kernel:pid[1] sys_write[0m
ÿ[90m[TRACE] kernel:pid[1] sys_read[0m
[90m[TRACE] kernel: sys_read .. file.read[0m
[90m[TRACE] kernel:pid[1] sys_write[0m
ÿ[90m[TRACE] kernel:pid[1] sys_read[0m
[90m[TRACE] kernel: sys_read .. file.read[0m
[90m[TRACE] kernel:pid[1] sys_write[0m
ÿ[90m[TRACE] kernel:pid[1] sys_read[0m
[90m[TRACE] kernel: sys_read .. file.read[0m
[90m[TRACE] kernel:pid[1] sys_write[0m
ÿ[90m[TRACE] kernel:pid[1] sys_read[0m
[90m[TRACE] kernel: sys_read .. file.read[0m
[90m[TRACE] kernel:pid[1] sys_write[0m
ÿ[90m[TRACE] kernel:pid[1] sys_read[0m
[90m[TRACE] kernel: sys_read .. file.read[0m
[90m[TRACE] kernel:pid[1] sys_write[0m
ÿ[90m[TRACE] kernel:pid[1] sys_read[0m
[90m[TRACE] kernel: sys_read .. file.read[0m
[90m[TRACE] kernel:pid[1] sys_write[0m
ÿ[90m[TRACE] kernel:pid[1] sys_read[0m
[90m[TRACE] kernel: sys_read .. file.read[0m
[90m[TRACE] kernel:pid[1] sys_write[0m
ÿ[90m[TRACE] kernel:pid[1] sys_read[0m
[90m[TRACE] kernel: sys_read .. file.read[0m
[90m[TRACE] kernel:pid[1] sys_write[0m
ÿ[90m[TRACE] kernel:pid[1] sys_read[0m
[90m[TRACE] kernel: sys_read .. file.read[0m
[90m[TRACE] kernel:pid[1] sys_write[0m
ÿ[90m[TRACE] kernel:pid[1] sys_read[0m
[90m[TRACE] kernel: sys_read .. file.read[0m
[90m[TRACE] kernel:pid[1] sys_write[0m
ÿ[90m[TRACE] kernel:pid[1] sys_read[0m
[90m[TRACE] kernel: sys_read .. file.read[0m
[90m[TRACE] kernel:pid[1] sys_write[0m
ÿ[90m[TRACE] kernel:pid[1] sys_read[0m
[90m[TRACE] kernel: sys_read .. file.read[0m
[90m[TRACE] kernel:pid[1] sys_write[0m
ÿ[90m[TRACE] kernel:pid[1] sys_read[0m
[90m[TRACE] kernel: sys_read .. file.read[0m
[90m[TRACE] kernel:pid[1] sys_write[0m
ÿ[90m[TRACE] kernel:pid[1] sys_read[0m
[90m[TRACE] kernel: sys_read .. file.read[0m
[90m[TRACE] kernel:pid[1] sys_write[0m
ÿ[90m[TRACE] kernel:pid[1] sys_read[0m
[90m[TRACE] kernel: sys_read .. file.read[0m
[90m[TRACE] kernel:pid[1] sys_write[0m
ÿ[90m[TRACE] kernel:pid[1] sys_read[0m
[90m[TRACE] kernel: sys_read .. file.read[0m
[90m[TRACE] kernel:pid[1] sys_write[0m
ÿ[90m[TRACE] kernel:pid[1] sys_read[0m
[90m[TRACE] kernel: sys_read .. file.read[0m
[90m[TRACE] kernel:pid[1] sys_write[0m
ÿ[90m[TRACE] kernel:pid[1] sys_read[0m
[90m[TRACE] kernel: sys_read .. file.read[0m
[90m[TRACE] kernel:pid[1] sys_write[0m
ÿ[90m[TRACE] kernel:pid[1] sys_read[0m
[90m[TRACE] kernel: sys_read .. file.read[0m
[90m[TRACE] kernel:pid[1] sys_write[0m
ÿ[90m[TRACE] kernel:pid[1] sys_read[0m
[90m[TRACE] kernel: sys_read .. file.read[0m
[90m[TRACE] kernel:pid[1] sys_write[0m
ÿ[90m[TRACE] kernel:pid[1] sys_read[0m
[90m[TRACE] kernel: sys_read .. file.read[0m
[90m[TRACE] kernel:pid[1] sys_write[0m
ÿ[90m[TRACE] kernel:pid[1] sys_read[0m
[90m[TRACE] kernel: sys_read .. file.read[0m
[90m[TRACE] kernel:pid[1] sys_write[0m
ÿ[90m[TRACE] kernel:pid[1] sys_read[0m
[90m[TRACE] kernel: sys_read .. file.read[0m
[90m[TRACE] kernel:pid[1] sys_write[0m
ÿ[90m[TRACE] kernel:pid[1] sys_read[0m
[90m[TRACE] kernel: sys_read .. file.read[0m
[90m[TRACE] kernel:pid[1] sys_write[0m
ÿ[90m[TRACE] kernel:pid[1] sys_read[0m
[90m[TRACE] kernel: sys_read .. file.read[0m
[90m[TRACE] kernel:pid[1] sys_write[0m
ÿ[90m[TRACE] kernel:pid[1] sys_read[0m
[90m[TRACE] kernel: sys_read .. file.read[0m
[90m[TRACE] kernel:pid[1] sys_write[0m
ÿ[90m[TRACE] kernel:pid[1] sys_read[0m
[90m[TRACE] kernel: sys_read .. file.read[0m
[90m[TRACE] kernel:pid[1] sys_write[0m
ÿ[90m[TRACE] kernel:pid[1] sys_read[0m
[90m[TRACE] kernel: sys_read .. file.read[0m
[90m[TRACE] kernel:pid[1] sys_write[0m
ÿ[90m[TRACE] kernel:pid[1] sys_read[0m
[90m[TRACE] kernel: sys_read .. file.read[0m
[90m[TRACE] kernel:pid[1] sys_write[0m
ÿ[90m[TRACE] kernel:pid[1] sys_read[0m
[90m[TRACE] kernel: sys_read .. file.read[0m
[90m[TRACE] kernel:pid[1] sys_write[0m
ÿ[90m[TRACE] kernel:pid[1] sys_read[0m
[90m[TRACE] kernel: sys_read .. file.read[0m
[90m[TRACE] kernel:pid[1] sys_write[0m
ÿ[90m[TRACE] kernel:pid[1] sys_read[0m
[90m[TRACE] kernel: sys_read .. file.read[0m
[90m[TRACE] kernel:pid[1] sys_write[0m
ÿ[90m[TRACE] kernel:pid[1] sys_read[0m
[90m[TRACE] kernel: sys_read .. file.read[0m
[90m[TRACE] kernel:pid[1] sys_write[0m
ÿ[90m[TRACE] kernel:pid[1] sys_read[0m
[90m[TRACE] kernel: sys_read .. file.read[0m
[90m[TRACE] kernel:pid[1] sys_write[0m
ÿ[90m[TRACE] kernel:pid[1] sys_read[0m
[90m[TRACE] kernel: sys_read .. file.read[0m
[90m[TRACE] kernel:pid[1] sys_write[0m
ÿ[90m[TRACE] kernel:pid[1] sys_read[0m
[90m[TRACE] kernel: sys_read .. file.read[0m
[90m[TRACE] kernel:pid[1] sys_write[0m
ÿ[90m[TRACE] kernel:pid[1] sys_read[0m
[90m[TRACE] kernel: sys_read ..